耗材代码,一级分类,二级分类,三级分类,医保通用名分类,耗材材质,规格（特征、参数）,医保通用名编号,医保通用名,耗材企业
C0101010011303807555,01-非血管介入治疗类材料,01-呼吸介入材料,01-气管支气管支架,001-支架类,13-不锈钢,038-覆膜,001001,气管支气管支架（覆膜）,淮安市西格玛医用实业有限公司,,
C0101010011303810088,01-非血管介入治疗类材料,01-呼吸介入材料,01-气管支气管支架,001-支架类,13-不锈钢,038-覆膜,001001,气管支气管支架（覆膜）,青岛中惠圣熙生物工程有限公司,,
C0101010011401503588,01-非血管介入治疗类材料,01-呼吸介入材料,01-气管支气管支架,001-支架类,14-合金,015-非覆膜,001002,气管支气管支架（非覆膜）,杭州堃博生物科技有限公司,,
C0101010011401504900,01-非血管介入治疗类材料,01-呼吸介入材料,01-气管支气管支架,001-支架类,14-合金,015-非覆膜,001002,气管支气管支架（非覆膜）,常州佳森医疗器械有限公司,,
C0101010011401504937,01-非血管介入治疗类材料,01-呼吸介入材料,01-气管支气管支架,001-支架类,14-合金,015-非覆膜,001002,气管支气管支架（非覆膜）,南微医学科技股份有限公司,,
C0101010011401509820,01-非血管介入治疗类材料,01-呼吸介入材料,01-气管支气管支架,001-支架类,14-合金,015-非覆膜,001002,气管支气管支架（非覆膜）,常州市智业医疗仪器研究所有限公 司,,
C0101010011401510088,01-非血管介入治疗类材料,01-呼吸介入材料,01-气管支气管支架,001-支架类,14-合金,015-非覆膜,001002,气管支气管支架（非覆膜）,青岛中惠圣熙生物工程有限公司,,
C0101010011401511325,01-非血管介入治疗类材料,01-呼吸介入材料,01-气管支气管支架,001-支架类,14-合金,015-非覆膜,001002,气管支气管支架（非覆膜）,波科国际医疗贸易（上海）有限公 司,,
C0101010011403803941,01-非血管介入治疗类材料,01-呼吸介入材料,01-气管支气管支架,001-支架类,14-合金,038-覆膜,001001,气管支气管支架（覆膜）,南京法迈特科技发展有限公司,,
C0101010011403804937,01-非血管介入治疗类材料,01-呼吸介入材料,01-气管支气管支架,001-支架类,14-合金,038-覆膜,001001,气管支气管支架（覆膜）,南微医学科技股份有限公司,,
C0101010011403810088,01-非血管介入治疗类材料,01-呼吸介入材料,01-气管支气管支架,001-支架类,14-合金,038-覆膜,001001,气管支气管支架（覆膜）,青岛中惠圣熙生物工程有限公司,,
C0101010011403811325,01-非血管介入治疗类材料,01-呼吸介入材料,01-气管支气管支架,001-支架类,14-合金,038-覆膜,001001,气管支气管支架（覆膜）,波科国际医疗贸易（上海）有限公 司,,
C0101010011500001530,01-非血管介入治疗类材料,01-呼吸介入材料,01-气管支气管支架,001-支架类,15-聚合物,000--,001002,气管支气管支架（非覆膜）,广州东合伟信医疗科技发展有限公 司,,
C0101020021502102277,01-非血管介入治疗类材料,01-呼吸介入材料,02-气道球囊扩张导管,002-球囊类,15-聚合物,021-单级,002001,气道球囊扩张导管,江苏常美医疗器械有限公司,,
C0101020021502103588,01-非血管介入治疗类材料,01-呼吸介入材料,02-气道球囊扩张导管,002-球囊类,15-聚合物,021-单级,002001,气道球囊扩张导管,杭州堃博生物科技有限公司,,
C0101020021502104740,01-非血管介入治疗类材料,01-呼吸介入材料,02-气道球囊扩张导管,002-球囊类,15-聚合物,021-单级,002001,气道球囊扩张导管,河南驼人贝斯特医疗器械有限公司,,
C0101020021502104937,01-非血管介入治疗类材料,01-呼吸介入材料,02-气道球囊扩张导管,002-球囊类,15-聚合物,021-单级,002001,气道球囊扩张导管,南微医学科技股份有限公司,,
C0101020021502107834,01-非血管介入治疗类材料,01-呼吸介入材料,02-气道球囊扩张导管,002-球囊类,15-聚合物,021-单级,002001,气道球囊扩张导管,奥林巴斯贸易（上海）有限公司,,
C0101020021502109895,01-非血管介入治疗类材料,01-呼吸介入材料,02-气道球囊扩张导管,002-球囊类,15-聚合物,021-单级,002001,气道球囊扩张导管,广东富江医学科技有限公司,,
C0101020021502110872,01-非血管介入治疗类材料,01-呼吸介入材料,02-气道球囊扩张导管,002-球囊类,15-聚合物,021-单级,002001,气道球囊扩张导管,上海英诺伟医疗器械股份有限公司,,
C0101020021502111323,01-非血管介入治疗类材料,01-呼吸介入材料,02-气道球囊扩张导管,002-球囊类,15-聚合物,021-单级,002001,气道球囊扩张导管,常州市久虹医疗器械有限公司,,
C0101020021502112308,01-非血管介入治疗类材料,01-呼吸介入材料,02-气道球囊扩张导管,002-球囊类,15-聚合物,021-单级,002001,气道球囊扩张导管,江苏格里特医疗科技有限公司,,
C0101020021502112509,01-非血管介入治疗类材料,01-呼吸介入材料,02-气道球囊扩张导管,002-球囊类,15-聚合物,021-单级,002001,气道球囊扩张导管,兰州慈力医疗器械有限公司,,
C0101020021502119723,01-非血管介入治疗类材料,01-呼吸介入材料,02-气道球囊扩张导管,002-球囊类,15-聚合物,021-单级,002001,气道球囊扩张导管,安徽百诺佳医疗科技有限公司,,
C0101020021502202277,01-非血管介入治疗类材料,01-呼吸介入材料,02-气道球囊扩张导管,002-球囊类,15-聚合物,022-多级,002001,气道球囊扩张导管,江苏常美医疗器械有限公司,,
C0101020021502203852,01-非血管介入治疗类材料,01-呼吸介入材料,02-气道球囊扩张导管,002-球囊类,15-聚合物,022-多级,002001,气道球囊扩张导管,宁波胜杰康生物科技有限公司,,
C0101020021502204937,01-非血管介入治疗类材料,01-呼吸介入材料,02-气道球囊扩张导管,002-球囊类,15-聚合物,022-多级,002001,气道球囊扩张导管,南微医学科技股份有限公司,,
C0101020021502208752,01-非血管介入治疗类材料,01-呼吸介入材料,02-气道球囊扩张导管,002-球囊类,15-聚合物,022-多级,002001,气道球囊扩张导管,常州乐奥医疗科技股份有限公司,,
C0101020021502210872,01-非血管介入治疗类材料,01-呼吸介入材料,02-气道球囊扩张导管,002-球囊类,15-聚合物,022-多级,002001,气道球囊扩张导管,上海英诺伟医疗器械股份有限公司,,
C0101020021502211325,01-非血管介入治疗类材料,01-呼吸介入材料,02-气道球囊扩张导管,002-球囊类,15-聚合物,022-多级,002001,气道球囊扩张导管,波科国际医疗贸易（上海）有限公 司,,
C0101020021502211889,01-非血管介入治疗类材料,01-呼吸介入材料,02-气道球囊扩张导管,002-球囊类,15-聚合物,022-多级,002001,气道球囊扩张导管,苏州市倍咏医疗科技有限公司,,
C0101020021502212518,01-非血管介入治疗类材料,01-呼吸介入材料,02-气道球囊扩张导管,002-球囊类,15-聚合物,022-多级,002001,气道球囊扩张导管,苏州市美新迪斯医疗科技有限公司,,
C0101020021502214554,01-非血管介入治疗类材料,01-呼吸介入材料,02-气道球囊扩张导管,002-球囊类,15-聚合物,022-多级,002001,气道球囊扩张导管,深圳市美好创亿医疗科技股份有限 公司,,
C0101020021502218717,01-非血管介入治疗类材料,01-呼吸介入材料,02-气道球囊扩张导管,002-球囊类,15-聚合物,022-多级,002001,气道球囊扩张导管,东莞天天向上医疗科技有限公司,,
C0101020021502221285,01-非血管介入治疗类材料,01-呼吸介入材料,02-气道球囊扩张导管,002-球囊类,15-聚合物,022-多级,002001,气道球囊扩张导管,金傅（北京）医疗科技有限公司,,
C0102010021502311323,01-非血管介入治疗类材料,02-消化介入材料,01-贲门球囊扩张导管,002-球囊类,15-聚合物,023-单级/带导丝,002002,贲门球囊扩张导管,常州市久虹医疗器械有限公司,,
C0102010021502311325,01-非血管介入治疗类材料,02-消化介入材料,01-贲门球囊扩张导管,002-球囊类,15-聚合物,023-单级/带导丝,002002,贲门球囊扩张导管,波科国际医疗贸易（上海）有限公 司,,
C0102010021502400841,01-非血管介入治疗类材料,02-消化介入材料,01-贲门球囊扩张导管,002-球囊类,15-聚合物,024-单级/不带导丝,002002,贲门球囊扩张导管,苏州法兰克曼医疗器械有限公司,,
C0102010021502402277,01-非血管介入治疗类材料,02-消化介入材料,01-贲门球囊扩张导管,002-球囊类,15-聚合物,024-单级/不带导丝,002002,贲门球囊扩张导管,江苏常美医疗器械有限公司,,
C0102010021502403089,01-非血管介入治疗类材料,02-消化介入材料,01-贲门球囊扩张导管,002-球囊类,15-聚合物,024-单级/不带导丝,002002,贲门球囊扩张导管,库克（中国）医疗贸易有限公司,,
C0102010021502404937,01-非血管介入治疗类材料,02-消化介入材料,01-贲门球囊扩张导管,002-球囊类,15-聚合物,024-单级/不带导丝,002002,贲门球囊扩张导管,南微医学科技股份有限公司,,
C0102010021502408041,01-非血管介入治疗类材料,02-消化介入材料,01-贲门球囊扩张导管,002-球囊类,15-聚合物,024-单级/不带导丝,002002,贲门球囊扩张导管,江苏唯德康医疗科技有限公司,,
C0102010021502408752,01-非血管介入治疗类材料,02-消化介入材料,01-贲门球囊扩张导管,002-球囊类,15-聚合物,024-单级/不带导丝,002002,贲门球囊扩张导管,常州乐奥医疗科技股份有限公司,,
C0102010021502410414,01-非血管介入治疗类材料,02-消化介入材料,01-贲门球囊扩张导管,002-球囊类,15-聚合物,024-单级/不带导丝,002002,贲门球囊扩张导管,苏州达美医疗科技有限公司,,
C0102010021502411323,01-非血管介入治疗类材料,02-消化介入材料,01-贲门球囊扩张导管,002-球囊类,15-聚合物,024-单级/不带导丝,002002,贲门球囊扩张导管,常州市久虹医疗器械有限公司,,
C0102010021502412308,01-非血管介入治疗类材料,02-消化介入材料,01-贲门球囊扩张导管,002-球囊类,15-聚合物,024-单级/不带导丝,002002,贲门球囊扩张导管,江苏格里特医疗科技有限公司,,
C0102010021502413213,01-非血管介入治疗类材料,02-消化介入材料,01-贲门球囊扩张导管,002-球囊类,15-聚合物,024-单级/不带导丝,002002,贲门球囊扩张导管,宁波新跃医疗科技股份有限公司,,
C0102010021502414494,01-非血管介入治疗类材料,02-消化介入材料,01-贲门球囊扩张导管,002-球囊类,15-聚合物,024-单级/不带导丝,002002,贲门球囊扩张导管,美迪云（广东）科技有限公司,,
C0102010021502419374,01-非血管介入治疗类材料,02-消化介入材料,01-贲门球囊扩张导管,002-球囊类,15-聚合物,024-单级/不带导丝,002002,贲门球囊扩张导管,江苏真由美生物科技有限公司,,
C0102010021502508041,01-非血管介入治疗类材料,02-消化介入材料,01-贲门球囊扩张导管,002-球囊类,15-聚合物,025-多级/带导丝,002002,贲门球囊扩张导管,江苏唯德康医疗科技有限公司,,
C0102010021502519601,01-非血管介入治疗类材料,02-消化介入材料,01-贲门球囊扩张导管,002-球囊类,15-聚合物,025-多级/带导丝,002002,贲门球囊扩张导管,湖南唯德康医疗科技有限公司,,
C0102010021502608752,01-非血管介入治疗类材料,02-消化介入材料,01-贲门球囊扩张导管,002-球囊类,15-聚合物,026-多级/不带导丝,002002,贲门球囊扩张导管,常州乐奥医疗科技股份有限公司,,
C0102010021502613213,01-非血管介入治疗类材料,02-消化介入材料,01-贲门球囊扩张导管,002-球囊类,15-聚合物,026-多级/不带导丝,002002,贲门球囊扩张导管,宁波新跃医疗科技股份有限公司,,
C0102020021502302573,01-非血管介入治疗类材料,02-消化介入材料,02-食道球囊扩张导管,002-球囊类,15-聚合物,023-单级/带导丝,002003,食道球囊扩张导管,普瑞斯星（常州）医疗器械有限公 司,,
C0102020021502309820,01-非血管介入治疗类材料,02-消化介入材料,02-食道球囊扩张导管,002-球囊类,15-聚合物,023-单级/带导丝,002003,食道球囊扩张导管,常州市智业医疗仪器研究所有限公 司,,
C0102020021502311323,01-非血管介入治疗类材料,02-消化介入材料,02-食道球囊扩张导管,002-球囊类,15-聚合物,023-单级/带导丝,002003,食道球囊扩张导管,常州市久虹医疗器械有限公司,,
C0102020021502400841,01-非血管介入治疗类材料,02-消化介入材料,02-食道球囊扩张导管,002-球囊类,15-聚合物,024-单级/不带导丝,002003,食道球囊扩张导管,苏州法兰克曼医疗器械有限公司,,
C0102020021502401105,01-非血管介入治疗类材料,02-消化介入材料,02-食道球囊扩张导管,002-球囊类,15-聚合物,024-单级/不带导丝,002003,食道球囊扩张导管,常州贺利氏微创医疗器械有限公司,,
C0102020021502402277,01-非血管介入治疗类材料,02-消化介入材料,02-食道球囊扩张导管,002-球囊类,15-聚合物,024-单级/不带导丝,002003,食道球囊扩张导管,江苏常美医疗器械有限公司,,
C0102020021502403089,01-非血管介入治疗类材料,02-消化介入材料,02-食道球囊扩张导管,002-球囊类,15-聚合物,024-单级/不带导丝,002003,食道球囊扩张导管,库克（中国）医疗贸易有限公司,,
C0102020021502404740,01-非血管介入治疗类材料,02-消化介入材料,02-食道球囊扩张导管,002-球囊类,15-聚合物,024-单级/不带导丝,002003,食道球囊扩张导管,河南驼人贝斯特医疗器械有限公司,,
C0102020021502404937,01-非血管介入治疗类材料,02-消化介入材料,02-食道球囊扩张导管,002-球囊类,15-聚合物,024-单级/不带导丝,002003,食道球囊扩张导管,南微医学科技股份有限公司,,
C0102020021502407120,01-非血管介入治疗类材料,02-消化介入材料,02-食道球囊扩张导管,002-球囊类,15-聚合物,024-单级/不带导丝,002003,食道球囊扩张导管,浙江微度医疗器械有限公司,,
C0102020021502408041,01-非血管介入治疗类材料,02-消化介入材料,02-食道球囊扩张导管,002-球囊类,15-聚合物,024-单级/不带导丝,002003,食道球囊扩张导管,江苏唯德康医疗科技有限公司,,
C0102020021502408752,01-非血管介入治疗类材料,02-消化介入材料,02-食道球囊扩张导管,002-球囊类,15-聚合物,024-单级/不带导丝,002003,食道球囊扩张导管,常州乐奥医疗科技股份有限公司,,
C0102020021502409820,01-非血管介入治疗类材料,02-消化介入材料,02-食道球囊扩张导管,002-球囊类,15-聚合物,024-单级/不带导丝,002003,食道球囊扩张导管,常州市智业医疗仪器研究所有限公 司,,
C0102020021502409895,01-非血管介入治疗类材料,02-消化介入材料,02-食道球囊扩张导管,002-球囊类,15-聚合物,024-单级/不带导丝,002003,食道球囊扩张导管,广东富江医学科技有限公司,,
C0102020021502410351,01-非血管介入治疗类材料,02-消化介入材料,02-食道球囊扩张导管,002-球囊类,15-聚合物,024-单级/不带导丝,002003,食道球囊扩张导管,上海辛菖医疗器械有限公司,,
C0102020021502410414,01-非血管介入治疗类材料,02-消化介入材料,02-食道球囊扩张导管,002-球囊类,15-聚合物,024-单级/不带导丝,002003,食道球囊扩张导管,苏州达美医疗科技有限公司,,
C0102020021502411323,01-非血管介入治疗类材料,02-消化介入材料,02-食道球囊扩张导管,002-球囊类,15-聚合物,024-单级/不带导丝,002003,食道球囊扩张导管,常州市久虹医疗器械有限公司,,
C0102020021502411889,01-非血管介入治疗类材料,02-消化介入材料,02-食道球囊扩张导管,002-球囊类,15-聚合物,024-单级/不带导丝,002003,食道球囊扩张导管,苏州市倍咏医疗科技有限公司,,
C0102020021502412037,01-非血管介入治疗类材料,02-消化介入材料,02-食道球囊扩张导管,002-球囊类,15-聚合物,024-单级/不带导丝,002003,食道球囊扩张导管,浙江医高医疗科技有限公司,,
C0102020021502412308,01-非血管介入治疗类材料,02-消化介入材料,02-食道球囊扩张导管,002-球囊类,15-聚合物,024-单级/不带导丝,002003,食道球囊扩张导管,江苏格里特医疗科技有限公司,,
C0102020021502412509,01-非血管介入治疗类材料,02-消化介入材料,02-食道球囊扩张导管,002-球囊类,15-聚合物,024-单级/不带导丝,002003,食道球囊扩张导管,兰州慈力医疗器械有限公司,,
C0102020021502413213,01-非血管介入治疗类材料,02-消化介入材料,02-食道球囊扩张导管,002-球囊类,15-聚合物,024-单级/不带导丝,002003,食道球囊扩张导管,宁波新跃医疗科技股份有限公司,,
C0102020021502414597,01-非血管介入治疗类材料,02-消化介入材料,02-食道球囊扩张导管,002-球囊类,15-聚合物,024-单级/不带导丝,002003,食道球囊扩张导管,南京金石医疗科技有限公司,,
C0102020021502418921,01-非血管介入治疗类材料,02-消化介入材料,02-食道球囊扩张导管,002-球囊类,15-聚合物,024-单级/不带导丝,002003,食道球囊扩张导管,苏州西脉红枫生物科技有限公司,,
C0102020021502419374,01-非血管介入治疗类材料,02-消化介入材料,02-食道球囊扩张导管,002-球囊类,15-聚合物,024-单级/不带导丝,002003,食道球囊扩张导管,江苏真由美生物科技有限公司,,
C0102020021502419723,01-非血管介入治疗类材料,02-消化介入材料,02-食道球囊扩张导管,002-球囊类,15-聚合物,024-单级/不带导丝,002003,食道球囊扩张导管,安徽百诺佳医疗科技有限公司,,
C0102020021502500841,01-非血管介入治疗类材料,02-消化介入材料,02-食道球囊扩张导管,002-球囊类,15-聚合物,025-多级/带导丝,002003,食道球囊扩张导管,苏州法兰克曼医疗器械有限公司,,
C0102020021502504937,01-非血管介入治疗类材料,02-消化介入材料,02-食道球囊扩张导管,002-球囊类,15-聚合物,025-多级/带导丝,002003,食道球囊扩张导管,南微医学科技股份有限公司,,
C0102020021502506087,01-非血管介入治疗类材料,02-消化介入材料,02-食道球囊扩张导管,002-球囊类,15-聚合物,025-多级/带导丝,002003,食道球囊扩张导管,安瑞医疗器械（杭州）有限公司,,
C0102020021502508041,01-非血管介入治疗类材料,02-消化介入材料,02-食道球囊扩张导管,002-球囊类,15-聚合物,025-多级/带导丝,002003,食道球囊扩张导管,江苏唯德康医疗科技有限公司,,
C0102020021502509895,01-非血管介入治疗类材料,02-消化介入材料,02-食道球囊扩张导管,002-球囊类,15-聚合物,025-多级/带导丝,002003,食道球囊扩张导管,广东富江医学科技有限公司,,
C0102020021502511325,01-非血管介入治疗类材料,02-消化介入材料,02-食道球囊扩张导管,002-球囊类,15-聚合物,025-多级/带导丝,002003,食道球囊扩张导管,波科国际医疗贸易（上海）有限公 司,,
C0102020021502512518,01-非血管介入治疗类材料,02-消化介入材料,02-食道球囊扩张导管,002-球囊类,15-聚合物,025-多级/带导丝,002003,食道球囊扩张导管,苏州市美新迪斯医疗科技有限公司,,
C0102020021502518717,01-非血管介入治疗类材料,02-消化介入材料,02-食道球囊扩张导管,002-球囊类,15-聚合物,025-多级/带导丝,002003,食道球囊扩张导管,东莞天天向上医疗科技有限公司,,
C0102020021502519601,01-非血管介入治疗类材料,02-消化介入材料,02-食道球囊扩张导管,002-球囊类,15-聚合物,025-多级/带导丝,002003,食道球囊扩张导管,湖南唯德康医疗科技有限公司,,
C0102020021502600841,01-非血管介入治疗类材料,02-消化介入材料,02-食道球囊扩张导管,002-球囊类,15-聚合物,026-多级/不带导丝,002003,食道球囊扩张导管,苏州法兰克曼医疗器械有限公司,,
C0102020021502602277,01-非血管介入治疗类材料,02-消化介入材料,02-食道球囊扩张导管,002-球囊类,15-聚合物,026-多级/不带导丝,002003,食道球囊扩张导管,江苏常美医疗器械有限公司,,
C0102020021502603089,01-非血管介入治疗类材料,02-消化介入材料,02-食道球囊扩张导管,002-球囊类,15-聚合物,026-多级/不带导丝,002003,食道球囊扩张导管,库克（中国）医疗贸易有限公司,,
C0102020021502603607,01-非血管介入治疗类材料,02-消化介入材料,02-食道球囊扩张导管,002-球囊类,15-聚合物,026-多级/不带导丝,002003,食道球囊扩张导管,浙江创想医学科技有限公司,,
C0102020021502603852,01-非血管介入治疗类材料,02-消化介入材料,02-食道球囊扩张导管,002-球囊类,15-聚合物,026-多级/不带导丝,002003,食道球囊扩张导管,宁波胜杰康生物科技有限公司,,
C0102020021502604937,01-非血管介入治疗类材料,02-消化介入材料,02-食道球囊扩张导管,002-球囊类,15-聚合物,026-多级/不带导丝,002003,食道球囊扩张导管,南微医学科技股份有限公司,,
C0102020021502606087,01-非血管介入治疗类材料,02-消化介入材料,02-食道球囊扩张导管,002-球囊类,15-聚合物,026-多级/不带导丝,002003,食道球囊扩张导管,安瑞医疗器械（杭州）有限公司,,
C0102020021502608752,01-非血管介入治疗类材料,02-消化介入材料,02-食道球囊扩张导管,002-球囊类,15-聚合物,026-多级/不带导丝,002003,食道球囊扩张导管,常州乐奥医疗科技股份有限公司,,
C0102020021502610351,01-非血管介入治疗类材料,02-消化介入材料,02-食道球囊扩张导管,002-球囊类,15-聚合物,026-多级/不带导丝,002003,食道球囊扩张导管,上海辛菖医疗器械有限公司,,
C0102020021502611325,01-非血管介入治疗类材料,02-消化介入材料,02-食道球囊扩张导管,002-球囊类,15-聚合物,026-多级/不带导丝,002003,食道球囊扩张导管,波科国际医疗贸易（上海）有限公 司,,
C0102020021502611889,01-非血管介入治疗类材料,02-消化介入材料,02-食道球囊扩张导管,002-球囊类,15-聚合物,026-多级/不带导丝,002003,食道球囊扩张导管,苏州市倍咏医疗科技有限公司,,
C0102020021502612037,01-非血管介入治疗类材料,02-消化介入材料,02-食道球囊扩张导管,002-球囊类,15-聚合物,026-多级/不带导丝,002003,食道球囊扩张导管,浙江医高医疗科技有限公司,,
C0102020021502613213,01-非血管介入治疗类材料,02-消化介入材料,02-食道球囊扩张导管,002-球囊类,15-聚合物,026-多级/不带导丝,002003,食道球囊扩张导管,宁波新跃医疗科技股份有限公司,,
C0102020021502616389,01-非血管介入治疗类材料,02-消化介入材料,02-食道球囊扩张导管,002-球囊类,15-聚合物,026-多级/不带导丝,002003,食道球囊扩张导管,黑龙江精确医疗科技有限公司,,
C0102020021502618717,01-非血管介入治疗类材料,02-消化介入材料,02-食道球囊扩张导管,002-球囊类,15-聚合物,026-多级/不带导丝,002003,食道球囊扩张导管,东莞天天向上医疗科技有限公司,,
C0102020021502619723,01-非血管介入治疗类材料,02-消化介入材料,02-食道球囊扩张导管,002-球囊类,15-聚合物,026-多级/不带导丝,002003,食道球囊扩张导管,安徽百诺佳医疗科技有限公司,,
C0102030021502311323,01-非血管介入治疗类材料,02-消化介入材料,03-肠道球囊扩张导管,002-球囊类,15-聚合物,023-单级/带导丝,002004,肠道球囊扩张导管,常州市久虹医疗器械有限公司,,
C0102030021502314889,01-非血管介入治疗类材料,02-消化介入材料,03-肠道球囊扩张导管,002-球囊类,15-聚合物,023-单级/带导丝,002004,肠道球囊扩张导管,天津搏飞科技发展有限公司,,
C0102030021502400350,01-非血管介入治疗类材料,02-消化介入材料,03-肠道球囊扩张导管,002-球囊类,15-聚合物,024-单级/不带导丝,002004,肠道球囊扩张导管,江西奇仁生物科技有限责任公司,,
C0102030021502400841,01-非血管介入治疗类材料,02-消化介入材料,03-肠道球囊扩张导管,002-球囊类,15-聚合物,024-单级/不带导丝,002004,肠道球囊扩张导管,苏州法兰克曼医疗器械有限公司,,
C0102030021502402277,01-非血管介入治疗类材料,02-消化介入材料,03-肠道球囊扩张导管,002-球囊类,15-聚合物,024-单级/不带导丝,002004,肠道球囊扩张导管,江苏常美医疗器械有限公司,,
C0102030021502403030,01-非血管介入治疗类材料,02-消化介入材料,03-肠道球囊扩张导管,002-球囊类,15-聚合物,024-单级/不带导丝,002004,肠道球囊扩张导管,山东贝诺斯医疗器械有限公司,,
C0102030021502403089,01-非血管介入治疗类材料,02-消化介入材料,03-肠道球囊扩张导管,002-球囊类,15-聚合物,024-单级/不带导丝,002004,肠道球囊扩张导管,库克（中国）医疗贸易有限公司,,
C0102030021502404740,01-非血管介入治疗类材料,02-消化介入材料,03-肠道球囊扩张导管,002-球囊类,15-聚合物,024-单级/不带导丝,002004,肠道球囊扩张导管,河南驼人贝斯特医疗器械有限公司,,
C0102030021502404937,01-非血管介入治疗类材料,02-消化介入材料,03-肠道球囊扩张导管,002-球囊类,15-聚合物,024-单级/不带导丝,002004,肠道球囊扩张导管,南微医学科技股份有限公司,,
C0102030021502406087,01-非血管介入治疗类材料,02-消化介入材料,03-肠道球囊扩张导管,002-球囊类,15-聚合物,024-单级/不带导丝,002004,肠道球囊扩张导管,安瑞医疗器械（杭州）有限公司,,
C0102030021502407044,01-非血管介入治疗类材料,02-消化介入材料,03-肠道球囊扩张导管,002-球囊类,15-聚合物,024-单级/不带导丝,002004,肠道球囊扩张导管,江西天淳医用制品有限公司,,
C0102030021502407120,01-非血管介入治疗类材料,02-消化介入材料,03-肠道球囊扩张导管,002-球囊类,15-聚合物,024-单级/不带导丝,002004,肠道球囊扩张导管,浙江微度医疗器械有限公司,,
C0102030021502408041,01-非血管介入治疗类材料,02-消化介入材料,03-肠道球囊扩张导管,002-球囊类,15-聚合物,024-单级/不带导丝,002004,肠道球囊扩张导管,江苏唯德康医疗科技有限公司,,
C0102030021502408752,01-非血管介入治疗类材料,02-消化介入材料,03-肠道球囊扩张导管,002-球囊类,15-聚合物,024-单级/不带导丝,002004,肠道球囊扩张导管,常州乐奥医疗科技股份有限公司,,
C0102030021502409222,01-非血管介入治疗类材料,02-消化介入材料,03-肠道球囊扩张导管,002-球囊类,15-聚合物,024-单级/不带导丝,002004,肠道球囊扩张导管,上海瑛泰医疗器械股份有限公司,,
C0102030021502410351,01-非血管介入治疗类材料,02-消化介入材料,03-肠道球囊扩张导管,002-球囊类,15-聚合物,024-单级/不带导丝,002004,肠道球囊扩张导管,上海辛菖医疗器械有限公司,,
C0102030021502410495,01-非血管介入治疗类材料,02-消化介入材料,03-肠道球囊扩张导管,002-球囊类,15-聚合物,024-单级/不带导丝,002004,肠道球囊扩张导管,深圳市益心达医学新技术有限公司,,
C0102030021502411081,01-非血管介入治疗类材料,02-消化介入材料,03-肠道球囊扩张导管,002-球囊类,15-聚合物,024-单级/不带导丝,002004,肠道球囊扩张导管,荆州市益海科技有限公司,,
C0102030021502411323,01-非血管介入治疗类材料,02-消化介入材料,03-肠道球囊扩张导管,002-球囊类,15-聚合物,024-单级/不带导丝,002004,肠道球囊扩张导管,常州市久虹医疗器械有限公司,,
C0102030021502412037,01-非血管介入治疗类材料,02-消化介入材料,03-肠道球囊扩张导管,002-球囊类,15-聚合物,024-单级/不带导丝,002004,肠道球囊扩张导管,浙江医高医疗科技有限公司,,
C0102030021502412308,01-非血管介入治疗类材料,02-消化介入材料,03-肠道球囊扩张导管,002-球囊类,15-聚合物,024-单级/不带导丝,002004,肠道球囊扩张导管,江苏格里特医疗科技有限公司,,
C0102030021502412509,01-非血管介入治疗类材料,02-消化介入材料,03-肠道球囊扩张导管,002-球囊类,15-聚合物,024-单级/不带导丝,002004,肠道球囊扩张导管,兰州慈力医疗器械有限公司,,
C0102030021502413213,01-非血管介入治疗类材料,02-消化介入材料,03-肠道球囊扩张导管,002-球囊类,15-聚合物,024-单级/不带导丝,002004,肠道球囊扩张导管,宁波新跃医疗科技股份有限公司,,
C0102030021502414597,01-非血管介入治疗类材料,02-消化介入材料,03-肠道球囊扩张导管,002-球囊类,15-聚合物,024-单级/不带导丝,002004,肠道球囊扩张导管,南京金石医疗科技有限公司,,
C0102030021502416045,01-非血管介入治疗类材料,02-消化介入材料,03-肠道球囊扩张导管,002-球囊类,15-聚合物,024-单级/不带导丝,002004,肠道球囊扩张导管,江西鼎佑医疗科技有限公司,,
C0102030021502418223,01-非血管介入治疗类材料,02-消化介入材料,03-肠道球囊扩张导管,002-球囊类,15-聚合物,024-单级/不带导丝,002004,肠道球囊扩张导管,山东颐诺医疗科技有限公司,,
C0102030021502418921,01-非血管介入治疗类材料,02-消化介入材料,03-肠道球囊扩张导管,002-球囊类,15-聚合物,024-单级/不带导丝,002004,肠道球囊扩张导管,苏州西脉红枫生物科技有限公司,,
C0102030021502419374,01-非血管介入治疗类材料,02-消化介入材料,03-肠道球囊扩张导管,002-球囊类,15-聚合物,024-单级/不带导丝,002004,肠道球囊扩张导管,江苏真由美生物科技有限公司,,
C0102030021502500841,01-非血管介入治疗类材料,02-消化介入材料,03-肠道球囊扩张导管,002-球囊类,15-聚合物,025-多级/带导丝,002004,肠道球囊扩张导管,苏州法兰克曼医疗器械有限公司,,
C0102030021502503089,01-非血管介入治疗类材料,02-消化介入材料,03-肠道球囊扩张导管,002-球囊类,15-聚合物,025-多级/带导丝,002004,肠道球囊扩张导管,库克（中国）医疗贸易有限公司,,
C0102030021502506087,01-非血管介入治疗类材料,02-消化介入材料,03-肠道球囊扩张导管,002-球囊类,15-聚合物,025-多级/带导丝,002004,肠道球囊扩张导管,安瑞医疗器械（杭州）有限公司,,
C0102030021502508041,01-非血管介入治疗类材料,02-消化介入材料,03-肠道球囊扩张导管,002-球囊类,15-聚合物,025-多级/带导丝,002004,肠道球囊扩张导管,江苏唯德康医疗科技有限公司,,
C0102030021502512518,01-非血管介入治疗类材料,02-消化介入材料,03-肠道球囊扩张导管,002-球囊类,15-聚合物,025-多级/带导丝,002004,肠道球囊扩张导管,苏州市美新迪斯医疗科技有限公司,,
C0102030021502514889,01-非血管介入治疗类材料,02-消化介入材料,03-肠道球囊扩张导管,002-球囊类,15-聚合物,025-多级/带导丝,002004,肠道球囊扩张导管,天津搏飞科技发展有限公司,,
C0102030021502518717,01-非血管介入治疗类材料,02-消化介入材料,03-肠道球囊扩张导管,002-球囊类,15-聚合物,025-多级/带导丝,002004,肠道球囊扩张导管,东莞天天向上医疗科技有限公司,,
C0102030021502519601,01-非血管介入治疗类材料,02-消化介入材料,03-肠道球囊扩张导管,002-球囊类,15-聚合物,025-多级/带导丝,002004,肠道球囊扩张导管,湖南唯德康医疗科技有限公司,,
C0102030021502600841,01-非血管介入治疗类材料,02-消化介入材料,03-肠道球囊扩张导管,002-球囊类,15-聚合物,026-多级/不带导丝,002004,肠道球囊扩张导管,苏州法兰克曼医疗器械有限公司,,
C0102030021502602277,01-非血管介入治疗类材料,02-消化介入材料,03-肠道球囊扩张导管,002-球囊类,15-聚合物,026-多级/不带导丝,002004,肠道球囊扩张导管,江苏常美医疗器械有限公司,,
C0102030021502604937,01-非血管介入治疗类材料,02-消化介入材料,03-肠道球囊扩张导管,002-球囊类,15-聚合物,026-多级/不带导丝,002004,肠道球囊扩张导管,南微医学科技股份有限公司,,
C0102030021502606087,01-非血管介入治疗类材料,02-消化介入材料,03-肠道球囊扩张导管,002-球囊类,15-聚合物,026-多级/不带导丝,002004,肠道球囊扩张导管,安瑞医疗器械（杭州）有限公司,,
C0102030021502608752,01-非血管介入治疗类材料,02-消化介入材料,03-肠道球囊扩张导管,002-球囊类,15-聚合物,026-多级/不带导丝,002004,肠道球囊扩张导管,常州乐奥医疗科技股份有限公司,,
C0102030021502609895,01-非血管介入治疗类材料,02-消化介入材料,03-肠道球囊扩张导管,002-球囊类,15-聚合物,026-多级/不带导丝,002004,肠道球囊扩张导管,广东富江医学科技有限公司,,
C0102030021502612037,01-非血管介入治疗类材料,02-消化介入材料,03-肠道球囊扩张导管,002-球囊类,15-聚合物,026-多级/不带导丝,002004,肠道球囊扩张导管,浙江医高医疗科技有限公司,,
C0102030021502613213,01-非血管介入治疗类材料,02-消化介入材料,03-肠道球囊扩张导管,002-球囊类,15-聚合物,026-多级/不带导丝,002004,肠道球囊扩张导管,宁波新跃医疗科技股份有限公司,,
C0102030021502614889,01-非血管介入治疗类材料,02-消化介入材料,03-肠道球囊扩张导管,002-球囊类,15-聚合物,026-多级/不带导丝,002004,肠道球囊扩张导管,天津搏飞科技发展有限公司,,
C0102030021502618717,01-非血管介入治疗类材料,02-消化介入材料,03-肠道球囊扩张导管,002-球囊类,15-聚合物,026-多级/不带导丝,002004,肠道球囊扩张导管,东莞天天向上医疗科技有限公司,,
C0102040021502800841,01-非血管介入治疗类材料,02-消化介入材料,04-胆胰球囊扩张导管,002-球囊类,15-聚合物,028-单级/非切割,002005,胆胰球囊扩张导管,苏州法兰克曼医疗器械有限公司,,
C0102040021502801105,01-非血管介入治疗类材料,02-消化介入材料,04-胆胰球囊扩张导管,002-球囊类,15-聚合物,028-单级/非切割,002005,胆胰球囊扩张导管,常州贺利氏微创医疗器械有限公司,,
C0102040021502802277,01-非血管介入治疗类材料,02-消化介入材料,04-胆胰球囊扩张导管,002-球囊类,15-聚合物,028-单级/非切割,002005,胆胰球囊扩张导管,江苏常美医疗器械有限公司,,
C0102040021502803089,01-非血管介入治疗类材料,02-消化介入材料,04-胆胰球囊扩张导管,002-球囊类,15-聚合物,028-单级/非切割,002005,胆胰球囊扩张导管,库克（中国）医疗贸易有限公司,,
C0102040021502803607,01-非血管介入治疗类材料,02-消化介入材料,04-胆胰球囊扩张导管,002-球囊类,15-聚合物,028-单级/非切割,002005,胆胰球囊扩张导管,浙江创想医学科技有限公司,,
C0102040021502804937,01-非血管介入治疗类材料,02-消化介入材料,04-胆胰球囊扩张导管,002-球囊类,15-聚合物,028-单级/非切割,002005,胆胰球囊扩张导管,南微医学科技股份有限公司,,
C0102040021502806087,01-非血管介入治疗类材料,02-消化介入材料,04-胆胰球囊扩张导管,002-球囊类,15-聚合物,028-单级/非切割,002005,胆胰球囊扩张导管,安瑞医疗器械（杭州）有限公司,,
C0102040021502807120,01-非血管介入治疗类材料,02-消化介入材料,04-胆胰球囊扩张导管,002-球囊类,15-聚合物,028-单级/非切割,002005,胆胰球囊扩张导管,浙江微度医疗器械有限公司,,
C0102040021502808041,01-非血管介入治疗类材料,02-消化介入材料,04-胆胰球囊扩张导管,002-球囊类,15-聚合物,028-单级/非切割,002005,胆胰球囊扩张导管,江苏唯德康医疗科技有限公司,,
C0102040021502808752,01-非血管介入治疗类材料,02-消化介入材料,04-胆胰球囊扩张导管,002-球囊类,15-聚合物,028-单级/非切割,002005,胆胰球囊扩张导管,常州乐奥医疗科技股份有限公司,,
C0102040021502810351,01-非血管介入治疗类材料,02-消化介入材料,04-胆胰球囊扩张导管,002-球囊类,15-聚合物,028-单级/非切割,002005,胆胰球囊扩张导管,上海辛菖医疗器械有限公司,,
C0102040021502810414,01-非血管介入治疗类材料,02-消化介入材料,04-胆胰球囊扩张导管,002-球囊类,15-聚合物,028-单级/非切割,002005,胆胰球囊扩张导管,苏州达美医疗科技有限公司,,
C0102040021502810872,01-非血管介入治疗类材料,02-消化介入材料,04-胆胰球囊扩张导管,002-球囊类,15-聚合物,028-单级/非切割,002005,胆胰球囊扩张导管,上海英诺伟医疗器械股份有限公司,,
C0102040021502811323,01-非血管介入治疗类材料,02-消化介入材料,04-胆胰球囊扩张导管,002-球囊类,15-聚合物,028-单级/非切割,002005,胆胰球囊扩张导管,常州市久虹医疗器械有限公司,,
C0102040021502812308,01-非血管介入治疗类材料,02-消化介入材料,04-胆胰球囊扩张导管,002-球囊类,15-聚合物,028-单级/非切割,002005,胆胰球囊扩张导管,江苏格里特医疗科技有限公司,,
C0102040021502813213,01-非血管介入治疗类材料,02-消化介入材料,04-胆胰球囊扩张导管,002-球囊类,15-聚合物,028-单级/非切割,002005,胆胰球囊扩张导管,宁波新跃医疗科技股份有限公司,,
C0102040021502814494,01-非血管介入治疗类材料,02-消化介入材料,04-胆胰球囊扩张导管,002-球囊类,15-聚合物,028-单级/非切割,002005,胆胰球囊扩张导管,美迪云（广东）科技有限公司,,
C0102040021502814597,01-非血管介入治疗类材料,02-消化介入材料,04-胆胰球囊扩张导管,002-球囊类,15-聚合物,028-单级/非切割,002005,胆胰球囊扩张导管,南京金石医疗科技有限公司,,
C0102040021502819374,01-非血管介入治疗类材料,02-消化介入材料,04-胆胰球囊扩张导管,002-球囊类,15-聚合物,028-单级/非切割,002005,胆胰球囊扩张导管,江苏真由美生物科技有限公司,,
C0102040021502907834,01-非血管介入治疗类材料,02-消化介入材料,04-胆胰球囊扩张导管,002-球囊类,15-聚合物,029-多级/切割,002005,胆胰球囊扩张导管,奥林巴斯贸易（上海）有限公司,,
C0102040021503000841,01-非血管介入治疗类材料,02-消化介入材料,04-胆胰球囊扩张导管,002-球囊类,15-聚合物,030-多级/非切割,002005,胆胰球囊扩张导管,苏州法兰克曼医疗器械有限公司,,
C0102040021503002277,01-非血管介入治疗类材料,02-消化介入材料,04-胆胰球囊扩张导管,002-球囊类,15-聚合物,030-多级/非切割,002005,胆胰球囊扩张导管,江苏常美医疗器械有限公司,,
C0102040021503003607,01-非血管介入治疗类材料,02-消化介入材料,04-胆胰球囊扩张导管,002-球囊类,15-聚合物,030-多级/非切割,002005,胆胰球囊扩张导管,浙江创想医学科技有限公司,,
C0102040021503004937,01-非血管介入治疗类材料,02-消化介入材料,04-胆胰球囊扩张导管,002-球囊类,15-聚合物,030-多级/非切割,002005,胆胰球囊扩张导管,南微医学科技股份有限公司,,
C0102040021503006087,01-非血管介入治疗类材料,02-消化介入材料,04-胆胰球囊扩张导管,002-球囊类,15-聚合物,030-多级/非切割,002005,胆胰球囊扩张导管,安瑞医疗器械（杭州）有限公司,,
C0102040021503008041,01-非血管介入治疗类材料,02-消化介入材料,04-胆胰球囊扩张导管,002-球囊类,15-聚合物,030-多级/非切割,002005,胆胰球囊扩张导管,江苏唯德康医疗科技有限公司,,
C0102040021503008752,01-非血管介入治疗类材料,02-消化介入材料,04-胆胰球囊扩张导管,002-球囊类,15-聚合物,030-多级/非切割,002005,胆胰球囊扩张导管,常州乐奥医疗科技股份有限公司,,
C0102040021503010351,01-非血管介入治疗类材料,02-消化介入材料,04-胆胰球囊扩张导管,002-球囊类,15-聚合物,030-多级/非切割,002005,胆胰球囊扩张导管,上海辛菖医疗器械有限公司,,
C0102040021503010872,01-非血管介入治疗类材料,02-消化介入材料,04-胆胰球囊扩张导管,002-球囊类,15-聚合物,030-多级/非切割,002005,胆胰球囊扩张导管,上海英诺伟医疗器械股份有限公司,,
C0102040021503011325,01-非血管介入治疗类材料,02-消化介入材料,04-胆胰球囊扩张导管,002-球囊类,15-聚合物,030-多级/非切割,002005,胆胰球囊扩张导管,波科国际医疗贸易（上海）有限公 司,,
C0102040021503012518,01-非血管介入治疗类材料,02-消化介入材料,04-胆胰球囊扩张导管,002-球囊类,15-聚合物,030-多级/非切割,002005,胆胰球囊扩张导管,苏州市美新迪斯医疗科技有限公司,,
C0102040021503013213,01-非血管介入治疗类材料,02-消化介入材料,04-胆胰球囊扩张导管,002-球囊类,15-聚合物,030-多级/非切割,002005,胆胰球囊扩张导管,宁波新跃医疗科技股份有限公司,,
C0102040021503018717,01-非血管介入治疗类材料,02-消化介入材料,04-胆胰球囊扩张导管,002-球囊类,15-聚合物,030-多级/非切割,002005,胆胰球囊扩张导管,东莞天天向上医疗科技有限公司,,
C0102040021503019601,01-非血管介入治疗类材料,02-消化介入材料,04-胆胰球囊扩张导管,002-球囊类,15-聚合物,030-多级/非切割,002005,胆胰球囊扩张导管,湖南唯德康医疗科技有限公司,,
C0102040021503021285,01-非血管介入治疗类材料,02-消化介入材料,04-胆胰球囊扩张导管,002-球囊类,15-聚合物,030-多级/非切割,002005,胆胰球囊扩张导管,金傅（北京）医疗科技有限公司,,
C0102050021502000841,01-非血管介入治疗类材料,02-消化介入材料,05-胆胰取石球囊导管,002-球囊类,15-聚合物,020-双腔,002006,胆胰取石球囊导管,苏州法兰克曼医疗器械有限公司,,
C0102050021502002277,01-非血管介入治疗类材料,02-消化介入材料,05-胆胰取石球囊导管,002-球囊类,15-聚合物,020-双腔,002006,胆胰取石球囊导管,江苏常美医疗器械有限公司,,
C0102050021502003089,01-非血管介入治疗类材料,02-消化介入材料,05-胆胰取石球囊导管,002-球囊类,15-聚合物,020-双腔,002006,胆胰取石球囊导管,库克（中国）医疗贸易有限公司,,
C0102050021502003607,01-非血管介入治疗类材料,02-消化介入材料,05-胆胰取石球囊导管,002-球囊类,15-聚合物,020-双腔,002006,胆胰取石球囊导管,浙江创想医学科技有限公司,,
C0102050021502004470,01-非血管介入治疗类材料,02-消化介入材料,05-胆胰取石球囊导管,002-球囊类,15-聚合物,020-双腔,002006,胆胰取石球囊导管,杭州安杰思医学科技股份有限公司,,
C0102050021502004937,01-非血管介入治疗类材料,02-消化介入材料,05-胆胰取石球囊导管,002-球囊类,15-聚合物,020-双腔,002006,胆胰取石球囊导管,南微医学科技股份有限公司,,
C0102050021502006087,01-非血管介入治疗类材料,02-消化介入材料,05-胆胰取石球囊导管,002-球囊类,15-聚合物,020-双腔,002006,胆胰取石球囊导管,安瑞医疗器械（杭州）有限公司,,
C0102050021502007655,01-非血管介入治疗类材料,02-消化介入材料,05-胆胰取石球囊导管,002-球囊类,15-聚合物,020-双腔,002006,胆胰取石球囊导管,湖南瑞邦医疗科技发展有限公司,,
C0102050021502007834,01-非血管介入治疗类材料,02-消化介入材料,05-胆胰取石球囊导管,002-球囊类,15-聚合物,020-双腔,002006,胆胰取石球囊导管,奥林巴斯贸易（上海）有限公司,,
C0102050021502008752,01-非血管介入治疗类材料,02-消化介入材料,05-胆胰取石球囊导管,002-球囊类,15-聚合物,020-双腔,002006,胆胰取石球囊导管,常州乐奥医疗科技股份有限公司,,
C0102050021502010351,01-非血管介入治疗类材料,02-消化介入材料,05-胆胰取石球囊导管,002-球囊类,15-聚合物,020-双腔,002006,胆胰取石球囊导管,上海辛菖医疗器械有限公司,,
C0102050021502010414,01-非血管介入治疗类材料,02-消化介入材料,05-胆胰取石球囊导管,002-球囊类,15-聚合物,020-双腔,002006,胆胰取石球囊导管,苏州达美医疗科技有限公司,,
C0102050021502010872,01-非血管介入治疗类材料,02-消化介入材料,05-胆胰取石球囊导管,002-球囊类,15-聚合物,020-双腔,002006,胆胰取石球囊导管,上海英诺伟医疗器械股份有限公司,,
C0102050021502011323,01-非血管介入治疗类材料,02-消化介入材料,05-胆胰取石球囊导管,002-球囊类,15-聚合物,020-双腔,002006,胆胰取石球囊导管,常州市久虹医疗器械有限公司,,
C0102050021502011325,01-非血管介入治疗类材料,02-消化介入材料,05-胆胰取石球囊导管,002-球囊类,15-聚合物,020-双腔,002006,胆胰取石球囊导管,波科国际医疗贸易（上海）有限公 司,,
C0102050021502011352,01-非血管介入治疗类材料,02-消化介入材料,05-胆胰取石球囊导管,002-球囊类,15-聚合物,020-双腔,002006,胆胰取石球囊导管,苏州朗特斯医疗科技有限公司,,
C0102050021502019723,01-非血管介入治疗类材料,02-消化介入材料,05-胆胰取石球囊导管,002-球囊类,15-聚合物,020-双腔,002006,胆胰取石球囊导管,安徽百诺佳医疗科技有限公司,,
C0102050021503100841,01-非血管介入治疗类材料,02-消化介入材料,05-胆胰取石球囊导管,002-球囊类,15-聚合物,031-三腔,002006,胆胰取石球囊导管,苏州法兰克曼医疗器械有限公司,,
C0102050021503102277,01-非血管介入治疗类材料,02-消化介入材料,05-胆胰取石球囊导管,002-球囊类,15-聚合物,031-三腔,002006,胆胰取石球囊导管,江苏常美医疗器械有限公司,,
C0102050021503103089,01-非血管介入治疗类材料,02-消化介入材料,05-胆胰取石球囊导管,002-球囊类,15-聚合物,031-三腔,002006,胆胰取石球囊导管,库克（中国）医疗贸易有限公司,,
C0102050021503103607,01-非血管介入治疗类材料,02-消化介入材料,05-胆胰取石球囊导管,002-球囊类,15-聚合物,031-三腔,002006,胆胰取石球囊导管,浙江创想医学科技有限公司,,
C0102050021503104470,01-非血管介入治疗类材料,02-消化介入材料,05-胆胰取石球囊导管,002-球囊类,15-聚合物,031-三腔,002006,胆胰取石球囊导管,杭州安杰思医学科技股份有限公司,,
C0102050021503104937,01-非血管介入治疗类材料,02-消化介入材料,05-胆胰取石球囊导管,002-球囊类,15-聚合物,031-三腔,002006,胆胰取石球囊导管,南微医学科技股份有限公司,,
C0102050021503106087,01-非血管介入治疗类材料,02-消化介入材料,05-胆胰取石球囊导管,002-球囊类,15-聚合物,031-三腔,002006,胆胰取石球囊导管,安瑞医疗器械（杭州）有限公司,,
C0102050021503107120,01-非血管介入治疗类材料,02-消化介入材料,05-胆胰取石球囊导管,002-球囊类,15-聚合物,031-三腔,002006,胆胰取石球囊导管,浙江微度医疗器械有限公司,,
C0102050021503107655,01-非血管介入治疗类材料,02-消化介入材料,05-胆胰取石球囊导管,002-球囊类,15-聚合物,031-三腔,002006,胆胰取石球囊导管,湖南瑞邦医疗科技发展有限公司,,
C0102050021503107834,01-非血管介入治疗类材料,02-消化介入材料,05-胆胰取石球囊导管,002-球囊类,15-聚合物,031-三腔,002006,胆胰取石球囊导管,奥林巴斯贸易（上海）有限公司,,
C0102050021503108041,01-非血管介入治疗类材料,02-消化介入材料,05-胆胰取石球囊导管,002-球囊类,15-聚合物,031-三腔,002006,胆胰取石球囊导管,江苏唯德康医疗科技有限公司,,
C0102050021503108752,01-非血管介入治疗类材料,02-消化介入材料,05-胆胰取石球囊导管,002-球囊类,15-聚合物,031-三腔,002006,胆胰取石球囊导管,常州乐奥医疗科技股份有限公司,,
C0102050021503109222,01-非血管介入治疗类材料,02-消化介入材料,05-胆胰取石球囊导管,002-球囊类,15-聚合物,031-三腔,002006,胆胰取石球囊导管,上海瑛泰医疗器械股份有限公司,,
C0102050021503110351,01-非血管介入治疗类材料,02-消化介入材料,05-胆胰取石球囊导管,002-球囊类,15-聚合物,031-三腔,002006,胆胰取石球囊导管,上海辛菖医疗器械有限公司,,
C0102050021503110414,01-非血管介入治疗类材料,02-消化介入材料,05-胆胰取石球囊导管,002-球囊类,15-聚合物,031-三腔,002006,胆胰取石球囊导管,苏州达美医疗科技有限公司,,
C0102050021503110872,01-非血管介入治疗类材料,02-消化介入材料,05-胆胰取石球囊导管,002-球囊类,15-聚合物,031-三腔,002006,胆胰取石球囊导管,上海英诺伟医疗器械股份有限公司,,
C0102050021503111323,01-非血管介入治疗类材料,02-消化介入材料,05-胆胰取石球囊导管,002-球囊类,15-聚合物,031-三腔,002006,胆胰取石球囊导管,常州市久虹医疗器械有限公司,,
C0102050021503111325,01-非血管介入治疗类材料,02-消化介入材料,05-胆胰取石球囊导管,002-球囊类,15-聚合物,031-三腔,002006,胆胰取石球囊导管,波科国际医疗贸易（上海）有限公 司,,
C0102050021503111352,01-非血管介入治疗类材料,02-消化介入材料,05-胆胰取石球囊导管,002-球囊类,15-聚合物,031-三腔,002006,胆胰取石球囊导管,苏州朗特斯医疗科技有限公司,,
C0102050021503111889,01-非血管介入治疗类材料,02-消化介入材料,05-胆胰取石球囊导管,002-球囊类,15-聚合物,031-三腔,002006,胆胰取石球囊导管,苏州市倍咏医疗科技有限公司,,
C0102050021503113213,01-非血管介入治疗类材料,02-消化介入材料,05-胆胰取石球囊导管,002-球囊类,15-聚合物,031-三腔,002006,胆胰取石球囊导管,宁波新跃医疗科技股份有限公司,,
C0102050021503114494,01-非血管介入治疗类材料,02-消化介入材料,05-胆胰取石球囊导管,002-球囊类,15-聚合物,031-三腔,002006,胆胰取石球囊导管,美迪云（广东）科技有限公司,,
C0102050021503115388,01-非血管介入治疗类材料,02-消化介入材料,05-胆胰取石球囊导管,002-球囊类,15-聚合物,031-三腔,002006,胆胰取石球囊导管,海南一剂堂生物科技有限公司,,
C0102050021503117165,01-非血管介入治疗类材料,02-消化介入材料,05-胆胰取石球囊导管,002-球囊类,15-聚合物,031-三腔,002006,胆胰取石球囊导管,浙江首鼎医学科技有限公司,,
C0102050021503119601,01-非血管介入治疗类材料,02-消化介入材料,05-胆胰取石球囊导管,002-球囊类,15-聚合物,031-三腔,002006,胆胰取石球囊导管,湖南唯德康医疗科技有限公司,,
C0102050021503119723,01-非血管介入治疗类材料,02-消化介入材料,05-胆胰取石球囊导管,002-球囊类,15-聚合物,031-三腔,002006,胆胰取石球囊导管,安徽百诺佳医疗科技有限公司,,
C0102050021503121285,01-非血管介入治疗类材料,02-消化介入材料,05-胆胰取石球囊导管,002-球囊类,15-聚合物,031-三腔,002006,胆胰取石球囊导管,金傅（北京）医疗科技有限公司,,
C0102060011303906787,01-非血管介入治疗类材料,02-消化介入材料,06-食道支架,001-支架类,13-不锈钢,039-覆膜/鞘管释放/普通,001003,食道支架（覆膜）,济南德尔曼科技有限公司,,
C0102060011303907555,01-非血管介入治疗类材料,02-消化介入材料,06-食道支架,001-支架类,13-不锈钢,039-覆膜/鞘管释放/普通,001003,食道支架（覆膜）,淮安市西格玛医用实业有限公司,,
C0102060011303910088,01-非血管介入治疗类材料,02-消化介入材料,06-食道支架,001-支架类,13-不锈钢,039-覆膜/鞘管释放/普通,001003,食道支架（覆膜）,青岛中惠圣熙生物工程有限公司,,
C0102060011304007555,01-非血管介入治疗类材料,02-消化介入材料,06-食道支架,001-支架类,13-不锈钢,040-覆膜/鞘管释放/抗返 流,001003,食道支架（覆膜）,淮安市西格玛医用实业有限公司,,
C0102060011403903089,01-非血管介入治疗类材料,02-消化介入材料,06-食道支架,001-支架类,14-合金,039-覆膜/鞘管释放/普通,001003,食道支架（覆膜）,库克（中国）医疗贸易有限公司,,
C0102060011403903655,01-非血管介入治疗类材料,02-消化介入材料,06-食道支架,001-支架类,14-合金,039-覆膜/鞘管释放/普通,001003,食道支架（覆膜）,山东维心医疗器械有限公司,,
C0102060011403903941,01-非血管介入治疗类材料,02-消化介入材料,06-食道支架,001-支架类,14-合金,039-覆膜/鞘管释放/普通,001003,食道支架（覆膜）,南京法迈特科技发展有限公司,,
C0102060011403904305,01-非血管介入治疗类材料,02-消化介入材料,06-食道支架,001-支架类,14-合金,039-覆膜/鞘管释放/普通,001003,食道支架（覆膜）,北京众佳兴盛商贸有限公司,,
C0102060011403904900,01-非血管介入治疗类材料,02-消化介入材料,06-食道支架,001-支架类,14-合金,039-覆膜/鞘管释放/普通,001003,食道支架（覆膜）,常州佳森医疗器械有限公司,,
C0102060011403904937,01-非血管介入治疗类材料,02-消化介入材料,06-食道支架,001-支架类,14-合金,039-覆膜/鞘管释放/普通,001003,食道支架（覆膜）,南微医学科技股份有限公司,,
C0102060011403906087,01-非血管介入治疗类材料,02-消化介入材料,06-食道支架,001-支架类,14-合金,039-覆膜/鞘管释放/普通,001003,食道支架（覆膜）,安瑞医疗器械（杭州）有限公司,,
C0102060011403907356,01-非血管介入治疗类材料,02-消化介入材料,06-食道支架,001-支架类,14-合金,039-覆膜/鞘管释放/普通,001003,食道支架（覆膜）,常州锦福瑞医疗器械有限公司,,
C0102060011403907440,01-非血管介入治疗类材料,02-消化介入材料,06-食道支架,001-支架类,14-合金,039-覆膜/鞘管释放/普通,001003,食道支架（覆膜）,武汉华辉医疗设备有限公司,,
C0102060011403908041,01-非血管介入治疗类材料,02-消化介入材料,06-食道支架,001-支架类,14-合金,039-覆膜/鞘管释放/普通,001003,食道支架（覆膜）,江苏唯德康医疗科技有限公司,,
C0102060011403909820,01-非血管介入治疗类材料,02-消化介入材料,06-食道支架,001-支架类,14-合金,039-覆膜/鞘管释放/普通,001003,食道支架（覆膜）,常州市智业医疗仪器研究所有限公 司,,
C0102060011403910088,01-非血管介入治疗类材料,02-消化介入材料,06-食道支架,001-支架类,14-合金,039-覆膜/鞘管释放/普通,001003,食道支架（覆膜）,青岛中惠圣熙生物工程有限公司,,
C0102060011403910414,01-非血管介入治疗类材料,02-消化介入材料,06-食道支架,001-支架类,14-合金,039-覆膜/鞘管释放/普通,001003,食道支架（覆膜）,苏州达美医疗科技有限公司,,
C0102060011403911325,01-非血管介入治疗类材料,02-消化介入材料,06-食道支架,001-支架类,14-合金,039-覆膜/鞘管释放/普通,001003,食道支架（覆膜）,波科国际医疗贸易（上海）有限公 司,,
C0102060011403912558,01-非血管介入治疗类材料,02-消化介入材料,06-食道支架,001-支架类,14-合金,039-覆膜/鞘管释放/普通,001003,食道支架（覆膜）,北京有卓正联医疗科技有限公司,,
C0102060011404004305,01-非血管介入治疗类材料,02-消化介入材料,06-食道支架,001-支架类,14-合金,040-覆膜/鞘管释放/抗返 流,001003,食道支架（覆膜）,北京众佳兴盛商贸有限公司,,
C0102060011404007356,01-非血管介入治疗类材料,02-消化介入材料,06-食道支架,001-支架类,14-合金,040-覆膜/鞘管释放/抗返 流,001003,食道支架（覆膜）,常州锦福瑞医疗器械有限公司,,
C0102060011404007440,01-非血管介入治疗类材料,02-消化介入材料,06-食道支架,001-支架类,14-合金,040-覆膜/鞘管释放/抗返 流,001003,食道支架（覆膜）,武汉华辉医疗设备有限公司,,
C0102060011404008041,01-非血管介入治疗类材料,02-消化介入材料,06-食道支架,001-支架类,14-合金,040-覆膜/鞘管释放/抗返 流,001003,食道支架（覆膜）,江苏唯德康医疗科技有限公司,,
C0102060011404009820,01-非血管介入治疗类材料,02-消化介入材料,06-食道支架,001-支架类,14-合金,040-覆膜/鞘管释放/抗返 流,001003,食道支架（覆膜）,常州市智业医疗仪器研究所有限公 司,,
C0102060011404012558,01-非血管介入治疗类材料,02-消化介入材料,06-食道支架,001-支架类,14-合金,040-覆膜/鞘管释放/抗返 流,001003,食道支架（覆膜）,北京有卓正联医疗科技有限公司,,
C0102060011404104937,01-非血管介入治疗类材料,02-消化介入材料,06-食道支架,001-支架类,14-合金,041-覆膜/拉线释放/普通,001003,食道支架（覆膜）,南微医学科技股份有限公司,,
C0102060011404111325,01-非血管介入治疗类材料,02-消化介入材料,06-食道支架,001-支架类,14-合金,041-覆膜/拉线释放/普通,001003,食道支架（覆膜）,波科国际医疗贸易（上海）有限公 司,,
C0102060011404303655,01-非血管介入治疗类材料,02-消化介入材料,06-食道支架,001-支架类,14-合金,043-非覆膜/鞘管释放/普 通,001004,食道支架（非覆膜）,山东维心医疗器械有限公司,,
C0102060011404304900,01-非血管介入治疗类材料,02-消化介入材料,06-食道支架,001-支架类,14-合金,043-非覆膜/鞘管释放/普 通,001004,食道支架（非覆膜）,常州佳森医疗器械有限公司,,
C0102060011404308041,01-非血管介入治疗类材料,02-消化介入材料,06-食道支架,001-支架类,14-合金,043-非覆膜/鞘管释放/普 通,001004,食道支架（非覆膜）,江苏唯德康医疗科技有限公司,,
C0102060011404309820,01-非血管介入治疗类材料,02-消化介入材料,06-食道支架,001-支架类,14-合金,043-非覆膜/鞘管释放/普 通,001004,食道支架（非覆膜）,常州市智业医疗仪器研究所有限公 司,,
C0102060011404310088,01-非血管介入治疗类材料,02-消化介入材料,06-食道支架,001-支架类,14-合金,043-非覆膜/鞘管释放/普 通,001004,食道支架（非覆膜）,青岛中惠圣熙生物工程有限公司,,
C0102060011404310414,01-非血管介入治疗类材料,02-消化介入材料,06-食道支架,001-支架类,14-合金,043-非覆膜/鞘管释放/普 通,001004,食道支架（非覆膜）,苏州达美医疗科技有限公司,,
C0102060011404409820,01-非血管介入治疗类材料,02-消化介入材料,06-食道支架,001-支架类,14-合金,044-非覆膜/鞘管释放/抗 返流,001004,食道支架（非覆膜）,常州市智业医疗仪器研究所有限公 司,,
C0102060011404511325,01-非血管介入治疗类材料,02-消化介入材料,06-食道支架,001-支架类,14-合金,045-非覆膜/拉线释放/普 通,001004,食道支架（非覆膜）,波科国际医疗贸易（上海）有限公 司,,
C0102060011404904937,01-非血管介入治疗类材料,02-消化介入材料,06-食道支架,001-支架类,14-合金,049-可载粒子/拉线释放/ 普通,001005,食道支架（可载粒子）,南微医学科技股份有限公司,,
C0102070011405103941,01-非血管介入治疗类材料,02-消化介入材料,07-肠道支架,001-支架类,14-合金,051-覆膜/可通过内镜活检 孔道,001006,肠道支架（覆膜）,南京法迈特科技发展有限公司,,
C0102070011405104305,01-非血管介入治疗类材料,02-消化介入材料,07-肠道支架,001-支架类,14-合金,051-覆膜/可通过内镜活检 孔道,001006,肠道支架（覆膜）,北京众佳兴盛商贸有限公司,,
C0102070011405104937,01-非血管介入治疗类材料,02-消化介入材料,07-肠道支架,001-支架类,14-合金,051-覆膜/可通过内镜活检 孔道,001006,肠道支架（覆膜）,南微医学科技股份有限公司,,
C0102070011405109550,01-非血管介入治疗类材料,02-消化介入材料,07-肠道支架,001-支架类,14-合金,051-覆膜/可通过内镜活检 孔道,001006,肠道支架（覆膜）,江苏臣诺医疗器械有限公司,,
C0102070011405118816,01-非血管介入治疗类材料,02-消化介入材料,07-肠道支架,001-支架类,14-合金,051-覆膜/可通过内镜活检 孔道,001006,肠道支架（覆膜）,北京龙惠科技发展有限公司,,
C0102070011405204937,01-非血管介入治疗类材料,02-消化介入材料,07-肠道支架,001-支架类,14-合金,052-覆膜/不可通过内镜活 检孔道,001006,肠道支架（覆膜）,南微医学科技股份有限公司,,
C0102070011405209820,01-非血管介入治疗类材料,02-消化介入材料,07-肠道支架,001-支架类,14-合金,052-覆膜/不可通过内镜活 检孔道,001006,肠道支架（覆膜）,常州市智业医疗仪器研究所有限公 司,,
C0102070011405210088,01-非血管介入治疗类材料,02-消化介入材料,07-肠道支架,001-支架类,14-合金,052-覆膜/不可通过内镜活 检孔道,001006,肠道支架（覆膜）,青岛中惠圣熙生物工程有限公司,,
C0102070011405218816,01-非血管介入治疗类材料,02-消化介入材料,07-肠道支架,001-支架类,14-合金,052-覆膜/不可通过内镜活 检孔道,001006,肠道支架（覆膜）,北京龙惠科技发展有限公司,,
C0102070011405221715,01-非血管介入治疗类材料,02-消化介入材料,07-肠道支架,001-支架类,14-合金,052-覆膜/不可通过内镜活 检孔道,001006,肠道支架（覆膜）,杭州糖吉医疗科技有限公司,,
C0102070011405303089,01-非血管介入治疗类材料,02-消化介入材料,07-肠道支架,001-支架类,14-合金,053-非覆膜/可通过内镜活 检孔道,001007,肠道支架（非覆膜）,库克（中国）医疗贸易有限公司,,
C0102070011405304305,01-非血管介入治疗类材料,02-消化介入材料,07-肠道支架,001-支架类,14-合金,053-非覆膜/可通过内镜活 检孔道,001007,肠道支架（非覆膜）,北京众佳兴盛商贸有限公司,,
C0102070011405304937,01-非血管介入治疗类材料,02-消化介入材料,07-肠道支架,001-支架类,14-合金,053-非覆膜/可通过内镜活 检孔道,001007,肠道支架（非覆膜）,南微医学科技股份有限公司,,
C0102070011405307356,01-非血管介入治疗类材料,02-消化介入材料,07-肠道支架,001-支架类,14-合金,053-非覆膜/可通过内镜活 检孔道,001007,肠道支架（非覆膜）,常州锦福瑞医疗器械有限公司,,
C0102070011405307440,01-非血管介入治疗类材料,02-消化介入材料,07-肠道支架,001-支架类,14-合金,053-非覆膜/可通过内镜活 检孔道,001007,肠道支架（非覆膜）,武汉华辉医疗设备有限公司,,
C0102070011405308041,01-非血管介入治疗类材料,02-消化介入材料,07-肠道支架,001-支架类,14-合金,053-非覆膜/可通过内镜活 检孔道,001007,肠道支架（非覆膜）,江苏唯德康医疗科技有限公司,,
C0102070011405310088,01-非血管介入治疗类材料,02-消化介入材料,07-肠道支架,001-支架类,14-合金,053-非覆膜/可通过内镜活 检孔道,001007,肠道支架（非覆膜）,青岛中惠圣熙生物工程有限公司,,
C0102070011405310414,01-非血管介入治疗类材料,02-消化介入材料,07-肠道支架,001-支架类,14-合金,053-非覆膜/可通过内镜活 检孔道,001007,肠道支架（非覆膜）,苏州达美医疗科技有限公司,,
C0102070011405311325,01-非血管介入治疗类材料,02-消化介入材料,07-肠道支架,001-支架类,14-合金,053-非覆膜/可通过内镜活 检孔道,001007,肠道支架（非覆膜）,波科国际医疗贸易（上海）有限公 司,,
C0102070011405311894,01-非血管介入治疗类材料,02-消化介入材料,07-肠道支架,001-支架类,14-合金,053-非覆膜/可通过内镜活 检孔道,001007,肠道支架（非覆膜）,北京弘海微创科技有限公司,,
C0102070011405404937,01-非血管介入治疗类材料,02-消化介入材料,07-肠道支架,001-支架类,14-合金,054-非覆膜/不可通过内镜 活检孔道,001007,肠道支架（非覆膜）,南微医学科技股份有限公司,,
C0102070011405408041,01-非血管介入治疗类材料,02-消化介入材料,07-肠道支架,001-支架类,14-合金,054-非覆膜/不可通过内镜 活检孔道,001007,肠道支架（非覆膜）,江苏唯德康医疗科技有限公司,,
C0102070011405409820,01-非血管介入治疗类材料,02-消化介入材料,07-肠道支架,001-支架类,14-合金,054-非覆膜/不可通过内镜 活检孔道,001007,肠道支架（非覆膜）,常州市智业医疗仪器研究所有限公 司,,
C0102080011505503089,01-非血管介入治疗类材料,02-消化介入材料,08-胰管支架,001-支架类,15-聚合物,055-单件,001008,胰管支架（单件）,库克（中国）医疗贸易有限公司,,
C0102080011505507834,01-非血管介入治疗类材料,02-消化介入材料,08-胰管支架,001-支架类,15-聚合物,055-单件,001008,胰管支架（单件）,奥林巴斯贸易（上海）有限公司,,
C0102080011505508752,01-非血管介入治疗类材料,02-消化介入材料,08-胰管支架,001-支架类,15-聚合物,055-单件,001008,胰管支架（单件）,常州乐奥医疗科技股份有限公司,,
C0102080011505511325,01-非血管介入治疗类材料,02-消化介入材料,08-胰管支架,001-支架类,15-聚合物,055-单件,001008,胰管支架（单件）,波科国际医疗贸易（上海）有限公 司,,
C0102080011505603089,01-非血管介入治疗类材料,02-消化介入材料,08-胰管支架,001-支架类,15-聚合物,056-套装,001009,胰管支架（套装）,库克（中国）医疗贸易有限公司,,
C0102080011505608752,01-非血管介入治疗类材料,02-消化介入材料,08-胰管支架,001-支架类,15-聚合物,056-套装,001009,胰管支架（套装）,常州乐奥医疗科技股份有限公司,,
C0102090011405903089,01-非血管介入治疗类材料,02-消化介入材料,09-胆道支架,001-支架类,14-合金,059-覆膜/预装,001010,胆道支架（覆膜）,库克（中国）医疗贸易有限公司,,
C0102090011405903655,01-非血管介入治疗类材料,02-消化介入材料,09-胆道支架,001-支架类,14-合金,059-覆膜/预装,001010,胆道支架（覆膜）,山东维心医疗器械有限公司,,
C0102090011405903941,01-非血管介入治疗类材料,02-消化介入材料,09-胆道支架,001-支架类,14-合金,059-覆膜/预装,001010,胆道支架（覆膜）,南京法迈特科技发展有限公司,,
C0102090011405904305,01-非血管介入治疗类材料,02-消化介入材料,09-胆道支架,001-支架类,14-合金,059-覆膜/预装,001010,胆道支架（覆膜）,北京众佳兴盛商贸有限公司,,
C0102090011405904937,01-非血管介入治疗类材料,02-消化介入材料,09-胆道支架,001-支架类,14-合金,059-覆膜/预装,001010,胆道支架（覆膜）,南微医学科技股份有限公司,,
C0102090011405907356,01-非血管介入治疗类材料,02-消化介入材料,09-胆道支架,001-支架类,14-合金,059-覆膜/预装,001010,胆道支架（覆膜）,常州锦福瑞医疗器械有限公司,,
C0102090011405907440,01-非血管介入治疗类材料,02-消化介入材料,09-胆道支架,001-支架类,14-合金,059-覆膜/预装,001010,胆道支架（覆膜）,武汉华辉医疗设备有限公司,,
C0102090011405908041,01-非血管介入治疗类材料,02-消化介入材料,09-胆道支架,001-支架类,14-合金,059-覆膜/预装,001010,胆道支架（覆膜）,江苏唯德康医疗科技有限公司,,
C0102090011405910088,01-非血管介入治疗类材料,02-消化介入材料,09-胆道支架,001-支架类,14-合金,059-覆膜/预装,001010,胆道支架（覆膜）,青岛中惠圣熙生物工程有限公司,,
C0102090011405910414,01-非血管介入治疗类材料,02-消化介入材料,09-胆道支架,001-支架类,14-合金,059-覆膜/预装,001010,胆道支架（覆膜）,苏州达美医疗科技有限公司,,
C0102090011405911325,01-非血管介入治疗类材料,02-消化介入材料,09-胆道支架,001-支架类,14-合金,059-覆膜/预装,001010,胆道支架（覆膜）,波科国际医疗贸易（上海）有限公 司,,
C0102090011405924501,01-非血管介入治疗类材料,02-消化介入材料,09-胆道支架,001-支架类,14-合金,059-覆膜/预装,001010,胆道支架（覆膜）,艾利姆（常州）医疗科技有限公司,,
C0102090011406103089,01-非血管介入治疗类材料,02-消化介入材料,09-胆道支架,001-支架类,14-合金,061-非覆膜/预装,001011,胆道支架（非覆膜）,库克（中国）医疗贸易有限公司,,
C0102090011406103655,01-非血管介入治疗类材料,02-消化介入材料,09-胆道支架,001-支架类,14-合金,061-非覆膜/预装,001011,胆道支架（非覆膜）,山东维心医疗器械有限公司,,
C0102090011406104305,01-非血管介入治疗类材料,02-消化介入材料,09-胆道支架,001-支架类,14-合金,061-非覆膜/预装,001011,胆道支架（非覆膜）,北京众佳兴盛商贸有限公司,,
C0102090011406104740,01-非血管介入治疗类材料,02-消化介入材料,09-胆道支架,001-支架类,14-合金,061-非覆膜/预装,001011,胆道支架（非覆膜）,河南驼人贝斯特医疗器械有限公司,,
C0102090011406104937,01-非血管介入治疗类材料,02-消化介入材料,09-胆道支架,001-支架类,14-合金,061-非覆膜/预装,001011,胆道支架（非覆膜）,南微医学科技股份有限公司,,
C0102090011406107356,01-非血管介入治疗类材料,02-消化介入材料,09-胆道支架,001-支架类,14-合金,061-非覆膜/预装,001011,胆道支架（非覆膜）,常州锦福瑞医疗器械有限公司,,
C0102090011406107440,01-非血管介入治疗类材料,02-消化介入材料,09-胆道支架,001-支架类,14-合金,061-非覆膜/预装,001011,胆道支架（非覆膜）,武汉华辉医疗设备有限公司,,
C0102090011406108905,01-非血管介入治疗类材料,02-消化介入材料,09-胆道支架,001-支架类,14-合金,061-非覆膜/预装,001011,胆道支架（非覆膜）,康蒂思（上海）医疗器械有限公司,,
C0102090011406109820,01-非血管介入治疗类材料,02-消化介入材料,09-胆道支架,001-支架类,14-合金,061-非覆膜/预装,001011,胆道支架（非覆膜）,常州市智业医疗仪器研究所有限公 司,,
C0102090011406110088,01-非血管介入治疗类材料,02-消化介入材料,09-胆道支架,001-支架类,14-合金,061-非覆膜/预装,001011,胆道支架（非覆膜）,青岛中惠圣熙生物工程有限公司,,
C0102090011406110290,01-非血管介入治疗类材料,02-消化介入材料,09-胆道支架,001-支架类,14-合金,061-非覆膜/预装,001011,胆道支架（非覆膜）,巴德医疗科技（上海）有限公司,,
C0102090011406110414,01-非血管介入治疗类材料,02-消化介入材料,09-胆道支架,001-支架类,14-合金,061-非覆膜/预装,001011,胆道支架（非覆膜）,苏州达美医疗科技有限公司,,
C0102090011406111325,01-非血管介入治疗类材料,02-消化介入材料,09-胆道支架,001-支架类,14-合金,061-非覆膜/预装,001011,胆道支架（非覆膜）,波科国际医疗贸易（上海）有限公 司,,
C0102090011406111894,01-非血管介入治疗类材料,02-消化介入材料,09-胆道支架,001-支架类,14-合金,061-非覆膜/预装,001011,胆道支架（非覆膜）,北京弘海微创科技有限公司,,
C0102090011406204900,01-非血管介入治疗类材料,02-消化介入材料,09-胆道支架,001-支架类,14-合金,062-非覆膜/非预装,001011,胆道支架（非覆膜）,常州佳森医疗器械有限公司,,
C0102090011406204937,01-非血管介入治疗类材料,02-消化介入材料,09-胆道支架,001-支架类,14-合金,062-非覆膜/非预装,001011,胆道支架（非覆膜）,南微医学科技股份有限公司,,
C0102090011406209820,01-非血管介入治疗类材料,02-消化介入材料,09-胆道支架,001-支架类,14-合金,062-非覆膜/非预装,001011,胆道支架（非覆膜）,常州市智业医疗仪器研究所有限公 司,,
C0102090011406212558,01-非血管介入治疗类材料,02-消化介入材料,09-胆道支架,001-支架类,14-合金,062-非覆膜/非预装,001011,胆道支架（非覆膜）,北京有卓正联医疗科技有限公司,,
C0102090011406417423,01-非血管介入治疗类材料,02-消化介入材料,09-胆道支架,001-支架类,14-合金,064-可载粒子/非预装,001012,胆道支架（可载粒子）,南京融晟医疗科技有限公司,,
C0102090011505700841,01-非血管介入治疗类材料,02-消化介入材料,09-胆道支架,001-支架类,15-聚合物,057-预装,001011,胆道支架（非覆膜）,苏州法兰克曼医疗器械有限公司,,
C0102090011505703089,01-非血管介入治疗类材料,02-消化介入材料,09-胆道支架,001-支架类,15-聚合物,057-预装,001011,胆道支架（非覆膜）,库克（中国）医疗贸易有限公司,,
C0102090011505704937,01-非血管介入治疗类材料,02-消化介入材料,09-胆道支架,001-支架类,15-聚合物,057-预装,001011,胆道支架（非覆膜）,南微医学科技股份有限公司,,
C0102090011505707834,01-非血管介入治疗类材料,02-消化介入材料,09-胆道支架,001-支架类,15-聚合物,057-预装,001011,胆道支架（非覆膜）,奥林巴斯贸易（上海）有限公司,,
C0102090011505708752,01-非血管介入治疗类材料,02-消化介入材料,09-胆道支架,001-支架类,15-聚合物,057-预装,001011,胆道支架（非覆膜）,常州乐奥医疗科技股份有限公司,,
C0102090011505711325,01-非血管介入治疗类材料,02-消化介入材料,09-胆道支架,001-支架类,15-聚合物,057-预装,001011,胆道支架（非覆膜）,波科国际医疗贸易（上海）有限公 司,,
C0102090011505800841,01-非血管介入治疗类材料,02-消化介入材料,09-胆道支架,001-支架类,15-聚合物,058-非预装,001011,胆道支架（非覆膜）,苏州法兰克曼医疗器械有限公司,,
C0102090011505803089,01-非血管介入治疗类材料,02-消化介入材料,09-胆道支架,001-支架类,15-聚合物,058-非预装,001011,胆道支架（非覆膜）,库克（中国）医疗贸易有限公司,,
C0102090011505807834,01-非血管介入治疗类材料,02-消化介入材料,09-胆道支架,001-支架类,15-聚合物,058-非预装,001011,胆道支架（非覆膜）,奥林巴斯贸易（上海）有限公司,,
C0102090011505808752,01-非血管介入治疗类材料,02-消化介入材料,09-胆道支架,001-支架类,15-聚合物,058-非预装,001011,胆道支架（非覆膜）,常州乐奥医疗科技股份有限公司,,
C0102090011505811325,01-非血管介入治疗类材料,02-消化介入材料,09-胆道支架,001-支架类,15-聚合物,058-非预装,001011,胆道支架（非覆膜）,波科国际医疗贸易（上海）有限公 司,,
C0102450011406711325,01-非血管介入治疗类材料,02-消化介入材料,45-胆胰支架,001-支架类,14-合金,067-覆膜/电切,001013,胆胰支架（覆膜）,波科国际医疗贸易（上海）有限公 司,,
C0102450011406804937,01-非血管介入治疗类材料,02-消化介入材料,45-胆胰支架,001-支架类,14-合金,068-覆膜/非电切,001013,胆胰支架（覆膜）,南微医学科技股份有限公司,,
C0103010011407400884,01-非血管介入治疗类材料,03-泌尿介入材料,01-输尿管支架,001-支架类,14-合金,074-带导丝/有涂层/双猪 尾/留置时间＜180天,001015,输尿管支架（带导丝）,无锡华纳医疗科技有限公司,,
C0103010011407421046,01-非血管介入治疗类材料,03-泌尿介入材料,01-输尿管支架,001-支架类,14-合金,074-带导丝/有涂层/双猪 尾/留置时间＜180天,001015,输尿管支架（带导丝）,欣格誉科技（无锡）有限公司,,
C0103010011407906224,01-非血管介入治疗类材料,03-泌尿介入材料,01-输尿管支架,001-支架类,14-合金,079-带导丝/有涂层/其他 形状/留置时间≥365天,001015,输尿管支架（带导丝）,江苏风和医疗器材股份有限公司,,
C0103010011408300884,01-非血管介入治疗类材料,03-泌尿介入材料,01-输尿管支架,001-支架类,14-合金,083-带导丝/无涂层/双猪 尾/留置时间＜180天,001015,输尿管支架（带导丝）,无锡华纳医疗科技有限公司,,
C0103010011408503089,01-非血管介入治疗类材料,03-泌尿介入材料,01-输尿管支架,001-支架类,14-合金,085-带导丝/无涂层/双猪 尾/留置时间≥365天,001015,输尿管支架（带导丝）,库克（中国）医疗贸易有限公司,,
C0103010011408812576,01-非血管介入治疗类材料,03-泌尿介入材料,01-输尿管支架,001-支架类,14-合金,088-带导丝/无涂层/其他 形状/留置时间≥365天,001015,输尿管支架（带导丝）,诚来医药（北京）有限公司,,
C0103010011409706224,01-非血管介入治疗类材料,03-泌尿介入材料,01-输尿管支架,001-支架类,14-合金,097-不带导丝/有涂层/其 他形状/留置时间≥365天,001016,输尿管支架（不带导丝）,江苏风和医疗器材股份有限公司,,
C0103010011409724501,01-非血管介入治疗类材料,03-泌尿介入材料,01-输尿管支架,001-支架类,14-合金,097-不带导丝/有涂层/其 他形状/留置时间≥365天,001016,输尿管支架（不带导丝）,艾利姆（常州）医疗科技有限公司,,
C0103010011410605400,01-非血管介入治疗类材料,03-泌尿介入材料,01-输尿管支架,001-支架类,14-合金,106-不带导丝/无涂层/其 他形状/留置时间≥365天,001016,输尿管支架（不带导丝）,湖南依微迪医疗器械有限公司,,
C0103010011507100972,01-非血管介入治疗类材料,03-泌尿介入材料,01-输尿管支架,001-支架类,15-聚合物,071-带导丝/有涂层/单猪 尾/留置时间＜180天,001015,输尿管支架（带导丝）,济南凯特工贸有限公司,,
C0103010011507101295,01-非血管介入治疗类材料,03-泌尿介入材料,01-输尿管支架,001-支架类,15-聚合物,071-带导丝/有涂层/单猪 尾/留置时间＜180天,001015,输尿管支架（带导丝）,深圳市康医博科技发展有限公司,,
C0103010011507102349,01-非血管介入治疗类材料,03-泌尿介入材料,01-输尿管支架,001-支架类,15-聚合物,071-带导丝/有涂层/单猪 尾/留置时间＜180天,001015,输尿管支架（带导丝）,吉林省沃鸿医疗器械制造有限公司,,
C0103010011507102462,01-非血管介入治疗类材料,03-泌尿介入材料,01-输尿管支架,001-支架类,15-聚合物,071-带导丝/有涂层/单猪 尾/留置时间＜180天,001015,输尿管支架（带导丝）,北京捷立德口腔医疗设备有限公司,,
C0103010011507103444,01-非血管介入治疗类材料,03-泌尿介入材料,01-输尿管支架,001-支架类,15-聚合物,071-带导丝/有涂层/单猪 尾/留置时间＜180天,001015,输尿管支架（带导丝）,苏州华美医疗器械有限公司,,
C0103010011507104470,01-非血管介入治疗类材料,03-泌尿介入材料,01-输尿管支架,001-支架类,15-聚合物,071-带导丝/有涂层/单猪 尾/留置时间＜180天,001015,输尿管支架（带导丝）,杭州安杰思医学科技股份有限公司,,
C0103010011507105400,01-非血管介入治疗类材料,03-泌尿介入材料,01-输尿管支架,001-支架类,15-聚合物,071-带导丝/有涂层/单猪 尾/留置时间＜180天,001015,输尿管支架（带导丝）,湖南依微迪医疗器械有限公司,,
C0103010011507105942,01-非血管介入治疗类材料,03-泌尿介入材料,01-输尿管支架,001-支架类,15-聚合物,071-带导丝/有涂层/单猪 尾/留置时间＜180天,001015,输尿管支架（带导丝）,湖北康泉医疗科技有限责任公司,,
C0103010011507106937,01-非血管介入治疗类材料,03-泌尿介入材料,01-输尿管支架,001-支架类,15-聚合物,071-带导丝/有涂层/单猪 尾/留置时间＜180天,001015,输尿管支架（带导丝）,江苏健之缘医械科技有限公司,,
C0103010011507107655,01-非血管介入治疗类材料,03-泌尿介入材料,01-输尿管支架,001-支架类,15-聚合物,071-带导丝/有涂层/单猪 尾/留置时间＜180天,001015,输尿管支架（带导丝）,湖南瑞邦医疗科技发展有限公司,,
C0103010011507109161,01-非血管介入治疗类材料,03-泌尿介入材料,01-输尿管支架,001-支架类,15-聚合物,071-带导丝/有涂层/单猪 尾/留置时间＜180天,001015,输尿管支架（带导丝）,张家港市欧凯医疗器械有限公司,,
C0103010011507110100,01-非血管介入治疗类材料,03-泌尿介入材料,01-输尿管支架,001-支架类,15-聚合物,071-带导丝/有涂层/单猪 尾/留置时间＜180天,001015,输尿管支架（带导丝）,江苏伊凯医疗器械有限公司,,
C0103010011507111775,01-非血管介入治疗类材料,03-泌尿介入材料,01-输尿管支架,001-支架类,15-聚合物,071-带导丝/有涂层/单猪 尾/留置时间＜180天,001015,输尿管支架（带导丝）,成都德信安创新医疗技术有限公司,,
C0103010011507112004,01-非血管介入治疗类材料,03-泌尿介入材料,01-输尿管支架,001-支架类,15-聚合物,071-带导丝/有涂层/单猪 尾/留置时间＜180天,001015,输尿管支架（带导丝）,兰州红会医疗器械有限公司,,
C0103010011507112019,01-非血管介入治疗类材料,03-泌尿介入材料,01-输尿管支架,001-支架类,15-聚合物,071-带导丝/有涂层/单猪 尾/留置时间＜180天,001015,输尿管支架（带导丝）,深圳市惠心诺科技有限公司,,
C0103010011507112037,01-非血管介入治疗类材料,03-泌尿介入材料,01-输尿管支架,001-支架类,15-聚合物,071-带导丝/有涂层/单猪 尾/留置时间＜180天,001015,输尿管支架（带导丝）,浙江医高医疗科技有限公司,,
C0103010011507112316,01-非血管介入治疗类材料,03-泌尿介入材料,01-输尿管支架,001-支架类,15-聚合物,071-带导丝/有涂层/单猪 尾/留置时间＜180天,001015,输尿管支架（带导丝）,广东省天佑医疗器械科技发展有限 公司,,
C0103010011507114419,01-非血管介入治疗类材料,03-泌尿介入材料,01-输尿管支架,001-支架类,15-聚合物,071-带导丝/有涂层/单猪 尾/留置时间＜180天,001015,输尿管支架（带导丝）,江西汉普医疗科技有限公司,,
C0103010011507117881,01-非血管介入治疗类材料,03-泌尿介入材料,01-输尿管支架,001-支架类,15-聚合物,071-带导丝/有涂层/单猪 尾/留置时间＜180天,001015,输尿管支架（带导丝）,中科惠康生物科技成都有限公司,,
C0103010011507118985,01-非血管介入治疗类材料,03-泌尿介入材料,01-输尿管支架,001-支架类,15-聚合物,071-带导丝/有涂层/单猪 尾/留置时间＜180天,001015,输尿管支架（带导丝）,湖南英术生命科技有限公司,,
C0103010011507121046,01-非血管介入治疗类材料,03-泌尿介入材料,01-输尿管支架,001-支架类,15-聚合物,071-带导丝/有涂层/单猪 尾/留置时间＜180天,001015,输尿管支架（带导丝）,欣格誉科技（无锡）有限公司,,
C0103010011507300972,01-非血管介入治疗类材料,03-泌尿介入材料,01-输尿管支架,001-支架类,15-聚合物,073-带导丝/有涂层/单猪 尾/留置时间≥365天,001015,输尿管支架（带导丝）,济南凯特工贸有限公司,,
C0103010011507312316,01-非血管介入治疗类材料,03-泌尿介入材料,01-输尿管支架,001-支架类,15-聚合物,073-带导丝/有涂层/单猪 尾/留置时间≥365天,001015,输尿管支架（带导丝）,广东省天佑医疗器械科技发展有限 公司,,
C0103010011507400884,01-非血管介入治疗类材料,03-泌尿介入材料,01-输尿管支架,001-支架类,15-聚合物,074-带导丝/有涂层/双猪 尾/留置时间＜180天,001015,输尿管支架（带导丝）,无锡华纳医疗科技有限公司,,
C0103010011507400972,01-非血管介入治疗类材料,03-泌尿介入材料,01-输尿管支架,001-支架类,15-聚合物,074-带导丝/有涂层/双猪 尾/留置时间＜180天,001015,输尿管支架（带导丝）,济南凯特工贸有限公司,,
C0103010011507401295,01-非血管介入治疗类材料,03-泌尿介入材料,01-输尿管支架,001-支架类,15-聚合物,074-带导丝/有涂层/双猪 尾/留置时间＜180天,001015,输尿管支架（带导丝）,深圳市康医博科技发展有限公司,,
C0103010011507402349,01-非血管介入治疗类材料,03-泌尿介入材料,01-输尿管支架,001-支架类,15-聚合物,074-带导丝/有涂层/双猪 尾/留置时间＜180天,001015,输尿管支架（带导丝）,吉林省沃鸿医疗器械制造有限公司,,
C0103010011507402462,01-非血管介入治疗类材料,03-泌尿介入材料,01-输尿管支架,001-支架类,15-聚合物,074-带导丝/有涂层/双猪 尾/留置时间＜180天,001015,输尿管支架（带导丝）,北京捷立德口腔医疗设备有限公司,,
C0103010011507403119,01-非血管介入治疗类材料,03-泌尿介入材料,01-输尿管支架,001-支架类,15-聚合物,074-带导丝/有涂层/双猪 尾/留置时间＜180天,001015,输尿管支架（带导丝）,微创优通医疗科技（嘉兴）有限公 司,,
C0103010011507403444,01-非血管介入治疗类材料,03-泌尿介入材料,01-输尿管支架,001-支架类,15-聚合物,074-带导丝/有涂层/双猪 尾/留置时间＜180天,001015,输尿管支架（带导丝）,苏州华美医疗器械有限公司,,
C0103010011507403607,01-非血管介入治疗类材料,03-泌尿介入材料,01-输尿管支架,001-支架类,15-聚合物,074-带导丝/有涂层/双猪 尾/留置时间＜180天,001015,输尿管支架（带导丝）,浙江创想医学科技有限公司,,
C0103010011507404462,01-非血管介入治疗类材料,03-泌尿介入材料,01-输尿管支架,001-支架类,15-聚合物,074-带导丝/有涂层/双猪 尾/留置时间＜180天,001015,输尿管支架（带导丝）,常熟市如保医疗器械销售有限公司,,
C0103010011507404470,01-非血管介入治疗类材料,03-泌尿介入材料,01-输尿管支架,001-支架类,15-聚合物,074-带导丝/有涂层/双猪 尾/留置时间＜180天,001015,输尿管支架（带导丝）,杭州安杰思医学科技股份有限公司,,
C0103010011507404479,01-非血管介入治疗类材料,03-泌尿介入材料,01-输尿管支架,001-支架类,15-聚合物,074-带导丝/有涂层/双猪 尾/留置时间＜180天,001015,输尿管支架（带导丝）,郑州迪奥医学技术有限公司,,
C0103010011507404566,01-非血管介入治疗类材料,03-泌尿介入材料,01-输尿管支架,001-支架类,15-聚合物,074-带导丝/有涂层/双猪 尾/留置时间＜180天,001015,输尿管支架（带导丝）,深圳库珀医疗股份有限公司,,
C0103010011507405400,01-非血管介入治疗类材料,03-泌尿介入材料,01-输尿管支架,001-支架类,15-聚合物,074-带导丝/有涂层/双猪 尾/留置时间＜180天,001015,输尿管支架（带导丝）,湖南依微迪医疗器械有限公司,,
C0103010011507405942,01-非血管介入治疗类材料,03-泌尿介入材料,01-输尿管支架,001-支架类,15-聚合物,074-带导丝/有涂层/双猪 尾/留置时间＜180天,001015,输尿管支架（带导丝）,湖北康泉医疗科技有限责任公司,,
C0103010011507406937,01-非血管介入治疗类材料,03-泌尿介入材料,01-输尿管支架,001-支架类,15-聚合物,074-带导丝/有涂层/双猪 尾/留置时间＜180天,001015,输尿管支架（带导丝）,江苏健之缘医械科技有限公司,,
C0103010011507407187,01-非血管介入治疗类材料,03-泌尿介入材料,01-输尿管支架,001-支架类,15-聚合物,074-带导丝/有涂层/双猪 尾/留置时间＜180天,001015,输尿管支架（带导丝）,山东威高集团医用高分子制品股份 有限公司,,
C0103010011507407543,01-非血管介入治疗类材料,03-泌尿介入材料,01-输尿管支架,001-支架类,15-聚合物,074-带导丝/有涂层/双猪 尾/留置时间＜180天,001015,输尿管支架（带导丝）,江苏健朗医疗科技股份有限公司,,
C0103010011507407655,01-非血管介入治疗类材料,03-泌尿介入材料,01-输尿管支架,001-支架类,15-聚合物,074-带导丝/有涂层/双猪 尾/留置时间＜180天,001015,输尿管支架（带导丝）,湖南瑞邦医疗科技发展有限公司,,
C0103010011507407708,01-非血管介入治疗类材料,03-泌尿介入材料,01-输尿管支架,001-支架类,15-聚合物,074-带导丝/有涂层/双猪 尾/留置时间＜180天,001015,输尿管支架（带导丝）,南京科泰柯林医疗科技有限公司,,
C0103010011507408041,01-非血管介入治疗类材料,03-泌尿介入材料,01-输尿管支架,001-支架类,15-聚合物,074-带导丝/有涂层/双猪 尾/留置时间＜180天,001015,输尿管支架（带导丝）,江苏唯德康医疗科技有限公司,,
C0103010011507408929,01-非血管介入治疗类材料,03-泌尿介入材料,01-输尿管支架,001-支架类,15-聚合物,074-带导丝/有涂层/双猪 尾/留置时间＜180天,001015,输尿管支架（带导丝）,上海埃尔顿医疗器械有限公司,,
C0103010011507409161,01-非血管介入治疗类材料,03-泌尿介入材料,01-输尿管支架,001-支架类,15-聚合物,074-带导丝/有涂层/双猪 尾/留置时间＜180天,001015,输尿管支架（带导丝）,张家港市欧凯医疗器械有限公司,,
C0103010011507409552,01-非血管介入治疗类材料,03-泌尿介入材料,01-输尿管支架,001-支架类,15-聚合物,074-带导丝/有涂层/双猪 尾/留置时间＜180天,001015,输尿管支架（带导丝）,大连库利艾特医疗制品有限公司,,
C0103010011507410100,01-非血管介入治疗类材料,03-泌尿介入材料,01-输尿管支架,001-支架类,15-聚合物,074-带导丝/有涂层/双猪 尾/留置时间＜180天,001015,输尿管支架（带导丝）,江苏伊凯医疗器械有限公司,,
C0103010011507411556,01-非血管介入治疗类材料,03-泌尿介入材料,01-输尿管支架,001-支架类,15-聚合物,074-带导丝/有涂层/双猪 尾/留置时间＜180天,001015,输尿管支架（带导丝）,苏州名创医疗科技有限公司,,
C0103010011507411775,01-非血管介入治疗类材料,03-泌尿介入材料,01-输尿管支架,001-支架类,15-聚合物,074-带导丝/有涂层/双猪 尾/留置时间＜180天,001015,输尿管支架（带导丝）,成都德信安创新医疗技术有限公司,,
C0103010011507411845,01-非血管介入治疗类材料,03-泌尿介入材料,01-输尿管支架,001-支架类,15-聚合物,074-带导丝/有涂层/双猪 尾/留置时间＜180天,001015,输尿管支架（带导丝）,深圳泰睿仕医疗科技有限公司,,
C0103010011507411889,01-非血管介入治疗类材料,03-泌尿介入材料,01-输尿管支架,001-支架类,15-聚合物,074-带导丝/有涂层/双猪 尾/留置时间＜180天,001015,输尿管支架（带导丝）,苏州市倍咏医疗科技有限公司,,
C0103010011507412004,01-非血管介入治疗类材料,03-泌尿介入材料,01-输尿管支架,001-支架类,15-聚合物,074-带导丝/有涂层/双猪 尾/留置时间＜180天,001015,输尿管支架（带导丝）,兰州红会医疗器械有限公司,,
C0103010011507412019,01-非血管介入治疗类材料,03-泌尿介入材料,01-输尿管支架,001-支架类,15-聚合物,074-带导丝/有涂层/双猪 尾/留置时间＜180天,001015,输尿管支架（带导丝）,深圳市惠心诺科技有限公司,,
C0103010011507412027,01-非血管介入治疗类材料,03-泌尿介入材料,01-输尿管支架,001-支架类,15-聚合物,074-带导丝/有涂层/双猪 尾/留置时间＜180天,001015,输尿管支架（带导丝）,河南诚安医疗科技有限公司,,
C0103010011507412037,01-非血管介入治疗类材料,03-泌尿介入材料,01-输尿管支架,001-支架类,15-聚合物,074-带导丝/有涂层/双猪 尾/留置时间＜180天,001015,输尿管支架（带导丝）,浙江医高医疗科技有限公司,,
C0103010011507412316,01-非血管介入治疗类材料,03-泌尿介入材料,01-输尿管支架,001-支架类,15-聚合物,074-带导丝/有涂层/双猪 尾/留置时间＜180天,001015,输尿管支架（带导丝）,广东省天佑医疗器械科技发展有限 公司,,
C0103010011507412330,01-非血管介入治疗类材料,03-泌尿介入材料,01-输尿管支架,001-支架类,15-聚合物,074-带导丝/有涂层/双猪 尾/留置时间＜180天,001015,输尿管支架（带导丝）,江西医为特科技有限公司,,
C0103010011507414419,01-非血管介入治疗类材料,03-泌尿介入材料,01-输尿管支架,001-支架类,15-聚合物,074-带导丝/有涂层/双猪 尾/留置时间＜180天,001015,输尿管支架（带导丝）,江西汉普医疗科技有限公司,,
C0103010011507414639,01-非血管介入治疗类材料,03-泌尿介入材料,01-输尿管支架,001-支架类,15-聚合物,074-带导丝/有涂层/双猪 尾/留置时间＜180天,001015,输尿管支架（带导丝）,武汉帕菲鱼医疗器械有限公司,,
C0103010011507416976,01-非血管介入治疗类材料,03-泌尿介入材料,01-输尿管支架,001-支架类,15-聚合物,074-带导丝/有涂层/双猪 尾/留置时间＜180天,001015,输尿管支架（带导丝）,湖南华林凯医疗科技有限公司,,
C0103010011507417584,01-非血管介入治疗类材料,03-泌尿介入材料,01-输尿管支架,001-支架类,15-聚合物,074-带导丝/有涂层/双猪 尾/留置时间＜180天,001015,输尿管支架（带导丝）,四川普瑞顺祥医疗器械有限公司,,
C0103010011507417881,01-非血管介入治疗类材料,03-泌尿介入材料,01-输尿管支架,001-支架类,15-聚合物,074-带导丝/有涂层/双猪 尾/留置时间＜180天,001015,输尿管支架（带导丝）,中科惠康生物科技成都有限公司,,
C0103010011507418821,01-非血管介入治疗类材料,03-泌尿介入材料,01-输尿管支架,001-支架类,15-聚合物,074-带导丝/有涂层/双猪 尾/留置时间＜180天,001015,输尿管支架（带导丝）,深圳大凡制造有限公司,,
C0103010011507418985,01-非血管介入治疗类材料,03-泌尿介入材料,01-输尿管支架,001-支架类,15-聚合物,074-带导丝/有涂层/双猪 尾/留置时间＜180天,001015,输尿管支架（带导丝）,湖南英术生命科技有限公司,,
C0103010011507419601,01-非血管介入治疗类材料,03-泌尿介入材料,01-输尿管支架,001-支架类,15-聚合物,074-带导丝/有涂层/双猪 尾/留置时间＜180天,001015,输尿管支架（带导丝）,湖南唯德康医疗科技有限公司,,
C0103010011507421046,01-非血管介入治疗类材料,03-泌尿介入材料,01-输尿管支架,001-支架类,15-聚合物,074-带导丝/有涂层/双猪 尾/留置时间＜180天,001015,输尿管支架（带导丝）,欣格誉科技（无锡）有限公司,,
C0103010011507424708,01-非血管介入治疗类材料,03-泌尿介入材料,01-输尿管支架,001-支架类,15-聚合物,074-带导丝/有涂层/双猪 尾/留置时间＜180天,001015,输尿管支架（带导丝）,深圳市医穗镁科技有限公司,,
C0103010011507502834,01-非血管介入治疗类材料,03-泌尿介入材料,01-输尿管支架,001-支架类,15-聚合物,075-带导丝/有涂层/双猪 尾/180≤留置时间＜365天,001015,输尿管支架（带导丝）,贝朗医疗（上海）国际贸易有限公 司,,
C0103010011507503119,01-非血管介入治疗类材料,03-泌尿介入材料,01-输尿管支架,001-支架类,15-聚合物,075-带导丝/有涂层/双猪 尾/180≤留置时间＜365天,001015,输尿管支架（带导丝）,微创优通医疗科技（嘉兴）有限公 司,,
C0103010011507508455,01-非血管介入治疗类材料,03-泌尿介入材料,01-输尿管支架,001-支架类,15-聚合物,075-带导丝/有涂层/双猪 尾/180≤留置时间＜365天,001015,输尿管支架（带导丝）,泰利福医疗器械商贸（上海）有限 公司,,
C0103010011507600972,01-非血管介入治疗类材料,03-泌尿介入材料,01-输尿管支架,001-支架类,15-聚合物,076-带导丝/有涂层/双猪 尾/留置时间≥365天,001015,输尿管支架（带导丝）,济南凯特工贸有限公司,,
C0103010011507603089,01-非血管介入治疗类材料,03-泌尿介入材料,01-输尿管支架,001-支架类,15-聚合物,076-带导丝/有涂层/双猪 尾/留置时间≥365天,001015,输尿管支架（带导丝）,库克（中国）医疗贸易有限公司,,
C0103010011507603119,01-非血管介入治疗类材料,03-泌尿介入材料,01-输尿管支架,001-支架类,15-聚合物,076-带导丝/有涂层/双猪 尾/留置时间≥365天,001015,输尿管支架（带导丝）,微创优通医疗科技（嘉兴）有限公 司,,
C0103010011507609154,01-非血管介入治疗类材料,03-泌尿介入材料,01-输尿管支架,001-支架类,15-聚合物,076-带导丝/有涂层/双猪 尾/留置时间≥365天,001015,输尿管支架（带导丝）,莱凯医疗器械（北京）有限公司,,
C0103010011507610290,01-非血管介入治疗类材料,03-泌尿介入材料,01-输尿管支架,001-支架类,15-聚合物,076-带导丝/有涂层/双猪 尾/留置时间≥365天,001015,输尿管支架（带导丝）,巴德医疗科技（上海）有限公司,,
C0103010011507611325,01-非血管介入治疗类材料,03-泌尿介入材料,01-输尿管支架,001-支架类,15-聚合物,076-带导丝/有涂层/双猪 尾/留置时间≥365天,001015,输尿管支架（带导丝）,波科国际医疗贸易（上海）有限公 司,,
C0103010011507612316,01-非血管介入治疗类材料,03-泌尿介入材料,01-输尿管支架,001-支架类,15-聚合物,076-带导丝/有涂层/双猪 尾/留置时间≥365天,001015,输尿管支架（带导丝）,广东省天佑医疗器械科技发展有限 公司,,
C0103010011507705400,01-非血管介入治疗类材料,03-泌尿介入材料,01-输尿管支架,001-支架类,15-聚合物,077-带导丝/有涂层/其他 形状/留置时间＜180天,001015,输尿管支架（带导丝）,湖南依微迪医疗器械有限公司,,
C0103010011507709154,01-非血管介入治疗类材料,03-泌尿介入材料,01-输尿管支架,001-支架类,15-聚合物,077-带导丝/有涂层/其他 形状/留置时间＜180天,001015,输尿管支架（带导丝）,莱凯医疗器械（北京）有限公司,,
C0103010011507709552,01-非血管介入治疗类材料,03-泌尿介入材料,01-输尿管支架,001-支架类,15-聚合物,077-带导丝/有涂层/其他 形状/留置时间＜180天,001015,输尿管支架（带导丝）,大连库利艾特医疗制品有限公司,,
C0103010011507910290,01-非血管介入治疗类材料,03-泌尿介入材料,01-输尿管支架,001-支架类,15-聚合物,079-带导丝/有涂层/其他 形状/留置时间≥365天,001015,输尿管支架（带导丝）,巴德医疗科技（上海）有限公司,,
C0103010011508000972,01-非血管介入治疗类材料,03-泌尿介入材料,01-输尿管支架,001-支架类,15-聚合物,080-带导丝/无涂层/单猪 尾/留置时间＜180天,001015,输尿管支架（带导丝）,济南凯特工贸有限公司,,
C0103010011508002343,01-非血管介入治疗类材料,03-泌尿介入材料,01-输尿管支架,001-支架类,15-聚合物,080-带导丝/无涂层/单猪 尾/留置时间＜180天,001015,输尿管支架（带导丝）,富纳德科技（北京）有限公司,,
C0103010011508002349,01-非血管介入治疗类材料,03-泌尿介入材料,01-输尿管支架,001-支架类,15-聚合物,080-带导丝/无涂层/单猪 尾/留置时间＜180天,001015,输尿管支架（带导丝）,吉林省沃鸿医疗器械制造有限公司,,
C0103010011508002462,01-非血管介入治疗类材料,03-泌尿介入材料,01-输尿管支架,001-支架类,15-聚合物,080-带导丝/无涂层/单猪 尾/留置时间＜180天,001015,输尿管支架（带导丝）,北京捷立德口腔医疗设备有限公司,,
C0103010011508003089,01-非血管介入治疗类材料,03-泌尿介入材料,01-输尿管支架,001-支架类,15-聚合物,080-带导丝/无涂层/单猪 尾/留置时间＜180天,001015,输尿管支架（带导丝）,库克（中国）医疗贸易有限公司,,
C0103010011508003444,01-非血管介入治疗类材料,03-泌尿介入材料,01-输尿管支架,001-支架类,15-聚合物,080-带导丝/无涂层/单猪 尾/留置时间＜180天,001015,输尿管支架（带导丝）,苏州华美医疗器械有限公司,,
C0103010011508003912,01-非血管介入治疗类材料,03-泌尿介入材料,01-输尿管支架,001-支架类,15-聚合物,080-带导丝/无涂层/单猪 尾/留置时间＜180天,001015,输尿管支架（带导丝）,镇江市许布医疗器械有限公司,,
C0103010011508004200,01-非血管介入治疗类材料,03-泌尿介入材料,01-输尿管支架,001-支架类,15-聚合物,080-带导丝/无涂层/单猪 尾/留置时间＜180天,001015,输尿管支架（带导丝）,江苏荣业科技有限公司,,
C0103010011508004220,01-非血管介入治疗类材料,03-泌尿介入材料,01-输尿管支架,001-支架类,15-聚合物,080-带导丝/无涂层/单猪 尾/留置时间＜180天,001015,输尿管支架（带导丝）,东莞市正生瑞生物医学科技有限公 司,,
C0103010011508004470,01-非血管介入治疗类材料,03-泌尿介入材料,01-输尿管支架,001-支架类,15-聚合物,080-带导丝/无涂层/单猪 尾/留置时间＜180天,001015,输尿管支架（带导丝）,杭州安杰思医学科技股份有限公司,,
C0103010011508004566,01-非血管介入治疗类材料,03-泌尿介入材料,01-输尿管支架,001-支架类,15-聚合物,080-带导丝/无涂层/单猪 尾/留置时间＜180天,001015,输尿管支架（带导丝）,深圳库珀医疗股份有限公司,,
C0103010011508004655,01-非血管介入治疗类材料,03-泌尿介入材料,01-输尿管支架,001-支架类,15-聚合物,080-带导丝/无涂层/单猪 尾/留置时间＜180天,001015,输尿管支架（带导丝）,济南中康顺医疗器械有限公司,,
C0103010011508005459,01-非血管介入治疗类材料,03-泌尿介入材料,01-输尿管支架,001-支架类,15-聚合物,080-带导丝/无涂层/单猪 尾/留置时间＜180天,001015,输尿管支架（带导丝）,河南健和实业有限公司,,
C0103010011508005942,01-非血管介入治疗类材料,03-泌尿介入材料,01-输尿管支架,001-支架类,15-聚合物,080-带导丝/无涂层/单猪 尾/留置时间＜180天,001015,输尿管支架（带导丝）,湖北康泉医疗科技有限责任公司,,
C0103010011508007655,01-非血管介入治疗类材料,03-泌尿介入材料,01-输尿管支架,001-支架类,15-聚合物,080-带导丝/无涂层/单猪 尾/留置时间＜180天,001015,输尿管支架（带导丝）,湖南瑞邦医疗科技发展有限公司,,
C0103010011508007760,01-非血管介入治疗类材料,03-泌尿介入材料,01-输尿管支架,001-支架类,15-聚合物,080-带导丝/无涂层/单猪 尾/留置时间＜180天,001015,输尿管支架（带导丝）,江苏耀华医疗器械科技有限公司,,
C0103010011508009154,01-非血管介入治疗类材料,03-泌尿介入材料,01-输尿管支架,001-支架类,15-聚合物,080-带导丝/无涂层/单猪 尾/留置时间＜180天,001015,输尿管支架（带导丝）,莱凯医疗器械（北京）有限公司,,
C0103010011508009161,01-非血管介入治疗类材料,03-泌尿介入材料,01-输尿管支架,001-支架类,15-聚合物,080-带导丝/无涂层/单猪 尾/留置时间＜180天,001015,输尿管支架（带导丝）,张家港市欧凯医疗器械有限公司,,
C0103010011508009413,01-非血管介入治疗类材料,03-泌尿介入材料,01-输尿管支架,001-支架类,15-聚合物,080-带导丝/无涂层/单猪 尾/留置时间＜180天,001015,输尿管支架（带导丝）,湖南华福医疗器械科技有限公司,,
C0103010011508009731,01-非血管介入治疗类材料,03-泌尿介入材料,01-输尿管支架,001-支架类,15-聚合物,080-带导丝/无涂层/单猪 尾/留置时间＜180天,001015,输尿管支架（带导丝）,苏州新区景欣医疗用品有限公司,,
C0103010011508010100,01-非血管介入治疗类材料,03-泌尿介入材料,01-输尿管支架,001-支架类,15-聚合物,080-带导丝/无涂层/单猪 尾/留置时间＜180天,001015,输尿管支架（带导丝）,江苏伊凯医疗器械有限公司,,
C0103010011508010290,01-非血管介入治疗类材料,03-泌尿介入材料,01-输尿管支架,001-支架类,15-聚合物,080-带导丝/无涂层/单猪 尾/留置时间＜180天,001015,输尿管支架（带导丝）,巴德医疗科技（上海）有限公司,,
C0103010011508010495,01-非血管介入治疗类材料,03-泌尿介入材料,01-输尿管支架,001-支架类,15-聚合物,080-带导丝/无涂层/单猪 尾/留置时间＜180天,001015,输尿管支架（带导丝）,深圳市益心达医学新技术有限公司,,
C0103010011508011081,01-非血管介入治疗类材料,03-泌尿介入材料,01-输尿管支架,001-支架类,15-聚合物,080-带导丝/无涂层/单猪 尾/留置时间＜180天,001015,输尿管支架（带导丝）,荆州市益海科技有限公司,,
C0103010011508011173,01-非血管介入治疗类材料,03-泌尿介入材料,01-输尿管支架,001-支架类,15-聚合物,080-带导丝/无涂层/单猪 尾/留置时间＜180天,001015,输尿管支架（带导丝）,苏州市鑫达医疗器材有限公司,,
C0103010011508011845,01-非血管介入治疗类材料,03-泌尿介入材料,01-输尿管支架,001-支架类,15-聚合物,080-带导丝/无涂层/单猪 尾/留置时间＜180天,001015,输尿管支架（带导丝）,深圳泰睿仕医疗科技有限公司,,
C0103010011508012004,01-非血管介入治疗类材料,03-泌尿介入材料,01-输尿管支架,001-支架类,15-聚合物,080-带导丝/无涂层/单猪 尾/留置时间＜180天,001015,输尿管支架（带导丝）,兰州红会医疗器械有限公司,,
C0103010011508012037,01-非血管介入治疗类材料,03-泌尿介入材料,01-输尿管支架,001-支架类,15-聚合物,080-带导丝/无涂层/单猪 尾/留置时间＜180天,001015,输尿管支架（带导丝）,浙江医高医疗科技有限公司,,
C0103010011508012308,01-非血管介入治疗类材料,03-泌尿介入材料,01-输尿管支架,001-支架类,15-聚合物,080-带导丝/无涂层/单猪 尾/留置时间＜180天,001015,输尿管支架（带导丝）,江苏格里特医疗科技有限公司,,
C0103010011508014419,01-非血管介入治疗类材料,03-泌尿介入材料,01-输尿管支架,001-支架类,15-聚合物,080-带导丝/无涂层/单猪 尾/留置时间＜180天,001015,输尿管支架（带导丝）,江西汉普医疗科技有限公司,,
C0103010011508017320,01-非血管介入治疗类材料,03-泌尿介入材料,01-输尿管支架,001-支架类,15-聚合物,080-带导丝/无涂层/单猪 尾/留置时间＜180天,001015,输尿管支架（带导丝）,邦美泰医疗科技（广东）有限公司,,
C0103010011508017584,01-非血管介入治疗类材料,03-泌尿介入材料,01-输尿管支架,001-支架类,15-聚合物,080-带导丝/无涂层/单猪 尾/留置时间＜180天,001015,输尿管支架（带导丝）,四川普瑞顺祥医疗器械有限公司,,
C0103010011508018062,01-非血管介入治疗类材料,03-泌尿介入材料,01-输尿管支架,001-支架类,15-聚合物,080-带导丝/无涂层/单猪 尾/留置时间＜180天,001015,输尿管支架（带导丝）,常州瑞迈医疗科技有限公司,,
C0103010011508018688,01-非血管介入治疗类材料,03-泌尿介入材料,01-输尿管支架,001-支架类,15-聚合物,080-带导丝/无涂层/单猪 尾/留置时间＜180天,001015,输尿管支架（带导丝）,海昇(南京)医疗科技有限公司,,
C0103010011508019507,01-非血管介入治疗类材料,03-泌尿介入材料,01-输尿管支架,001-支架类,15-聚合物,080-带导丝/无涂层/单猪 尾/留置时间＜180天,001015,输尿管支架（带导丝）,安徽徕康医疗器械有限公司,,
C0103010011508020362,01-非血管介入治疗类材料,03-泌尿介入材料,01-输尿管支架,001-支架类,15-聚合物,080-带导丝/无涂层/单猪 尾/留置时间＜180天,001015,输尿管支架（带导丝）,安胜医疗科技（深圳）有限公司,,
C0103010011508024091,01-非血管介入治疗类材料,03-泌尿介入材料,01-输尿管支架,001-支架类,15-聚合物,080-带导丝/无涂层/单猪 尾/留置时间＜180天,001015,输尿管支架（带导丝）,江苏冠德医疗器械科技发展有限公 司,,
C0103010011508024708,01-非血管介入治疗类材料,03-泌尿介入材料,01-输尿管支架,001-支架类,15-聚合物,080-带导丝/无涂层/单猪 尾/留置时间＜180天,001015,输尿管支架（带导丝）,深圳市医穗镁科技有限公司,,
C0103010011508112316,01-非血管介入治疗类材料,03-泌尿介入材料,01-输尿管支架,001-支架类,15-聚合物,081-带导丝/无涂层/单猪 尾/180≤留置时间＜365天,001015,输尿管支架（带导丝）,广东省天佑医疗器械科技发展有限 公司,,
C0103010011508200972,01-非血管介入治疗类材料,03-泌尿介入材料,01-输尿管支架,001-支架类,15-聚合物,082-带导丝/无涂层/单猪 尾/留置时间≥365天,001015,输尿管支架（带导丝）,济南凯特工贸有限公司,,
C0103010011508300884,01-非血管介入治疗类材料,03-泌尿介入材料,01-输尿管支架,001-支架类,15-聚合物,083-带导丝/无涂层/双猪 尾/留置时间＜180天,001015,输尿管支架（带导丝）,无锡华纳医疗科技有限公司,,
C0103010011508300972,01-非血管介入治疗类材料,03-泌尿介入材料,01-输尿管支架,001-支架类,15-聚合物,083-带导丝/无涂层/双猪 尾/留置时间＜180天,001015,输尿管支架（带导丝）,济南凯特工贸有限公司,,
C0103010011508301682,01-非血管介入治疗类材料,03-泌尿介入材料,01-输尿管支架,001-支架类,15-聚合物,083-带导丝/无涂层/双猪 尾/留置时间＜180天,001015,输尿管支架（带导丝）,广州维力医疗器械股份有限公司,,
C0103010011508302343,01-非血管介入治疗类材料,03-泌尿介入材料,01-输尿管支架,001-支架类,15-聚合物,083-带导丝/无涂层/双猪 尾/留置时间＜180天,001015,输尿管支架（带导丝）,富纳德科技（北京）有限公司,,
C0103010011508302349,01-非血管介入治疗类材料,03-泌尿介入材料,01-输尿管支架,001-支架类,15-聚合物,083-带导丝/无涂层/双猪 尾/留置时间＜180天,001015,输尿管支架（带导丝）,吉林省沃鸿医疗器械制造有限公司,,
C0103010011508302462,01-非血管介入治疗类材料,03-泌尿介入材料,01-输尿管支架,001-支架类,15-聚合物,083-带导丝/无涂层/双猪 尾/留置时间＜180天,001015,输尿管支架（带导丝）,北京捷立德口腔医疗设备有限公司,,
C0103010011508302575,01-非血管介入治疗类材料,03-泌尿介入材料,01-输尿管支架,001-支架类,15-聚合物,083-带导丝/无涂层/双猪 尾/留置时间＜180天,001015,输尿管支架（带导丝）,厦门鑫康顺医疗科技有限公司,,
C0103010011508303119,01-非血管介入治疗类材料,03-泌尿介入材料,01-输尿管支架,001-支架类,15-聚合物,083-带导丝/无涂层/双猪 尾/留置时间＜180天,001015,输尿管支架（带导丝）,微创优通医疗科技（嘉兴）有限公 司,,
C0103010011508303444,01-非血管介入治疗类材料,03-泌尿介入材料,01-输尿管支架,001-支架类,15-聚合物,083-带导丝/无涂层/双猪 尾/留置时间＜180天,001015,输尿管支架（带导丝）,苏州华美医疗器械有限公司,,
C0103010011508303732,01-非血管介入治疗类材料,03-泌尿介入材料,01-输尿管支架,001-支架类,15-聚合物,083-带导丝/无涂层/双猪 尾/留置时间＜180天,001015,输尿管支架（带导丝）,中山市普利斯微创介入医械有限公 司,,
C0103010011508303912,01-非血管介入治疗类材料,03-泌尿介入材料,01-输尿管支架,001-支架类,15-聚合物,083-带导丝/无涂层/双猪 尾/留置时间＜180天,001015,输尿管支架（带导丝）,镇江市许布医疗器械有限公司,,
C0103010011508304200,01-非血管介入治疗类材料,03-泌尿介入材料,01-输尿管支架,001-支架类,15-聚合物,083-带导丝/无涂层/双猪 尾/留置时间＜180天,001015,输尿管支架（带导丝）,江苏荣业科技有限公司,,
C0103010011508304220,01-非血管介入治疗类材料,03-泌尿介入材料,01-输尿管支架,001-支架类,15-聚合物,083-带导丝/无涂层/双猪 尾/留置时间＜180天,001015,输尿管支架（带导丝）,东莞市正生瑞生物医学科技有限公 司,,
C0103010011508304470,01-非血管介入治疗类材料,03-泌尿介入材料,01-输尿管支架,001-支架类,15-聚合物,083-带导丝/无涂层/双猪 尾/留置时间＜180天,001015,输尿管支架（带导丝）,杭州安杰思医学科技股份有限公司,,
C0103010011508304479,01-非血管介入治疗类材料,03-泌尿介入材料,01-输尿管支架,001-支架类,15-聚合物,083-带导丝/无涂层/双猪 尾/留置时间＜180天,001015,输尿管支架（带导丝）,郑州迪奥医学技术有限公司,,
C0103010011508304566,01-非血管介入治疗类材料,03-泌尿介入材料,01-输尿管支架,001-支架类,15-聚合物,083-带导丝/无涂层/双猪 尾/留置时间＜180天,001015,输尿管支架（带导丝）,深圳库珀医疗股份有限公司,,
C0103010011508304655,01-非血管介入治疗类材料,03-泌尿介入材料,01-输尿管支架,001-支架类,15-聚合物,083-带导丝/无涂层/双猪 尾/留置时间＜180天,001015,输尿管支架（带导丝）,济南中康顺医疗器械有限公司,,
C0103010011508304740,01-非血管介入治疗类材料,03-泌尿介入材料,01-输尿管支架,001-支架类,15-聚合物,083-带导丝/无涂层/双猪 尾/留置时间＜180天,001015,输尿管支架（带导丝）,河南驼人贝斯特医疗器械有限公司,,
C0103010011508305400,01-非血管介入治疗类材料,03-泌尿介入材料,01-输尿管支架,001-支架类,15-聚合物,083-带导丝/无涂层/双猪 尾/留置时间＜180天,001015,输尿管支架（带导丝）,湖南依微迪医疗器械有限公司,,
C0103010011508305459,01-非血管介入治疗类材料,03-泌尿介入材料,01-输尿管支架,001-支架类,15-聚合物,083-带导丝/无涂层/双猪 尾/留置时间＜180天,001015,输尿管支架（带导丝）,河南健和实业有限公司,,
C0103010011508305942,01-非血管介入治疗类材料,03-泌尿介入材料,01-输尿管支架,001-支架类,15-聚合物,083-带导丝/无涂层/双猪 尾/留置时间＜180天,001015,输尿管支架（带导丝）,湖北康泉医疗科技有限责任公司,,
C0103010011508306761,01-非血管介入治疗类材料,03-泌尿介入材料,01-输尿管支架,001-支架类,15-聚合物,083-带导丝/无涂层/双猪 尾/留置时间＜180天,001015,输尿管支架（带导丝）,中山博睿医疗器械有限公司,,
C0103010011508306800,01-非血管介入治疗类材料,03-泌尿介入材料,01-输尿管支架,001-支架类,15-聚合物,083-带导丝/无涂层/双猪 尾/留置时间＜180天,001015,输尿管支架（带导丝）,百合医疗科技（武汉）有限公司,,
C0103010011508307655,01-非血管介入治疗类材料,03-泌尿介入材料,01-输尿管支架,001-支架类,15-聚合物,083-带导丝/无涂层/双猪 尾/留置时间＜180天,001015,输尿管支架（带导丝）,湖南瑞邦医疗科技发展有限公司,,
C0103010011508307708,01-非血管介入治疗类材料,03-泌尿介入材料,01-输尿管支架,001-支架类,15-聚合物,083-带导丝/无涂层/双猪 尾/留置时间＜180天,001015,输尿管支架（带导丝）,南京科泰柯林医疗科技有限公司,,
C0103010011508307760,01-非血管介入治疗类材料,03-泌尿介入材料,01-输尿管支架,001-支架类,15-聚合物,083-带导丝/无涂层/双猪 尾/留置时间＜180天,001015,输尿管支架（带导丝）,江苏耀华医疗器械科技有限公司,,
C0103010011508307782,01-非血管介入治疗类材料,03-泌尿介入材料,01-输尿管支架,001-支架类,15-聚合物,083-带导丝/无涂层/双猪 尾/留置时间＜180天,001015,输尿管支架（带导丝）,苏州佳洲医疗器械有限公司,,
C0103010011508307812,01-非血管介入治疗类材料,03-泌尿介入材料,01-输尿管支架,001-支架类,15-聚合物,083-带导丝/无涂层/双猪 尾/留置时间＜180天,001015,输尿管支架（带导丝）,苏州新区华盛医疗器械有限公司,,
C0103010011508308367,01-非血管介入治疗类材料,03-泌尿介入材料,01-输尿管支架,001-支架类,15-聚合物,083-带导丝/无涂层/双猪 尾/留置时间＜180天,001015,输尿管支架（带导丝）,宜春善德科技有限公司,,
C0103010011508309154,01-非血管介入治疗类材料,03-泌尿介入材料,01-输尿管支架,001-支架类,15-聚合物,083-带导丝/无涂层/双猪 尾/留置时间＜180天,001015,输尿管支架（带导丝）,莱凯医疗器械（北京）有限公司,,
C0103010011508309161,01-非血管介入治疗类材料,03-泌尿介入材料,01-输尿管支架,001-支架类,15-聚合物,083-带导丝/无涂层/双猪 尾/留置时间＜180天,001015,输尿管支架（带导丝）,张家港市欧凯医疗器械有限公司,,
C0103010011508309197,01-非血管介入治疗类材料,03-泌尿介入材料,01-输尿管支架,001-支架类,15-聚合物,083-带导丝/无涂层/双猪 尾/留置时间＜180天,001015,输尿管支架（带导丝）,广东龙心医疗器械有限公司,,
C0103010011508309344,01-非血管介入治疗类材料,03-泌尿介入材料,01-输尿管支架,001-支架类,15-聚合物,083-带导丝/无涂层/双猪 尾/留置时间＜180天,001015,输尿管支架（带导丝）,深圳麦普奇医疗科技有限公司,,
C0103010011508309413,01-非血管介入治疗类材料,03-泌尿介入材料,01-输尿管支架,001-支架类,15-聚合物,083-带导丝/无涂层/双猪 尾/留置时间＜180天,001015,输尿管支架（带导丝）,湖南华福医疗器械科技有限公司,,
C0103010011508309731,01-非血管介入治疗类材料,03-泌尿介入材料,01-输尿管支架,001-支架类,15-聚合物,083-带导丝/无涂层/双猪 尾/留置时间＜180天,001015,输尿管支架（带导丝）,苏州新区景欣医疗用品有限公司,,
C0103010011508309862,01-非血管介入治疗类材料,03-泌尿介入材料,01-输尿管支架,001-支架类,15-聚合物,083-带导丝/无涂层/双猪 尾/留置时间＜180天,001015,输尿管支架（带导丝）,张家港市沙工医疗器械科技发展有 限公司,,
C0103010011508310100,01-非血管介入治疗类材料,03-泌尿介入材料,01-输尿管支架,001-支架类,15-聚合物,083-带导丝/无涂层/双猪 尾/留置时间＜180天,001015,输尿管支架（带导丝）,江苏伊凯医疗器械有限公司,,
C0103010011508310495,01-非血管介入治疗类材料,03-泌尿介入材料,01-输尿管支架,001-支架类,15-聚合物,083-带导丝/无涂层/双猪 尾/留置时间＜180天,001015,输尿管支架（带导丝）,深圳市益心达医学新技术有限公司,,
C0103010011508310872,01-非血管介入治疗类材料,03-泌尿介入材料,01-输尿管支架,001-支架类,15-聚合物,083-带导丝/无涂层/双猪 尾/留置时间＜180天,001015,输尿管支架（带导丝）,上海英诺伟医疗器械股份有限公司,,
C0103010011508311081,01-非血管介入治疗类材料,03-泌尿介入材料,01-输尿管支架,001-支架类,15-聚合物,083-带导丝/无涂层/双猪 尾/留置时间＜180天,001015,输尿管支架（带导丝）,荆州市益海科技有限公司,,
C0103010011508311173,01-非血管介入治疗类材料,03-泌尿介入材料,01-输尿管支架,001-支架类,15-聚合物,083-带导丝/无涂层/双猪 尾/留置时间＜180天,001015,输尿管支架（带导丝）,苏州市鑫达医疗器材有限公司,,
C0103010011508311241,01-非血管介入治疗类材料,03-泌尿介入材料,01-输尿管支架,001-支架类,15-聚合物,083-带导丝/无涂层/双猪 尾/留置时间＜180天,001015,输尿管支架（带导丝）,深圳市保安医疗用品有限公司,,
C0103010011508311556,01-非血管介入治疗类材料,03-泌尿介入材料,01-输尿管支架,001-支架类,15-聚合物,083-带导丝/无涂层/双猪 尾/留置时间＜180天,001015,输尿管支架（带导丝）,苏州名创医疗科技有限公司,,
C0103010011508311845,01-非血管介入治疗类材料,03-泌尿介入材料,01-输尿管支架,001-支架类,15-聚合物,083-带导丝/无涂层/双猪 尾/留置时间＜180天,001015,输尿管支架（带导丝）,深圳泰睿仕医疗科技有限公司,,
C0103010011508311889,01-非血管介入治疗类材料,03-泌尿介入材料,01-输尿管支架,001-支架类,15-聚合物,083-带导丝/无涂层/双猪 尾/留置时间＜180天,001015,输尿管支架（带导丝）,苏州市倍咏医疗科技有限公司,,
C0103010011508312004,01-非血管介入治疗类材料,03-泌尿介入材料,01-输尿管支架,001-支架类,15-聚合物,083-带导丝/无涂层/双猪 尾/留置时间＜180天,001015,输尿管支架（带导丝）,兰州红会医疗器械有限公司,,
C0103010011508312037,01-非血管介入治疗类材料,03-泌尿介入材料,01-输尿管支架,001-支架类,15-聚合物,083-带导丝/无涂层/双猪 尾/留置时间＜180天,001015,输尿管支架（带导丝）,浙江医高医疗科技有限公司,,
C0103010011508312308,01-非血管介入治疗类材料,03-泌尿介入材料,01-输尿管支架,001-支架类,15-聚合物,083-带导丝/无涂层/双猪 尾/留置时间＜180天,001015,输尿管支架（带导丝）,江苏格里特医疗科技有限公司,,
C0103010011508312446,01-非血管介入治疗类材料,03-泌尿介入材料,01-输尿管支架,001-支架类,15-聚合物,083-带导丝/无涂层/双猪 尾/留置时间＜180天,001015,输尿管支架（带导丝）,上海安清医疗器械有限公司,,
C0103010011508313035,01-非血管介入治疗类材料,03-泌尿介入材料,01-输尿管支架,001-支架类,15-聚合物,083-带导丝/无涂层/双猪 尾/留置时间＜180天,001015,输尿管支架（带导丝）,威海威博医疗科技有限公司,,
C0103010011508314209,01-非血管介入治疗类材料,03-泌尿介入材料,01-输尿管支架,001-支架类,15-聚合物,083-带导丝/无涂层/双猪 尾/留置时间＜180天,001015,输尿管支架（带导丝）,浙江睿丁生物科技有限公司,,
C0103010011508314419,01-非血管介入治疗类材料,03-泌尿介入材料,01-输尿管支架,001-支架类,15-聚合物,083-带导丝/无涂层/双猪 尾/留置时间＜180天,001015,输尿管支架（带导丝）,江西汉普医疗科技有限公司,,
C0103010011508315332,01-非血管介入治疗类材料,03-泌尿介入材料,01-输尿管支架,001-支架类,15-聚合物,083-带导丝/无涂层/双猪 尾/留置时间＜180天,001015,输尿管支架（带导丝）,深圳市金成锐医疗科技有限公司,,
C0103010011508316108,01-非血管介入治疗类材料,03-泌尿介入材料,01-输尿管支架,001-支架类,15-聚合物,083-带导丝/无涂层/双猪 尾/留置时间＜180天,001015,输尿管支架（带导丝）,苏州瑞卓源医学科技有限公司,,
C0103010011508316542,01-非血管介入治疗类材料,03-泌尿介入材料,01-输尿管支架,001-支架类,15-聚合物,083-带导丝/无涂层/双猪 尾/留置时间＜180天,001015,输尿管支架（带导丝）,深圳市世格赛思医疗科技有限公司,,
C0103010011508316976,01-非血管介入治疗类材料,03-泌尿介入材料,01-输尿管支架,001-支架类,15-聚合物,083-带导丝/无涂层/双猪 尾/留置时间＜180天,001015,输尿管支架（带导丝）,湖南华林凯医疗科技有限公司,,
C0103010011508317171,01-非血管介入治疗类材料,03-泌尿介入材料,01-输尿管支架,001-支架类,15-聚合物,083-带导丝/无涂层/双猪 尾/留置时间＜180天,001015,输尿管支架（带导丝）,湖南微脉通医疗科技有限公司,,
C0103010011508317320,01-非血管介入治疗类材料,03-泌尿介入材料,01-输尿管支架,001-支架类,15-聚合物,083-带导丝/无涂层/双猪 尾/留置时间＜180天,001015,输尿管支架（带导丝）,邦美泰医疗科技（广东）有限公司,,
C0103010011508317584,01-非血管介入治疗类材料,03-泌尿介入材料,01-输尿管支架,001-支架类,15-聚合物,083-带导丝/无涂层/双猪 尾/留置时间＜180天,001015,输尿管支架（带导丝）,四川普瑞顺祥医疗器械有限公司,,
C0103010011508318062,01-非血管介入治疗类材料,03-泌尿介入材料,01-输尿管支架,001-支架类,15-聚合物,083-带导丝/无涂层/双猪 尾/留置时间＜180天,001015,输尿管支架（带导丝）,常州瑞迈医疗科技有限公司,,
C0103010011508318688,01-非血管介入治疗类材料,03-泌尿介入材料,01-输尿管支架,001-支架类,15-聚合物,083-带导丝/无涂层/双猪 尾/留置时间＜180天,001015,输尿管支架（带导丝）,海昇(南京)医疗科技有限公司,,
C0103010011508319507,01-非血管介入治疗类材料,03-泌尿介入材料,01-输尿管支架,001-支架类,15-聚合物,083-带导丝/无涂层/双猪 尾/留置时间＜180天,001015,输尿管支架（带导丝）,安徽徕康医疗器械有限公司,,
C0103010011508320362,01-非血管介入治疗类材料,03-泌尿介入材料,01-输尿管支架,001-支架类,15-聚合物,083-带导丝/无涂层/双猪 尾/留置时间＜180天,001015,输尿管支架（带导丝）,安胜医疗科技（深圳）有限公司,,
C0103010011508320987,01-非血管介入治疗类材料,03-泌尿介入材料,01-输尿管支架,001-支架类,15-聚合物,083-带导丝/无涂层/双猪 尾/留置时间＜180天,001015,输尿管支架（带导丝）,河南省豫北医疗科技有限公司,,
C0103010011508324091,01-非血管介入治疗类材料,03-泌尿介入材料,01-输尿管支架,001-支架类,15-聚合物,083-带导丝/无涂层/双猪 尾/留置时间＜180天,001015,输尿管支架（带导丝）,江苏冠德医疗器械科技发展有限公 司,,
C0103010011508324708,01-非血管介入治疗类材料,03-泌尿介入材料,01-输尿管支架,001-支架类,15-聚合物,083-带导丝/无涂层/双猪 尾/留置时间＜180天,001015,输尿管支架（带导丝）,深圳市医穗镁科技有限公司,,
C0103010011508403089,01-非血管介入治疗类材料,03-泌尿介入材料,01-输尿管支架,001-支架类,15-聚合物,084-带导丝/无涂层/双猪 尾/180≤留置时间＜365天,001015,输尿管支架（带导丝）,库克（中国）医疗贸易有限公司,,
C0103010011508403119,01-非血管介入治疗类材料,03-泌尿介入材料,01-输尿管支架,001-支架类,15-聚合物,084-带导丝/无涂层/双猪 尾/180≤留置时间＜365天,001015,输尿管支架（带导丝）,微创优通医疗科技（嘉兴）有限公 司,,
C0103010011508404566,01-非血管介入治疗类材料,03-泌尿介入材料,01-输尿管支架,001-支架类,15-聚合物,084-带导丝/无涂层/双猪 尾/180≤留置时间＜365天,001015,输尿管支架（带导丝）,深圳库珀医疗股份有限公司,,
C0103010011508404655,01-非血管介入治疗类材料,03-泌尿介入材料,01-输尿管支架,001-支架类,15-聚合物,084-带导丝/无涂层/双猪 尾/180≤留置时间＜365天,001015,输尿管支架（带导丝）,济南中康顺医疗器械有限公司,,
C0103010011508408455,01-非血管介入治疗类材料,03-泌尿介入材料,01-输尿管支架,001-支架类,15-聚合物,084-带导丝/无涂层/双猪 尾/180≤留置时间＜365天,001015,输尿管支架（带导丝）,泰利福医疗器械商贸（上海）有限 公司,,
C0103010011508410290,01-非血管介入治疗类材料,03-泌尿介入材料,01-输尿管支架,001-支架类,15-聚合物,084-带导丝/无涂层/双猪 尾/180≤留置时间＜365天,001015,输尿管支架（带导丝）,巴德医疗科技（上海）有限公司,,
C0103010011508412316,01-非血管介入治疗类材料,03-泌尿介入材料,01-输尿管支架,001-支架类,15-聚合物,084-带导丝/无涂层/双猪 尾/180≤留置时间＜365天,001015,输尿管支架（带导丝）,广东省天佑医疗器械科技发展有限 公司,,
C0103010011508418223,01-非血管介入治疗类材料,03-泌尿介入材料,01-输尿管支架,001-支架类,15-聚合物,084-带导丝/无涂层/双猪 尾/180≤留置时间＜365天,001015,输尿管支架（带导丝）,山东颐诺医疗科技有限公司,,
C0103010011508500972,01-非血管介入治疗类材料,03-泌尿介入材料,01-输尿管支架,001-支架类,15-聚合物,085-带导丝/无涂层/双猪 尾/留置时间≥365天,001015,输尿管支架（带导丝）,济南凯特工贸有限公司,,
C0103010011508503089,01-非血管介入治疗类材料,03-泌尿介入材料,01-输尿管支架,001-支架类,15-聚合物,085-带导丝/无涂层/双猪 尾/留置时间≥365天,001015,输尿管支架（带导丝）,库克（中国）医疗贸易有限公司,,
C0103010011508517584,01-非血管介入治疗类材料,03-泌尿介入材料,01-输尿管支架,001-支架类,15-聚合物,085-带导丝/无涂层/双猪 尾/留置时间≥365天,001015,输尿管支架（带导丝）,四川普瑞顺祥医疗器械有限公司,,
C0103010011508601682,01-非血管介入治疗类材料,03-泌尿介入材料,01-输尿管支架,001-支架类,15-聚合物,086-带导丝/无涂层/其他 形状/留置时间＜180天,001015,输尿管支架（带导丝）,广州维力医疗器械股份有限公司,,
C0103010011508602575,01-非血管介入治疗类材料,03-泌尿介入材料,01-输尿管支架,001-支架类,15-聚合物,086-带导丝/无涂层/其他 形状/留置时间＜180天,001015,输尿管支架（带导丝）,厦门鑫康顺医疗科技有限公司,,
C0103010011508603089,01-非血管介入治疗类材料,03-泌尿介入材料,01-输尿管支架,001-支架类,15-聚合物,086-带导丝/无涂层/其他 形状/留置时间＜180天,001015,输尿管支架（带导丝）,库克（中国）医疗贸易有限公司,,
C0103010011508604470,01-非血管介入治疗类材料,03-泌尿介入材料,01-输尿管支架,001-支架类,15-聚合物,086-带导丝/无涂层/其他 形状/留置时间＜180天,001015,输尿管支架（带导丝）,杭州安杰思医学科技股份有限公司,,
C0103010011508604566,01-非血管介入治疗类材料,03-泌尿介入材料,01-输尿管支架,001-支架类,15-聚合物,086-带导丝/无涂层/其他 形状/留置时间＜180天,001015,输尿管支架（带导丝）,深圳库珀医疗股份有限公司,,
C0103010011508609154,01-非血管介入治疗类材料,03-泌尿介入材料,01-输尿管支架,001-支架类,15-聚合物,086-带导丝/无涂层/其他 形状/留置时间＜180天,001015,输尿管支架（带导丝）,莱凯医疗器械（北京）有限公司,,
C0103010011508611845,01-非血管介入治疗类材料,03-泌尿介入材料,01-输尿管支架,001-支架类,15-聚合物,086-带导丝/无涂层/其他 形状/留置时间＜180天,001015,输尿管支架（带导丝）,深圳泰睿仕医疗科技有限公司,,
C0103010011508612308,01-非血管介入治疗类材料,03-泌尿介入材料,01-输尿管支架,001-支架类,15-聚合物,086-带导丝/无涂层/其他 形状/留置时间＜180天,001015,输尿管支架（带导丝）,江苏格里特医疗科技有限公司,,
C0103010011508624091,01-非血管介入治疗类材料,03-泌尿介入材料,01-输尿管支架,001-支架类,15-聚合物,086-带导丝/无涂层/其他 形状/留置时间＜180天,001015,输尿管支架（带导丝）,江苏冠德医疗器械科技发展有限公 司,,
C0103010011508900972,01-非血管介入治疗类材料,03-泌尿介入材料,01-输尿管支架,001-支架类,15-聚合物,089-不带导丝/有涂层/单 猪尾/留置时间＜180天,001016,输尿管支架（不带导丝）,济南凯特工贸有限公司,,
C0103010011508901295,01-非血管介入治疗类材料,03-泌尿介入材料,01-输尿管支架,001-支架类,15-聚合物,089-不带导丝/有涂层/单 猪尾/留置时间＜180天,001016,输尿管支架（不带导丝）,深圳市康医博科技发展有限公司,,
C0103010011508902349,01-非血管介入治疗类材料,03-泌尿介入材料,01-输尿管支架,001-支架类,15-聚合物,089-不带导丝/有涂层/单 猪尾/留置时间＜180天,001016,输尿管支架（不带导丝）,吉林省沃鸿医疗器械制造有限公司,,
C0103010011508903444,01-非血管介入治疗类材料,03-泌尿介入材料,01-输尿管支架,001-支架类,15-聚合物,089-不带导丝/有涂层/单 猪尾/留置时间＜180天,001016,输尿管支架（不带导丝）,苏州华美医疗器械有限公司,,
C0103010011508904470,01-非血管介入治疗类材料,03-泌尿介入材料,01-输尿管支架,001-支架类,15-聚合物,089-不带导丝/有涂层/单 猪尾/留置时间＜180天,001016,输尿管支架（不带导丝）,杭州安杰思医学科技股份有限公司,,
C0103010011508905400,01-非血管介入治疗类材料,03-泌尿介入材料,01-输尿管支架,001-支架类,15-聚合物,089-不带导丝/有涂层/单 猪尾/留置时间＜180天,001016,输尿管支架（不带导丝）,湖南依微迪医疗器械有限公司,,
C0103010011508905942,01-非血管介入治疗类材料,03-泌尿介入材料,01-输尿管支架,001-支架类,15-聚合物,089-不带导丝/有涂层/单 猪尾/留置时间＜180天,001016,输尿管支架（不带导丝）,湖北康泉医疗科技有限责任公司,,
C0103010011508907470,01-非血管介入治疗类材料,03-泌尿介入材料,01-输尿管支架,001-支架类,15-聚合物,089-不带导丝/有涂层/单 猪尾/留置时间＜180天,001016,输尿管支架（不带导丝）,江西狼和医疗器械有限公司,,
C0103010011508909161,01-非血管介入治疗类材料,03-泌尿介入材料,01-输尿管支架,001-支架类,15-聚合物,089-不带导丝/有涂层/单 猪尾/留置时间＜180天,001016,输尿管支架（不带导丝）,张家港市欧凯医疗器械有限公司,,
C0103010011508909552,01-非血管介入治疗类材料,03-泌尿介入材料,01-输尿管支架,001-支架类,15-聚合物,089-不带导丝/有涂层/单 猪尾/留置时间＜180天,001016,输尿管支架（不带导丝）,大连库利艾特医疗制品有限公司,,
C0103010011508910100,01-非血管介入治疗类材料,03-泌尿介入材料,01-输尿管支架,001-支架类,15-聚合物,089-不带导丝/有涂层/单 猪尾/留置时间＜180天,001016,输尿管支架（不带导丝）,江苏伊凯医疗器械有限公司,,
C0103010011508911775,01-非血管介入治疗类材料,03-泌尿介入材料,01-输尿管支架,001-支架类,15-聚合物,089-不带导丝/有涂层/单 猪尾/留置时间＜180天,001016,输尿管支架（不带导丝）,成都德信安创新医疗技术有限公司,,
C0103010011508911889,01-非血管介入治疗类材料,03-泌尿介入材料,01-输尿管支架,001-支架类,15-聚合物,089-不带导丝/有涂层/单 猪尾/留置时间＜180天,001016,输尿管支架（不带导丝）,苏州市倍咏医疗科技有限公司,,
C0103010011508912019,01-非血管介入治疗类材料,03-泌尿介入材料,01-输尿管支架,001-支架类,15-聚合物,089-不带导丝/有涂层/单 猪尾/留置时间＜180天,001016,输尿管支架（不带导丝）,深圳市惠心诺科技有限公司,,
C0103010011508912037,01-非血管介入治疗类材料,03-泌尿介入材料,01-输尿管支架,001-支架类,15-聚合物,089-不带导丝/有涂层/单 猪尾/留置时间＜180天,001016,输尿管支架（不带导丝）,浙江医高医疗科技有限公司,,
C0103010011508912316,01-非血管介入治疗类材料,03-泌尿介入材料,01-输尿管支架,001-支架类,15-聚合物,089-不带导丝/有涂层/单 猪尾/留置时间＜180天,001016,输尿管支架（不带导丝）,广东省天佑医疗器械科技发展有限 公司,,
C0103010011508914419,01-非血管介入治疗类材料,03-泌尿介入材料,01-输尿管支架,001-支架类,15-聚合物,089-不带导丝/有涂层/单 猪尾/留置时间＜180天,001016,输尿管支架（不带导丝）,江西汉普医疗科技有限公司,,
C0103010011508916976,01-非血管介入治疗类材料,03-泌尿介入材料,01-输尿管支架,001-支架类,15-聚合物,089-不带导丝/有涂层/单 猪尾/留置时间＜180天,001016,输尿管支架（不带导丝）,湖南华林凯医疗科技有限公司,,
C0103010011508917881,01-非血管介入治疗类材料,03-泌尿介入材料,01-输尿管支架,001-支架类,15-聚合物,089-不带导丝/有涂层/单 猪尾/留置时间＜180天,001016,输尿管支架（不带导丝）,中科惠康生物科技成都有限公司,,
C0103010011509008455,01-非血管介入治疗类材料,03-泌尿介入材料,01-输尿管支架,001-支架类,15-聚合物,090-不带导丝/有涂层/单 猪尾/180≤留置时间＜365 天,001016,输尿管支架（不带导丝）,泰利福医疗器械商贸（上海）有限 公司,,
C0103010011509100972,01-非血管介入治疗类材料,03-泌尿介入材料,01-输尿管支架,001-支架类,15-聚合物,091-不带导丝/有涂层/单 猪尾/留置时间≥365天,001016,输尿管支架（不带导丝）,济南凯特工贸有限公司,,
C0103010011509112316,01-非血管介入治疗类材料,03-泌尿介入材料,01-输尿管支架,001-支架类,15-聚合物,091-不带导丝/有涂层/单 猪尾/留置时间≥365天,001016,输尿管支架（不带导丝）,广东省天佑医疗器械科技发展有限 公司,,
C0103010011509200884,01-非血管介入治疗类材料,03-泌尿介入材料,01-输尿管支架,001-支架类,15-聚合物,092-不带导丝/有涂层/双 猪尾/留置时间＜180天,001016,输尿管支架（不带导丝）,无锡华纳医疗科技有限公司,,
C0103010011509200972,01-非血管介入治疗类材料,03-泌尿介入材料,01-输尿管支架,001-支架类,15-聚合物,092-不带导丝/有涂层/双 猪尾/留置时间＜180天,001016,输尿管支架（不带导丝）,济南凯特工贸有限公司,,
C0103010011509201295,01-非血管介入治疗类材料,03-泌尿介入材料,01-输尿管支架,001-支架类,15-聚合物,092-不带导丝/有涂层/双 猪尾/留置时间＜180天,001016,输尿管支架（不带导丝）,深圳市康医博科技发展有限公司,,
C0103010011509202349,01-非血管介入治疗类材料,03-泌尿介入材料,01-输尿管支架,001-支架类,15-聚合物,092-不带导丝/有涂层/双 猪尾/留置时间＜180天,001016,输尿管支架（不带导丝）,吉林省沃鸿医疗器械制造有限公司,,
C0103010011509203119,01-非血管介入治疗类材料,03-泌尿介入材料,01-输尿管支架,001-支架类,15-聚合物,092-不带导丝/有涂层/双 猪尾/留置时间＜180天,001016,输尿管支架（不带导丝）,微创优通医疗科技（嘉兴）有限公 司,,
C0103010011509203444,01-非血管介入治疗类材料,03-泌尿介入材料,01-输尿管支架,001-支架类,15-聚合物,092-不带导丝/有涂层/双 猪尾/留置时间＜180天,001016,输尿管支架（不带导丝）,苏州华美医疗器械有限公司,,
C0103010011509203607,01-非血管介入治疗类材料,03-泌尿介入材料,01-输尿管支架,001-支架类,15-聚合物,092-不带导丝/有涂层/双 猪尾/留置时间＜180天,001016,输尿管支架（不带导丝）,浙江创想医学科技有限公司,,
C0103010011509204462,01-非血管介入治疗类材料,03-泌尿介入材料,01-输尿管支架,001-支架类,15-聚合物,092-不带导丝/有涂层/双 猪尾/留置时间＜180天,001016,输尿管支架（不带导丝）,常熟市如保医疗器械销售有限公司,,
C0103010011509204470,01-非血管介入治疗类材料,03-泌尿介入材料,01-输尿管支架,001-支架类,15-聚合物,092-不带导丝/有涂层/双 猪尾/留置时间＜180天,001016,输尿管支架（不带导丝）,杭州安杰思医学科技股份有限公司,,
C0103010011509204479,01-非血管介入治疗类材料,03-泌尿介入材料,01-输尿管支架,001-支架类,15-聚合物,092-不带导丝/有涂层/双 猪尾/留置时间＜180天,001016,输尿管支架（不带导丝）,郑州迪奥医学技术有限公司,,
C0103010011509204566,01-非血管介入治疗类材料,03-泌尿介入材料,01-输尿管支架,001-支架类,15-聚合物,092-不带导丝/有涂层/双 猪尾/留置时间＜180天,001016,输尿管支架（不带导丝）,深圳库珀医疗股份有限公司,,
C0103010011509205400,01-非血管介入治疗类材料,03-泌尿介入材料,01-输尿管支架,001-支架类,15-聚合物,092-不带导丝/有涂层/双 猪尾/留置时间＜180天,001016,输尿管支架（不带导丝）,湖南依微迪医疗器械有限公司,,
C0103010011509205942,01-非血管介入治疗类材料,03-泌尿介入材料,01-输尿管支架,001-支架类,15-聚合物,092-不带导丝/有涂层/双 猪尾/留置时间＜180天,001016,输尿管支架（不带导丝）,湖北康泉医疗科技有限责任公司,,
C0103010011509207187,01-非血管介入治疗类材料,03-泌尿介入材料,01-输尿管支架,001-支架类,15-聚合物,092-不带导丝/有涂层/双 猪尾/留置时间＜180天,001016,输尿管支架（不带导丝）,山东威高集团医用高分子制品股份 有限公司,,
C0103010011509207470,01-非血管介入治疗类材料,03-泌尿介入材料,01-输尿管支架,001-支架类,15-聚合物,092-不带导丝/有涂层/双 猪尾/留置时间＜180天,001016,输尿管支架（不带导丝）,江西狼和医疗器械有限公司,,
C0103010011509207655,01-非血管介入治疗类材料,03-泌尿介入材料,01-输尿管支架,001-支架类,15-聚合物,092-不带导丝/有涂层/双 猪尾/留置时间＜180天,001016,输尿管支架（不带导丝）,湖南瑞邦医疗科技发展有限公司,,
C0103010011509207708,01-非血管介入治疗类材料,03-泌尿介入材料,01-输尿管支架,001-支架类,15-聚合物,092-不带导丝/有涂层/双 猪尾/留置时间＜180天,001016,输尿管支架（不带导丝）,南京科泰柯林医疗科技有限公司,,
C0103010011509208041,01-非血管介入治疗类材料,03-泌尿介入材料,01-输尿管支架,001-支架类,15-聚合物,092-不带导丝/有涂层/双 猪尾/留置时间＜180天,001016,输尿管支架（不带导丝）,江苏唯德康医疗科技有限公司,,
C0103010011509208929,01-非血管介入治疗类材料,03-泌尿介入材料,01-输尿管支架,001-支架类,15-聚合物,092-不带导丝/有涂层/双 猪尾/留置时间＜180天,001016,输尿管支架（不带导丝）,上海埃尔顿医疗器械有限公司,,
C0103010011509209161,01-非血管介入治疗类材料,03-泌尿介入材料,01-输尿管支架,001-支架类,15-聚合物,092-不带导丝/有涂层/双 猪尾/留置时间＜180天,001016,输尿管支架（不带导丝）,张家港市欧凯医疗器械有限公司,,
C0103010011509209552,01-非血管介入治疗类材料,03-泌尿介入材料,01-输尿管支架,001-支架类,15-聚合物,092-不带导丝/有涂层/双 猪尾/留置时间＜180天,001016,输尿管支架（不带导丝）,大连库利艾特医疗制品有限公司,,
C0103010011509210100,01-非血管介入治疗类材料,03-泌尿介入材料,01-输尿管支架,001-支架类,15-聚合物,092-不带导丝/有涂层/双 猪尾/留置时间＜180天,001016,输尿管支架（不带导丝）,江苏伊凯医疗器械有限公司,,
C0103010011509211624,01-非血管介入治疗类材料,03-泌尿介入材料,01-输尿管支架,001-支架类,15-聚合物,092-不带导丝/有涂层/双 猪尾/留置时间＜180天,001016,输尿管支架（不带导丝）,安徽省幸福工场医疗设备有限公司,,
C0103010011509211775,01-非血管介入治疗类材料,03-泌尿介入材料,01-输尿管支架,001-支架类,15-聚合物,092-不带导丝/有涂层/双 猪尾/留置时间＜180天,001016,输尿管支架（不带导丝）,成都德信安创新医疗技术有限公司,,
C0103010011509211889,01-非血管介入治疗类材料,03-泌尿介入材料,01-输尿管支架,001-支架类,15-聚合物,092-不带导丝/有涂层/双 猪尾/留置时间＜180天,001016,输尿管支架（不带导丝）,苏州市倍咏医疗科技有限公司,,
C0103010011509212019,01-非血管介入治疗类材料,03-泌尿介入材料,01-输尿管支架,001-支架类,15-聚合物,092-不带导丝/有涂层/双 猪尾/留置时间＜180天,001016,输尿管支架（不带导丝）,深圳市惠心诺科技有限公司,,
C0103010011509212037,01-非血管介入治疗类材料,03-泌尿介入材料,01-输尿管支架,001-支架类,15-聚合物,092-不带导丝/有涂层/双 猪尾/留置时间＜180天,001016,输尿管支架（不带导丝）,浙江医高医疗科技有限公司,,
C0103010011509212316,01-非血管介入治疗类材料,03-泌尿介入材料,01-输尿管支架,001-支架类,15-聚合物,092-不带导丝/有涂层/双 猪尾/留置时间＜180天,001016,输尿管支架（不带导丝）,广东省天佑医疗器械科技发展有限 公司,,
C0103010011509214419,01-非血管介入治疗类材料,03-泌尿介入材料,01-输尿管支架,001-支架类,15-聚合物,092-不带导丝/有涂层/双 猪尾/留置时间＜180天,001016,输尿管支架（不带导丝）,江西汉普医疗科技有限公司,,
C0103010011509215753,01-非血管介入治疗类材料,03-泌尿介入材料,01-输尿管支架,001-支架类,15-聚合物,092-不带导丝/有涂层/双 猪尾/留置时间＜180天,001016,输尿管支架（不带导丝）,新光维医疗科技（苏州）股份有限 公司,,
C0103010011509216976,01-非血管介入治疗类材料,03-泌尿介入材料,01-输尿管支架,001-支架类,15-聚合物,092-不带导丝/有涂层/双 猪尾/留置时间＜180天,001016,输尿管支架（不带导丝）,湖南华林凯医疗科技有限公司,,
C0103010011509217584,01-非血管介入治疗类材料,03-泌尿介入材料,01-输尿管支架,001-支架类,15-聚合物,092-不带导丝/有涂层/双 猪尾/留置时间＜180天,001016,输尿管支架（不带导丝）,四川普瑞顺祥医疗器械有限公司,,
C0103010011509217881,01-非血管介入治疗类材料,03-泌尿介入材料,01-输尿管支架,001-支架类,15-聚合物,092-不带导丝/有涂层/双 猪尾/留置时间＜180天,001016,输尿管支架（不带导丝）,中科惠康生物科技成都有限公司,,
C0103010011509219601,01-非血管介入治疗类材料,03-泌尿介入材料,01-输尿管支架,001-支架类,15-聚合物,092-不带导丝/有涂层/双 猪尾/留置时间＜180天,001016,输尿管支架（不带导丝）,湖南唯德康医疗科技有限公司,,
C0103010011509222937,01-非血管介入治疗类材料,03-泌尿介入材料,01-输尿管支架,001-支架类,15-聚合物,092-不带导丝/有涂层/双 猪尾/留置时间＜180天,001016,输尿管支架（不带导丝）,江苏百赛飞生物科技有限公司,,
C0103010011509224708,01-非血管介入治疗类材料,03-泌尿介入材料,01-输尿管支架,001-支架类,15-聚合物,092-不带导丝/有涂层/双 猪尾/留置时间＜180天,001016,输尿管支架（不带导丝）,深圳市医穗镁科技有限公司,,
C0103010011509303119,01-非血管介入治疗类材料,03-泌尿介入材料,01-输尿管支架,001-支架类,15-聚合物,093-不带导丝/有涂层/双 猪尾/180≤留置时间＜365 天,001016,输尿管支架（不带导丝）,微创优通医疗科技（嘉兴）有限公 司,,
C0103010011509307834,01-非血管介入治疗类材料,03-泌尿介入材料,01-输尿管支架,001-支架类,15-聚合物,093-不带导丝/有涂层/双 猪尾/180≤留置时间＜365 天,001016,输尿管支架（不带导丝）,奥林巴斯贸易（上海）有限公司,,
C0103010011509308455,01-非血管介入治疗类材料,03-泌尿介入材料,01-输尿管支架,001-支架类,15-聚合物,093-不带导丝/有涂层/双 猪尾/180≤留置时间＜365 天,001016,输尿管支架（不带导丝）,泰利福医疗器械商贸（上海）有限 公司,,
C0103010011509400972,01-非血管介入治疗类材料,03-泌尿介入材料,01-输尿管支架,001-支架类,15-聚合物,094-不带导丝/有涂层/双 猪尾/留置时间≥365天,001016,输尿管支架（不带导丝）,济南凯特工贸有限公司,,
C0103010011509403089,01-非血管介入治疗类材料,03-泌尿介入材料,01-输尿管支架,001-支架类,15-聚合物,094-不带导丝/有涂层/双 猪尾/留置时间≥365天,001016,输尿管支架（不带导丝）,库克（中国）医疗贸易有限公司,,
C0103010011509403119,01-非血管介入治疗类材料,03-泌尿介入材料,01-输尿管支架,001-支架类,15-聚合物,094-不带导丝/有涂层/双 猪尾/留置时间≥365天,001016,输尿管支架（不带导丝）,微创优通医疗科技（嘉兴）有限公 司,,
C0103010011509409154,01-非血管介入治疗类材料,03-泌尿介入材料,01-输尿管支架,001-支架类,15-聚合物,094-不带导丝/有涂层/双 猪尾/留置时间≥365天,001016,输尿管支架（不带导丝）,莱凯医疗器械（北京）有限公司,,
C0103010011509410290,01-非血管介入治疗类材料,03-泌尿介入材料,01-输尿管支架,001-支架类,15-聚合物,094-不带导丝/有涂层/双 猪尾/留置时间≥365天,001016,输尿管支架（不带导丝）,巴德医疗科技（上海）有限公司,,
C0103010011509411325,01-非血管介入治疗类材料,03-泌尿介入材料,01-输尿管支架,001-支架类,15-聚合物,094-不带导丝/有涂层/双 猪尾/留置时间≥365天,001016,输尿管支架（不带导丝）,波科国际医疗贸易（上海）有限公 司,,
C0103010011509412316,01-非血管介入治疗类材料,03-泌尿介入材料,01-输尿管支架,001-支架类,15-聚合物,094-不带导丝/有涂层/双 猪尾/留置时间≥365天,001016,输尿管支架（不带导丝）,广东省天佑医疗器械科技发展有限 公司,,
C0103010011509501295,01-非血管介入治疗类材料,03-泌尿介入材料,01-输尿管支架,001-支架类,15-聚合物,095-不带导丝/有涂层/其 他形状/留置时间＜180天,001016,输尿管支架（不带导丝）,深圳市康医博科技发展有限公司,,
C0103010011509505400,01-非血管介入治疗类材料,03-泌尿介入材料,01-输尿管支架,001-支架类,15-聚合物,095-不带导丝/有涂层/其 他形状/留置时间＜180天,001016,输尿管支架（不带导丝）,湖南依微迪医疗器械有限公司,,
C0103010011509507470,01-非血管介入治疗类材料,03-泌尿介入材料,01-输尿管支架,001-支架类,15-聚合物,095-不带导丝/有涂层/其 他形状/留置时间＜180天,001016,输尿管支架（不带导丝）,江西狼和医疗器械有限公司,,
C0103010011509509154,01-非血管介入治疗类材料,03-泌尿介入材料,01-输尿管支架,001-支架类,15-聚合物,095-不带导丝/有涂层/其 他形状/留置时间＜180天,001016,输尿管支架（不带导丝）,莱凯医疗器械（北京）有限公司,,
C0103010011509509552,01-非血管介入治疗类材料,03-泌尿介入材料,01-输尿管支架,001-支架类,15-聚合物,095-不带导丝/有涂层/其 他形状/留置时间＜180天,001016,输尿管支架（不带导丝）,大连库利艾特医疗制品有限公司,,
C0103010011509511325,01-非血管介入治疗类材料,03-泌尿介入材料,01-输尿管支架,001-支架类,15-聚合物,095-不带导丝/有涂层/其 他形状/留置时间＜180天,001016,输尿管支架（不带导丝）,波科国际医疗贸易（上海）有限公 司,,
C0103010011509709154,01-非血管介入治疗类材料,03-泌尿介入材料,01-输尿管支架,001-支架类,15-聚合物,097-不带导丝/有涂层/其 他形状/留置时间≥365天,001016,输尿管支架（不带导丝）,莱凯医疗器械（北京）有限公司,,
C0103010011509710290,01-非血管介入治疗类材料,03-泌尿介入材料,01-输尿管支架,001-支架类,15-聚合物,097-不带导丝/有涂层/其 他形状/留置时间≥365天,001016,输尿管支架（不带导丝）,巴德医疗科技（上海）有限公司,,
C0103010011509711325,01-非血管介入治疗类材料,03-泌尿介入材料,01-输尿管支架,001-支架类,15-聚合物,097-不带导丝/有涂层/其 他形状/留置时间≥365天,001016,输尿管支架（不带导丝）,波科国际医疗贸易（上海）有限公 司,,
C0103010011509800972,01-非血管介入治疗类材料,03-泌尿介入材料,01-输尿管支架,001-支架类,15-聚合物,098-不带导丝/无涂层/单 猪尾/留置时间＜180天,001016,输尿管支架（不带导丝）,济南凯特工贸有限公司,,
C0103010011509802343,01-非血管介入治疗类材料,03-泌尿介入材料,01-输尿管支架,001-支架类,15-聚合物,098-不带导丝/无涂层/单 猪尾/留置时间＜180天,001016,输尿管支架（不带导丝）,富纳德科技（北京）有限公司,,
C0103010011509802349,01-非血管介入治疗类材料,03-泌尿介入材料,01-输尿管支架,001-支架类,15-聚合物,098-不带导丝/无涂层/单 猪尾/留置时间＜180天,001016,输尿管支架（不带导丝）,吉林省沃鸿医疗器械制造有限公司,,
C0103010011509802429,01-非血管介入治疗类材料,03-泌尿介入材料,01-输尿管支架,001-支架类,15-聚合物,098-不带导丝/无涂层/单 猪尾/留置时间＜180天,001016,输尿管支架（不带导丝）,福建康博医疗科技有限公司,,
C0103010011509802462,01-非血管介入治疗类材料,03-泌尿介入材料,01-输尿管支架,001-支架类,15-聚合物,098-不带导丝/无涂层/单 猪尾/留置时间＜180天,001016,输尿管支架（不带导丝）,北京捷立德口腔医疗设备有限公司,,
C0103010011509803444,01-非血管介入治疗类材料,03-泌尿介入材料,01-输尿管支架,001-支架类,15-聚合物,098-不带导丝/无涂层/单 猪尾/留置时间＜180天,001016,输尿管支架（不带导丝）,苏州华美医疗器械有限公司,,
C0103010011509803912,01-非血管介入治疗类材料,03-泌尿介入材料,01-输尿管支架,001-支架类,15-聚合物,098-不带导丝/无涂层/单 猪尾/留置时间＜180天,001016,输尿管支架（不带导丝）,镇江市许布医疗器械有限公司,,
C0103010011509804200,01-非血管介入治疗类材料,03-泌尿介入材料,01-输尿管支架,001-支架类,15-聚合物,098-不带导丝/无涂层/单 猪尾/留置时间＜180天,001016,输尿管支架（不带导丝）,江苏荣业科技有限公司,,
C0103010011509804220,01-非血管介入治疗类材料,03-泌尿介入材料,01-输尿管支架,001-支架类,15-聚合物,098-不带导丝/无涂层/单 猪尾/留置时间＜180天,001016,输尿管支架（不带导丝）,东莞市正生瑞生物医学科技有限公 司,,
C0103010011509804470,01-非血管介入治疗类材料,03-泌尿介入材料,01-输尿管支架,001-支架类,15-聚合物,098-不带导丝/无涂层/单 猪尾/留置时间＜180天,001016,输尿管支架（不带导丝）,杭州安杰思医学科技股份有限公司,,
C0103010011509804566,01-非血管介入治疗类材料,03-泌尿介入材料,01-输尿管支架,001-支架类,15-聚合物,098-不带导丝/无涂层/单 猪尾/留置时间＜180天,001016,输尿管支架（不带导丝）,深圳库珀医疗股份有限公司,,
C0103010011509804655,01-非血管介入治疗类材料,03-泌尿介入材料,01-输尿管支架,001-支架类,15-聚合物,098-不带导丝/无涂层/单 猪尾/留置时间＜180天,001016,输尿管支架（不带导丝）,济南中康顺医疗器械有限公司,,
C0103010011509805459,01-非血管介入治疗类材料,03-泌尿介入材料,01-输尿管支架,001-支架类,15-聚合物,098-不带导丝/无涂层/单 猪尾/留置时间＜180天,001016,输尿管支架（不带导丝）,河南健和实业有限公司,,
C0103010011509805942,01-非血管介入治疗类材料,03-泌尿介入材料,01-输尿管支架,001-支架类,15-聚合物,098-不带导丝/无涂层/单 猪尾/留置时间＜180天,001016,输尿管支架（不带导丝）,湖北康泉医疗科技有限责任公司,,
C0103010011509806718,01-非血管介入治疗类材料,03-泌尿介入材料,01-输尿管支架,001-支架类,15-聚合物,098-不带导丝/无涂层/单 猪尾/留置时间＜180天,001016,输尿管支架（不带导丝）,杭州浙新医疗器械有限公司,,
C0103010011509806800,01-非血管介入治疗类材料,03-泌尿介入材料,01-输尿管支架,001-支架类,15-聚合物,098-不带导丝/无涂层/单 猪尾/留置时间＜180天,001016,输尿管支架（不带导丝）,百合医疗科技（武汉）有限公司,,
C0103010011509807470,01-非血管介入治疗类材料,03-泌尿介入材料,01-输尿管支架,001-支架类,15-聚合物,098-不带导丝/无涂层/单 猪尾/留置时间＜180天,001016,输尿管支架（不带导丝）,江西狼和医疗器械有限公司,,
C0103010011509807655,01-非血管介入治疗类材料,03-泌尿介入材料,01-输尿管支架,001-支架类,15-聚合物,098-不带导丝/无涂层/单 猪尾/留置时间＜180天,001016,输尿管支架（不带导丝）,湖南瑞邦医疗科技发展有限公司,,
C0103010011509807760,01-非血管介入治疗类材料,03-泌尿介入材料,01-输尿管支架,001-支架类,15-聚合物,098-不带导丝/无涂层/单 猪尾/留置时间＜180天,001016,输尿管支架（不带导丝）,江苏耀华医疗器械科技有限公司,,
C0103010011509807812,01-非血管介入治疗类材料,03-泌尿介入材料,01-输尿管支架,001-支架类,15-聚合物,098-不带导丝/无涂层/单 猪尾/留置时间＜180天,001016,输尿管支架（不带导丝）,苏州新区华盛医疗器械有限公司,,
C0103010011509808427,01-非血管介入治疗类材料,03-泌尿介入材料,01-输尿管支架,001-支架类,15-聚合物,098-不带导丝/无涂层/单 猪尾/留置时间＜180天,001016,输尿管支架（不带导丝）,普霖医疗科技（广州）有限公司,,
C0103010011509809154,01-非血管介入治疗类材料,03-泌尿介入材料,01-输尿管支架,001-支架类,15-聚合物,098-不带导丝/无涂层/单 猪尾/留置时间＜180天,001016,输尿管支架（不带导丝）,莱凯医疗器械（北京）有限公司,,
C0103010011509809161,01-非血管介入治疗类材料,03-泌尿介入材料,01-输尿管支架,001-支架类,15-聚合物,098-不带导丝/无涂层/单 猪尾/留置时间＜180天,001016,输尿管支架（不带导丝）,张家港市欧凯医疗器械有限公司,,
C0103010011509809413,01-非血管介入治疗类材料,03-泌尿介入材料,01-输尿管支架,001-支架类,15-聚合物,098-不带导丝/无涂层/单 猪尾/留置时间＜180天,001016,输尿管支架（不带导丝）,湖南华福医疗器械科技有限公司,,
C0103010011509809731,01-非血管介入治疗类材料,03-泌尿介入材料,01-输尿管支架,001-支架类,15-聚合物,098-不带导丝/无涂层/单 猪尾/留置时间＜180天,001016,输尿管支架（不带导丝）,苏州新区景欣医疗用品有限公司,,
C0103010011509809862,01-非血管介入治疗类材料,03-泌尿介入材料,01-输尿管支架,001-支架类,15-聚合物,098-不带导丝/无涂层/单 猪尾/留置时间＜180天,001016,输尿管支架（不带导丝）,张家港市沙工医疗器械科技发展有 限公司,,
C0103010011509811081,01-非血管介入治疗类材料,03-泌尿介入材料,01-输尿管支架,001-支架类,15-聚合物,098-不带导丝/无涂层/单 猪尾/留置时间＜180天,001016,输尿管支架（不带导丝）,荆州市益海科技有限公司,,
C0103010011509811173,01-非血管介入治疗类材料,03-泌尿介入材料,01-输尿管支架,001-支架类,15-聚合物,098-不带导丝/无涂层/单 猪尾/留置时间＜180天,001016,输尿管支架（不带导丝）,苏州市鑫达医疗器材有限公司,,
C0103010011509811556,01-非血管介入治疗类材料,03-泌尿介入材料,01-输尿管支架,001-支架类,15-聚合物,098-不带导丝/无涂层/单 猪尾/留置时间＜180天,001016,输尿管支架（不带导丝）,苏州名创医疗科技有限公司,,
C0103010011509812037,01-非血管介入治疗类材料,03-泌尿介入材料,01-输尿管支架,001-支架类,15-聚合物,098-不带导丝/无涂层/单 猪尾/留置时间＜180天,001016,输尿管支架（不带导丝）,浙江医高医疗科技有限公司,,
C0103010011509812308,01-非血管介入治疗类材料,03-泌尿介入材料,01-输尿管支架,001-支架类,15-聚合物,098-不带导丝/无涂层/单 猪尾/留置时间＜180天,001016,输尿管支架（不带导丝）,江苏格里特医疗科技有限公司,,
C0103010011509814419,01-非血管介入治疗类材料,03-泌尿介入材料,01-输尿管支架,001-支架类,15-聚合物,098-不带导丝/无涂层/单 猪尾/留置时间＜180天,001016,输尿管支架（不带导丝）,江西汉普医疗科技有限公司,,
C0103010011509816976,01-非血管介入治疗类材料,03-泌尿介入材料,01-输尿管支架,001-支架类,15-聚合物,098-不带导丝/无涂层/单 猪尾/留置时间＜180天,001016,输尿管支架（不带导丝）,湖南华林凯医疗科技有限公司,,
C0103010011509817320,01-非血管介入治疗类材料,03-泌尿介入材料,01-输尿管支架,001-支架类,15-聚合物,098-不带导丝/无涂层/单 猪尾/留置时间＜180天,001016,输尿管支架（不带导丝）,邦美泰医疗科技（广东）有限公司,,
C0103010011509817584,01-非血管介入治疗类材料,03-泌尿介入材料,01-输尿管支架,001-支架类,15-聚合物,098-不带导丝/无涂层/单 猪尾/留置时间＜180天,001016,输尿管支架（不带导丝）,四川普瑞顺祥医疗器械有限公司,,
C0103010011509818062,01-非血管介入治疗类材料,03-泌尿介入材料,01-输尿管支架,001-支架类,15-聚合物,098-不带导丝/无涂层/单 猪尾/留置时间＜180天,001016,输尿管支架（不带导丝）,常州瑞迈医疗科技有限公司,,
C0103010011509819507,01-非血管介入治疗类材料,03-泌尿介入材料,01-输尿管支架,001-支架类,15-聚合物,098-不带导丝/无涂层/单 猪尾/留置时间＜180天,001016,输尿管支架（不带导丝）,安徽徕康医疗器械有限公司,,
C0103010011509820362,01-非血管介入治疗类材料,03-泌尿介入材料,01-输尿管支架,001-支架类,15-聚合物,098-不带导丝/无涂层/单 猪尾/留置时间＜180天,001016,输尿管支架（不带导丝）,安胜医疗科技（深圳）有限公司,,
C0103010011509824091,01-非血管介入治疗类材料,03-泌尿介入材料,01-输尿管支架,001-支架类,15-聚合物,098-不带导丝/无涂层/单 猪尾/留置时间＜180天,001016,输尿管支架（不带导丝）,江苏冠德医疗器械科技发展有限公 司,,
C0103010011509824708,01-非血管介入治疗类材料,03-泌尿介入材料,01-输尿管支架,001-支架类,15-聚合物,098-不带导丝/无涂层/单 猪尾/留置时间＜180天,001016,输尿管支架（不带导丝）,深圳市医穗镁科技有限公司,,
C0103010011509912316,01-非血管介入治疗类材料,03-泌尿介入材料,01-输尿管支架,001-支架类,15-聚合物,099-不带导丝/无涂层/单 猪尾/180≤留置时间＜365 天,001016,输尿管支架（不带导丝）,广东省天佑医疗器械科技发展有限 公司,,
C0103010011510000972,01-非血管介入治疗类材料,03-泌尿介入材料,01-输尿管支架,001-支架类,15-聚合物,100-不带导丝/无涂层/单 猪尾/留置时间≥365天,001016,输尿管支架（不带导丝）,济南凯特工贸有限公司,,
C0103010011510100884,01-非血管介入治疗类材料,03-泌尿介入材料,01-输尿管支架,001-支架类,15-聚合物,101-不带导丝/无涂层/双 猪尾/留置时间＜180天,001016,输尿管支架（不带导丝）,无锡华纳医疗科技有限公司,,
C0103010011510100972,01-非血管介入治疗类材料,03-泌尿介入材料,01-输尿管支架,001-支架类,15-聚合物,101-不带导丝/无涂层/双 猪尾/留置时间＜180天,001016,输尿管支架（不带导丝）,济南凯特工贸有限公司,,
C0103010011510101682,01-非血管介入治疗类材料,03-泌尿介入材料,01-输尿管支架,001-支架类,15-聚合物,101-不带导丝/无涂层/双 猪尾/留置时间＜180天,001016,输尿管支架（不带导丝）,广州维力医疗器械股份有限公司,,
C0103010011510102343,01-非血管介入治疗类材料,03-泌尿介入材料,01-输尿管支架,001-支架类,15-聚合物,101-不带导丝/无涂层/双 猪尾/留置时间＜180天,001016,输尿管支架（不带导丝）,富纳德科技（北京）有限公司,,
C0103010011510102349,01-非血管介入治疗类材料,03-泌尿介入材料,01-输尿管支架,001-支架类,15-聚合物,101-不带导丝/无涂层/双 猪尾/留置时间＜180天,001016,输尿管支架（不带导丝）,吉林省沃鸿医疗器械制造有限公司,,
C0103010011510102462,01-非血管介入治疗类材料,03-泌尿介入材料,01-输尿管支架,001-支架类,15-聚合物,101-不带导丝/无涂层/双 猪尾/留置时间＜180天,001016,输尿管支架（不带导丝）,北京捷立德口腔医疗设备有限公司,,
C0103010011510102575,01-非血管介入治疗类材料,03-泌尿介入材料,01-输尿管支架,001-支架类,15-聚合物,101-不带导丝/无涂层/双 猪尾/留置时间＜180天,001016,输尿管支架（不带导丝）,厦门鑫康顺医疗科技有限公司,,
C0103010011510103119,01-非血管介入治疗类材料,03-泌尿介入材料,01-输尿管支架,001-支架类,15-聚合物,101-不带导丝/无涂层/双 猪尾/留置时间＜180天,001016,输尿管支架（不带导丝）,微创优通医疗科技（嘉兴）有限公 司,,
C0103010011510103444,01-非血管介入治疗类材料,03-泌尿介入材料,01-输尿管支架,001-支架类,15-聚合物,101-不带导丝/无涂层/双 猪尾/留置时间＜180天,001016,输尿管支架（不带导丝）,苏州华美医疗器械有限公司,,
C0103010011510103912,01-非血管介入治疗类材料,03-泌尿介入材料,01-输尿管支架,001-支架类,15-聚合物,101-不带导丝/无涂层/双 猪尾/留置时间＜180天,001016,输尿管支架（不带导丝）,镇江市许布医疗器械有限公司,,
C0103010011510104200,01-非血管介入治疗类材料,03-泌尿介入材料,01-输尿管支架,001-支架类,15-聚合物,101-不带导丝/无涂层/双 猪尾/留置时间＜180天,001016,输尿管支架（不带导丝）,江苏荣业科技有限公司,,
C0103010011510104220,01-非血管介入治疗类材料,03-泌尿介入材料,01-输尿管支架,001-支架类,15-聚合物,101-不带导丝/无涂层/双 猪尾/留置时间＜180天,001016,输尿管支架（不带导丝）,东莞市正生瑞生物医学科技有限公 司,,
C0103010011510104470,01-非血管介入治疗类材料,03-泌尿介入材料,01-输尿管支架,001-支架类,15-聚合物,101-不带导丝/无涂层/双 猪尾/留置时间＜180天,001016,输尿管支架（不带导丝）,杭州安杰思医学科技股份有限公司,,
C0103010011510104479,01-非血管介入治疗类材料,03-泌尿介入材料,01-输尿管支架,001-支架类,15-聚合物,101-不带导丝/无涂层/双 猪尾/留置时间＜180天,001016,输尿管支架（不带导丝）,郑州迪奥医学技术有限公司,,
C0103010011510104566,01-非血管介入治疗类材料,03-泌尿介入材料,01-输尿管支架,001-支架类,15-聚合物,101-不带导丝/无涂层/双 猪尾/留置时间＜180天,001016,输尿管支架（不带导丝）,深圳库珀医疗股份有限公司,,
C0103010011510104655,01-非血管介入治疗类材料,03-泌尿介入材料,01-输尿管支架,001-支架类,15-聚合物,101-不带导丝/无涂层/双 猪尾/留置时间＜180天,001016,输尿管支架（不带导丝）,济南中康顺医疗器械有限公司,,
C0103010011510105400,01-非血管介入治疗类材料,03-泌尿介入材料,01-输尿管支架,001-支架类,15-聚合物,101-不带导丝/无涂层/双 猪尾/留置时间＜180天,001016,输尿管支架（不带导丝）,湖南依微迪医疗器械有限公司,,
C0103010011510105459,01-非血管介入治疗类材料,03-泌尿介入材料,01-输尿管支架,001-支架类,15-聚合物,101-不带导丝/无涂层/双 猪尾/留置时间＜180天,001016,输尿管支架（不带导丝）,河南健和实业有限公司,,
C0103010011510105795,01-非血管介入治疗类材料,03-泌尿介入材料,01-输尿管支架,001-支架类,15-聚合物,101-不带导丝/无涂层/双 猪尾/留置时间＜180天,001016,输尿管支架（不带导丝）,成都维信电子科技有限公司,,
C0103010011510105942,01-非血管介入治疗类材料,03-泌尿介入材料,01-输尿管支架,001-支架类,15-聚合物,101-不带导丝/无涂层/双 猪尾/留置时间＜180天,001016,输尿管支架（不带导丝）,湖北康泉医疗科技有限责任公司,,
C0103010011510106071,01-非血管介入治疗类材料,03-泌尿介入材料,01-输尿管支架,001-支架类,15-聚合物,101-不带导丝/无涂层/双 猪尾/留置时间＜180天,001016,输尿管支架（不带导丝）,深圳市天可医疗科技有限公司,,
C0103010011510106718,01-非血管介入治疗类材料,03-泌尿介入材料,01-输尿管支架,001-支架类,15-聚合物,101-不带导丝/无涂层/双 猪尾/留置时间＜180天,001016,输尿管支架（不带导丝）,杭州浙新医疗器械有限公司,,
C0103010011510106761,01-非血管介入治疗类材料,03-泌尿介入材料,01-输尿管支架,001-支架类,15-聚合物,101-不带导丝/无涂层/双 猪尾/留置时间＜180天,001016,输尿管支架（不带导丝）,中山博睿医疗器械有限公司,,
C0103010011510106800,01-非血管介入治疗类材料,03-泌尿介入材料,01-输尿管支架,001-支架类,15-聚合物,101-不带导丝/无涂层/双 猪尾/留置时间＜180天,001016,输尿管支架（不带导丝）,百合医疗科技（武汉）有限公司,,
C0103010011510107470,01-非血管介入治疗类材料,03-泌尿介入材料,01-输尿管支架,001-支架类,15-聚合物,101-不带导丝/无涂层/双 猪尾/留置时间＜180天,001016,输尿管支架（不带导丝）,江西狼和医疗器械有限公司,,
C0103010011510107655,01-非血管介入治疗类材料,03-泌尿介入材料,01-输尿管支架,001-支架类,15-聚合物,101-不带导丝/无涂层/双 猪尾/留置时间＜180天,001016,输尿管支架（不带导丝）,湖南瑞邦医疗科技发展有限公司,,
C0103010011510107708,01-非血管介入治疗类材料,03-泌尿介入材料,01-输尿管支架,001-支架类,15-聚合物,101-不带导丝/无涂层/双 猪尾/留置时间＜180天,001016,输尿管支架（不带导丝）,南京科泰柯林医疗科技有限公司,,
C0103010011510107760,01-非血管介入治疗类材料,03-泌尿介入材料,01-输尿管支架,001-支架类,15-聚合物,101-不带导丝/无涂层/双 猪尾/留置时间＜180天,001016,输尿管支架（不带导丝）,江苏耀华医疗器械科技有限公司,,
C0103010011510107782,01-非血管介入治疗类材料,03-泌尿介入材料,01-输尿管支架,001-支架类,15-聚合物,101-不带导丝/无涂层/双 猪尾/留置时间＜180天,001016,输尿管支架（不带导丝）,苏州佳洲医疗器械有限公司,,
C0103010011510107812,01-非血管介入治疗类材料,03-泌尿介入材料,01-输尿管支架,001-支架类,15-聚合物,101-不带导丝/无涂层/双 猪尾/留置时间＜180天,001016,输尿管支架（不带导丝）,苏州新区华盛医疗器械有限公司,,
C0103010011510108367,01-非血管介入治疗类材料,03-泌尿介入材料,01-输尿管支架,001-支架类,15-聚合物,101-不带导丝/无涂层/双 猪尾/留置时间＜180天,001016,输尿管支架（不带导丝）,宜春善德科技有限公司,,
C0103010011510108427,01-非血管介入治疗类材料,03-泌尿介入材料,01-输尿管支架,001-支架类,15-聚合物,101-不带导丝/无涂层/双 猪尾/留置时间＜180天,001016,输尿管支架（不带导丝）,普霖医疗科技（广州）有限公司,,
C0103010011510109154,01-非血管介入治疗类材料,03-泌尿介入材料,01-输尿管支架,001-支架类,15-聚合物,101-不带导丝/无涂层/双 猪尾/留置时间＜180天,001016,输尿管支架（不带导丝）,莱凯医疗器械（北京）有限公司,,
C0103010011510109161,01-非血管介入治疗类材料,03-泌尿介入材料,01-输尿管支架,001-支架类,15-聚合物,101-不带导丝/无涂层/双 猪尾/留置时间＜180天,001016,输尿管支架（不带导丝）,张家港市欧凯医疗器械有限公司,,
C0103010011510109344,01-非血管介入治疗类材料,03-泌尿介入材料,01-输尿管支架,001-支架类,15-聚合物,101-不带导丝/无涂层/双 猪尾/留置时间＜180天,001016,输尿管支架（不带导丝）,深圳麦普奇医疗科技有限公司,,
C0103010011510109413,01-非血管介入治疗类材料,03-泌尿介入材料,01-输尿管支架,001-支架类,15-聚合物,101-不带导丝/无涂层/双 猪尾/留置时间＜180天,001016,输尿管支架（不带导丝）,湖南华福医疗器械科技有限公司,,
C0103010011510109731,01-非血管介入治疗类材料,03-泌尿介入材料,01-输尿管支架,001-支架类,15-聚合物,101-不带导丝/无涂层/双 猪尾/留置时间＜180天,001016,输尿管支架（不带导丝）,苏州新区景欣医疗用品有限公司,,
C0103010011510109862,01-非血管介入治疗类材料,03-泌尿介入材料,01-输尿管支架,001-支架类,15-聚合物,101-不带导丝/无涂层/双 猪尾/留置时间＜180天,001016,输尿管支架（不带导丝）,张家港市沙工医疗器械科技发展有 限公司,,
C0103010011510110495,01-非血管介入治疗类材料,03-泌尿介入材料,01-输尿管支架,001-支架类,15-聚合物,101-不带导丝/无涂层/双 猪尾/留置时间＜180天,001016,输尿管支架（不带导丝）,深圳市益心达医学新技术有限公司,,
C0103010011510110872,01-非血管介入治疗类材料,03-泌尿介入材料,01-输尿管支架,001-支架类,15-聚合物,101-不带导丝/无涂层/双 猪尾/留置时间＜180天,001016,输尿管支架（不带导丝）,上海英诺伟医疗器械股份有限公司,,
C0103010011510111081,01-非血管介入治疗类材料,03-泌尿介入材料,01-输尿管支架,001-支架类,15-聚合物,101-不带导丝/无涂层/双 猪尾/留置时间＜180天,001016,输尿管支架（不带导丝）,荆州市益海科技有限公司,,
C0103010011510111173,01-非血管介入治疗类材料,03-泌尿介入材料,01-输尿管支架,001-支架类,15-聚合物,101-不带导丝/无涂层/双 猪尾/留置时间＜180天,001016,输尿管支架（不带导丝）,苏州市鑫达医疗器材有限公司,,
C0103010011510111241,01-非血管介入治疗类材料,03-泌尿介入材料,01-输尿管支架,001-支架类,15-聚合物,101-不带导丝/无涂层/双 猪尾/留置时间＜180天,001016,输尿管支架（不带导丝）,深圳市保安医疗用品有限公司,,
C0103010011510111556,01-非血管介入治疗类材料,03-泌尿介入材料,01-输尿管支架,001-支架类,15-聚合物,101-不带导丝/无涂层/双 猪尾/留置时间＜180天,001016,输尿管支架（不带导丝）,苏州名创医疗科技有限公司,,
C0103010011510111724,01-非血管介入治疗类材料,03-泌尿介入材料,01-输尿管支架,001-支架类,15-聚合物,101-不带导丝/无涂层/双 猪尾/留置时间＜180天,001016,输尿管支架（不带导丝）,苏州天平华昌医疗器械有限公司,,
C0103010011510111845,01-非血管介入治疗类材料,03-泌尿介入材料,01-输尿管支架,001-支架类,15-聚合物,101-不带导丝/无涂层/双 猪尾/留置时间＜180天,001016,输尿管支架（不带导丝）,深圳泰睿仕医疗科技有限公司,,
C0103010011510111889,01-非血管介入治疗类材料,03-泌尿介入材料,01-输尿管支架,001-支架类,15-聚合物,101-不带导丝/无涂层/双 猪尾/留置时间＜180天,001016,输尿管支架（不带导丝）,苏州市倍咏医疗科技有限公司,,
C0103010011510112037,01-非血管介入治疗类材料,03-泌尿介入材料,01-输尿管支架,001-支架类,15-聚合物,101-不带导丝/无涂层/双 猪尾/留置时间＜180天,001016,输尿管支架（不带导丝）,浙江医高医疗科技有限公司,,
C0103010011510112308,01-非血管介入治疗类材料,03-泌尿介入材料,01-输尿管支架,001-支架类,15-聚合物,101-不带导丝/无涂层/双 猪尾/留置时间＜180天,001016,输尿管支架（不带导丝）,江苏格里特医疗科技有限公司,,
C0103010011510112358,01-非血管介入治疗类材料,03-泌尿介入材料,01-输尿管支架,001-支架类,15-聚合物,101-不带导丝/无涂层/双 猪尾/留置时间＜180天,001016,输尿管支架（不带导丝）,珠海普生医疗科技股份有限公司,,
C0103010011510112473,01-非血管介入治疗类材料,03-泌尿介入材料,01-输尿管支架,001-支架类,15-聚合物,101-不带导丝/无涂层/双 猪尾/留置时间＜180天,001016,输尿管支架（不带导丝）,安徽航天生物科技股份有限公司,,
C0103010011510113035,01-非血管介入治疗类材料,03-泌尿介入材料,01-输尿管支架,001-支架类,15-聚合物,101-不带导丝/无涂层/双 猪尾/留置时间＜180天,001016,输尿管支架（不带导丝）,威海威博医疗科技有限公司,,
C0103010011510114419,01-非血管介入治疗类材料,03-泌尿介入材料,01-输尿管支架,001-支架类,15-聚合物,101-不带导丝/无涂层/双 猪尾/留置时间＜180天,001016,输尿管支架（不带导丝）,江西汉普医疗科技有限公司,,
C0103010011510114639,01-非血管介入治疗类材料,03-泌尿介入材料,01-输尿管支架,001-支架类,15-聚合物,101-不带导丝/无涂层/双 猪尾/留置时间＜180天,001016,输尿管支架（不带导丝）,武汉帕菲鱼医疗器械有限公司,,
C0103010011510116108,01-非血管介入治疗类材料,03-泌尿介入材料,01-输尿管支架,001-支架类,15-聚合物,101-不带导丝/无涂层/双 猪尾/留置时间＜180天,001016,输尿管支架（不带导丝）,苏州瑞卓源医学科技有限公司,,
C0103010011510116161,01-非血管介入治疗类材料,03-泌尿介入材料,01-输尿管支架,001-支架类,15-聚合物,101-不带导丝/无涂层/双 猪尾/留置时间＜180天,001016,输尿管支架（不带导丝）,厦门市领汇医疗科技有限公司,,
C0103010011510116542,01-非血管介入治疗类材料,03-泌尿介入材料,01-输尿管支架,001-支架类,15-聚合物,101-不带导丝/无涂层/双 猪尾/留置时间＜180天,001016,输尿管支架（不带导丝）,深圳市世格赛思医疗科技有限公司,,
C0103010011510116976,01-非血管介入治疗类材料,03-泌尿介入材料,01-输尿管支架,001-支架类,15-聚合物,101-不带导丝/无涂层/双 猪尾/留置时间＜180天,001016,输尿管支架（不带导丝）,湖南华林凯医疗科技有限公司,,
C0103010011510117171,01-非血管介入治疗类材料,03-泌尿介入材料,01-输尿管支架,001-支架类,15-聚合物,101-不带导丝/无涂层/双 猪尾/留置时间＜180天,001016,输尿管支架（不带导丝）,湖南微脉通医疗科技有限公司,,
C0103010011510117320,01-非血管介入治疗类材料,03-泌尿介入材料,01-输尿管支架,001-支架类,15-聚合物,101-不带导丝/无涂层/双 猪尾/留置时间＜180天,001016,输尿管支架（不带导丝）,邦美泰医疗科技（广东）有限公司,,
C0103010011510117584,01-非血管介入治疗类材料,03-泌尿介入材料,01-输尿管支架,001-支架类,15-聚合物,101-不带导丝/无涂层/双 猪尾/留置时间＜180天,001016,输尿管支架（不带导丝）,四川普瑞顺祥医疗器械有限公司,,
C0103010011510118062,01-非血管介入治疗类材料,03-泌尿介入材料,01-输尿管支架,001-支架类,15-聚合物,101-不带导丝/无涂层/双 猪尾/留置时间＜180天,001016,输尿管支架（不带导丝）,常州瑞迈医疗科技有限公司,,
C0103010011510119326,01-非血管介入治疗类材料,03-泌尿介入材料,01-输尿管支架,001-支架类,15-聚合物,101-不带导丝/无涂层/双 猪尾/留置时间＜180天,001016,输尿管支架（不带导丝）,四川扬子江医疗器械有限公司,,
C0103010011510119507,01-非血管介入治疗类材料,03-泌尿介入材料,01-输尿管支架,001-支架类,15-聚合物,101-不带导丝/无涂层/双 猪尾/留置时间＜180天,001016,输尿管支架（不带导丝）,安徽徕康医疗器械有限公司,,
C0103010011510120362,01-非血管介入治疗类材料,03-泌尿介入材料,01-输尿管支架,001-支架类,15-聚合物,101-不带导丝/无涂层/双 猪尾/留置时间＜180天,001016,输尿管支架（不带导丝）,安胜医疗科技（深圳）有限公司,,
C0103010011510124091,01-非血管介入治疗类材料,03-泌尿介入材料,01-输尿管支架,001-支架类,15-聚合物,101-不带导丝/无涂层/双 猪尾/留置时间＜180天,001016,输尿管支架（不带导丝）,江苏冠德医疗器械科技发展有限公 司,,
C0103010011510124708,01-非血管介入治疗类材料,03-泌尿介入材料,01-输尿管支架,001-支架类,15-聚合物,101-不带导丝/无涂层/双 猪尾/留置时间＜180天,001016,输尿管支架（不带导丝）,深圳市医穗镁科技有限公司,,
C0103010011510203089,01-非血管介入治疗类材料,03-泌尿介入材料,01-输尿管支架,001-支架类,15-聚合物,102-不带导丝/无涂层/双 猪尾/180≤留置时间＜365 天,001016,输尿管支架（不带导丝）,库克（中国）医疗贸易有限公司,,
C0103010011510203119,01-非血管介入治疗类材料,03-泌尿介入材料,01-输尿管支架,001-支架类,15-聚合物,102-不带导丝/无涂层/双 猪尾/180≤留置时间＜365 天,001016,输尿管支架（不带导丝）,微创优通医疗科技（嘉兴）有限公 司,,
C0103010011510204566,01-非血管介入治疗类材料,03-泌尿介入材料,01-输尿管支架,001-支架类,15-聚合物,102-不带导丝/无涂层/双 猪尾/180≤留置时间＜365 天,001016,输尿管支架（不带导丝）,深圳库珀医疗股份有限公司,,
C0103010011510204655,01-非血管介入治疗类材料,03-泌尿介入材料,01-输尿管支架,001-支架类,15-聚合物,102-不带导丝/无涂层/双 猪尾/180≤留置时间＜365 天,001016,输尿管支架（不带导丝）,济南中康顺医疗器械有限公司,,
C0103010011510209154,01-非血管介入治疗类材料,03-泌尿介入材料,01-输尿管支架,001-支架类,15-聚合物,102-不带导丝/无涂层/双 猪尾/180≤留置时间＜365 天,001016,输尿管支架（不带导丝）,莱凯医疗器械（北京）有限公司,,
C0103010011510212316,01-非血管介入治疗类材料,03-泌尿介入材料,01-输尿管支架,001-支架类,15-聚合物,102-不带导丝/无涂层/双 猪尾/180≤留置时间＜365 天,001016,输尿管支架（不带导丝）,广东省天佑医疗器械科技发展有限 公司,,
C0103010011510300972,01-非血管介入治疗类材料,03-泌尿介入材料,01-输尿管支架,001-支架类,15-聚合物,103-不带导丝/无涂层/双 猪尾/留置时间≥365天,001016,输尿管支架（不带导丝）,济南凯特工贸有限公司,,
C0103010011510303089,01-非血管介入治疗类材料,03-泌尿介入材料,01-输尿管支架,001-支架类,15-聚合物,103-不带导丝/无涂层/双 猪尾/留置时间≥365天,001016,输尿管支架（不带导丝）,库克（中国）医疗贸易有限公司,,
C0103010011510311325,01-非血管介入治疗类材料,03-泌尿介入材料,01-输尿管支架,001-支架类,15-聚合物,103-不带导丝/无涂层/双 猪尾/留置时间≥365天,001016,输尿管支架（不带导丝）,波科国际医疗贸易（上海）有限公 司,,
C0103010011510401548,01-非血管介入治疗类材料,03-泌尿介入材料,01-输尿管支架,001-支架类,15-聚合物,104-不带导丝/无涂层/其 他形状/留置时间＜180天,001016,输尿管支架（不带导丝）,苏州市日月星塑胶有限公司,,
C0103010011510401682,01-非血管介入治疗类材料,03-泌尿介入材料,01-输尿管支架,001-支架类,15-聚合物,104-不带导丝/无涂层/其 他形状/留置时间＜180天,001016,输尿管支架（不带导丝）,广州维力医疗器械股份有限公司,,
C0103010011510403089,01-非血管介入治疗类材料,03-泌尿介入材料,01-输尿管支架,001-支架类,15-聚合物,104-不带导丝/无涂层/其 他形状/留置时间＜180天,001016,输尿管支架（不带导丝）,库克（中国）医疗贸易有限公司,,
C0103010011510404200,01-非血管介入治疗类材料,03-泌尿介入材料,01-输尿管支架,001-支架类,15-聚合物,104-不带导丝/无涂层/其 他形状/留置时间＜180天,001016,输尿管支架（不带导丝）,江苏荣业科技有限公司,,
C0103010011510404470,01-非血管介入治疗类材料,03-泌尿介入材料,01-输尿管支架,001-支架类,15-聚合物,104-不带导丝/无涂层/其 他形状/留置时间＜180天,001016,输尿管支架（不带导丝）,杭州安杰思医学科技股份有限公司,,
C0103010011510407470,01-非血管介入治疗类材料,03-泌尿介入材料,01-输尿管支架,001-支架类,15-聚合物,104-不带导丝/无涂层/其 他形状/留置时间＜180天,001016,输尿管支架（不带导丝）,江西狼和医疗器械有限公司,,
C0103010011510409154,01-非血管介入治疗类材料,03-泌尿介入材料,01-输尿管支架,001-支架类,15-聚合物,104-不带导丝/无涂层/其 他形状/留置时间＜180天,001016,输尿管支架（不带导丝）,莱凯医疗器械（北京）有限公司,,
C0103010011510409862,01-非血管介入治疗类材料,03-泌尿介入材料,01-输尿管支架,001-支架类,15-聚合物,104-不带导丝/无涂层/其 他形状/留置时间＜180天,001016,输尿管支架（不带导丝）,张家港市沙工医疗器械科技发展有 限公司,,
C0103010011510412308,01-非血管介入治疗类材料,03-泌尿介入材料,01-输尿管支架,001-支架类,15-聚合物,104-不带导丝/无涂层/其 他形状/留置时间＜180天,001016,输尿管支架（不带导丝）,江苏格里特医疗科技有限公司,,
C0103010011510417584,01-非血管介入治疗类材料,03-泌尿介入材料,01-输尿管支架,001-支架类,15-聚合物,104-不带导丝/无涂层/其 他形状/留置时间＜180天,001016,输尿管支架（不带导丝）,四川普瑞顺祥医疗器械有限公司,,
C0103010011510424091,01-非血管介入治疗类材料,03-泌尿介入材料,01-输尿管支架,001-支架类,15-聚合物,104-不带导丝/无涂层/其 他形状/留置时间＜180天,001016,输尿管支架（不带导丝）,江苏冠德医疗器械科技发展有限公 司,,
C0103020011401510088,01-非血管介入治疗类材料,03-泌尿介入材料,02-尿道支架,001-支架类,14-合金,015-非覆膜,001018,尿道支架（非覆膜）,青岛中惠圣熙生物工程有限公司,,
C0103020011401512558,01-非血管介入治疗类材料,03-泌尿介入材料,02-尿道支架,001-支架类,14-合金,015-非覆膜,001018,尿道支架（非覆膜）,北京有卓正联医疗科技有限公司,,
C0103020011401512576,01-非血管介入治疗类材料,03-泌尿介入材料,02-尿道支架,001-支架类,14-合金,015-非覆膜,001018,尿道支架（非覆膜）,诚来医药（北京）有限公司,,
C0103020011401521879,01-非血管介入治疗类材料,03-泌尿介入材料,02-尿道支架,001-支架类,14-合金,015-非覆膜,001018,尿道支架（非覆膜）,上海星伙医疗科技有限公司,,
C0103020011403824501,01-非血管介入治疗类材料,03-泌尿介入材料,02-尿道支架,001-支架类,14-合金,038-覆膜,001017,尿道支架（覆膜）,艾利姆（常州）医疗科技有限公司,,
C0103020011403824740,01-非血管介入治疗类材料,03-泌尿介入材料,02-尿道支架,001-支架类,14-合金,038-覆膜,001017,尿道支架（覆膜）,上海惠凯医疗科技有限公司,,
C0103030021503200391,01-非血管介入治疗类材料,03-泌尿介入材料,03-泌尿系统球囊导管,002-球囊类,15-聚合物,032-输尿管/带泵,002007,输尿管球囊扩张导管,江苏诺瑞思医疗器械有限公司,,
C0103030021503201682,01-非血管介入治疗类材料,03-泌尿介入材料,03-泌尿系统球囊导管,002-球囊类,15-聚合物,032-输尿管/带泵,002007,输尿管球囊扩张导管,广州维力医疗器械股份有限公司,,
C0103030021503203089,01-非血管介入治疗类材料,03-泌尿介入材料,03-泌尿系统球囊导管,002-球囊类,15-聚合物,032-输尿管/带泵,002007,输尿管球囊扩张导管,库克（中国）医疗贸易有限公司,,
C0103030021503203444,01-非血管介入治疗类材料,03-泌尿介入材料,03-泌尿系统球囊导管,002-球囊类,15-聚合物,032-输尿管/带泵,002007,输尿管球囊扩张导管,苏州华美医疗器械有限公司,,
C0103030021503205400,01-非血管介入治疗类材料,03-泌尿介入材料,03-泌尿系统球囊导管,002-球囊类,15-聚合物,032-输尿管/带泵,002007,输尿管球囊扩张导管,湖南依微迪医疗器械有限公司,,
C0103030021503206761,01-非血管介入治疗类材料,03-泌尿介入材料,03-泌尿系统球囊导管,002-球囊类,15-聚合物,032-输尿管/带泵,002007,输尿管球囊扩张导管,中山博睿医疗器械有限公司,,
C0103030021503207655,01-非血管介入治疗类材料,03-泌尿介入材料,03-泌尿系统球囊导管,002-球囊类,15-聚合物,032-输尿管/带泵,002007,输尿管球囊扩张导管,湖南瑞邦医疗科技发展有限公司,,
C0103030021503207708,01-非血管介入治疗类材料,03-泌尿介入材料,03-泌尿系统球囊导管,002-球囊类,15-聚合物,032-输尿管/带泵,002007,输尿管球囊扩张导管,南京科泰柯林医疗科技有限公司,,
C0103030021503208041,01-非血管介入治疗类材料,03-泌尿介入材料,03-泌尿系统球囊导管,002-球囊类,15-聚合物,032-输尿管/带泵,002007,输尿管球囊扩张导管,江苏唯德康医疗科技有限公司,,
C0103030021503209161,01-非血管介入治疗类材料,03-泌尿介入材料,03-泌尿系统球囊导管,002-球囊类,15-聚合物,032-输尿管/带泵,002007,输尿管球囊扩张导管,张家港市欧凯医疗器械有限公司,,
C0103030021503210100,01-非血管介入治疗类材料,03-泌尿介入材料,03-泌尿系统球囊导管,002-球囊类,15-聚合物,032-输尿管/带泵,002007,输尿管球囊扩张导管,江苏伊凯医疗器械有限公司,,
C0103030021503210290,01-非血管介入治疗类材料,03-泌尿介入材料,03-泌尿系统球囊导管,002-球囊类,15-聚合物,032-输尿管/带泵,002007,输尿管球囊扩张导管,巴德医疗科技（上海）有限公司,,
C0103030021503210872,01-非血管介入治疗类材料,03-泌尿介入材料,03-泌尿系统球囊导管,002-球囊类,15-聚合物,032-输尿管/带泵,002007,输尿管球囊扩张导管,上海英诺伟医疗器械股份有限公司,,
C0103030021503211325,01-非血管介入治疗类材料,03-泌尿介入材料,03-泌尿系统球囊导管,002-球囊类,15-聚合物,032-输尿管/带泵,002007,输尿管球囊扩张导管,波科国际医疗贸易（上海）有限公 司,,
C0103030021503211845,01-非血管介入治疗类材料,03-泌尿介入材料,03-泌尿系统球囊导管,002-球囊类,15-聚合物,032-输尿管/带泵,002007,输尿管球囊扩张导管,深圳泰睿仕医疗科技有限公司,,
C0103030021503211889,01-非血管介入治疗类材料,03-泌尿介入材料,03-泌尿系统球囊导管,002-球囊类,15-聚合物,032-输尿管/带泵,002007,输尿管球囊扩张导管,苏州市倍咏医疗科技有限公司,,
C0103030021503212037,01-非血管介入治疗类材料,03-泌尿介入材料,03-泌尿系统球囊导管,002-球囊类,15-聚合物,032-输尿管/带泵,002007,输尿管球囊扩张导管,浙江医高医疗科技有限公司,,
C0103030021503212509,01-非血管介入治疗类材料,03-泌尿介入材料,03-泌尿系统球囊导管,002-球囊类,15-聚合物,032-输尿管/带泵,002007,输尿管球囊扩张导管,兰州慈力医疗器械有限公司,,
C0103030021503223029,01-非血管介入治疗类材料,03-泌尿介入材料,03-泌尿系统球囊导管,002-球囊类,15-聚合物,032-输尿管/带泵,002007,输尿管球囊扩张导管,上海舒瑞康医疗科技发展有限公司,,
C0103030021503223615,01-非血管介入治疗类材料,03-泌尿介入材料,03-泌尿系统球囊导管,002-球囊类,15-聚合物,032-输尿管/带泵,002007,输尿管球囊扩张导管,北京乐普精密医疗科技有限公司,,
C0103030021503300391,01-非血管介入治疗类材料,03-泌尿介入材料,03-泌尿系统球囊导管,002-球囊类,15-聚合物,033-输尿管/不带泵,002007,输尿管球囊扩张导管,江苏诺瑞思医疗器械有限公司,,
C0103030021503301682,01-非血管介入治疗类材料,03-泌尿介入材料,03-泌尿系统球囊导管,002-球囊类,15-聚合物,033-输尿管/不带泵,002007,输尿管球囊扩张导管,广州维力医疗器械股份有限公司,,
C0103030021503302277,01-非血管介入治疗类材料,03-泌尿介入材料,03-泌尿系统球囊导管,002-球囊类,15-聚合物,033-输尿管/不带泵,002007,输尿管球囊扩张导管,江苏常美医疗器械有限公司,,
C0103030021503303444,01-非血管介入治疗类材料,03-泌尿介入材料,03-泌尿系统球囊导管,002-球囊类,15-聚合物,033-输尿管/不带泵,002007,输尿管球囊扩张导管,苏州华美医疗器械有限公司,,
C0103030021503303852,01-非血管介入治疗类材料,03-泌尿介入材料,03-泌尿系统球囊导管,002-球囊类,15-聚合物,033-输尿管/不带泵,002007,输尿管球囊扩张导管,宁波胜杰康生物科技有限公司,,
C0103030021503304566,01-非血管介入治疗类材料,03-泌尿介入材料,03-泌尿系统球囊导管,002-球囊类,15-聚合物,033-输尿管/不带泵,002007,输尿管球囊扩张导管,深圳库珀医疗股份有限公司,,
C0103030021503305400,01-非血管介入治疗类材料,03-泌尿介入材料,03-泌尿系统球囊导管,002-球囊类,15-聚合物,033-输尿管/不带泵,002007,输尿管球囊扩张导管,湖南依微迪医疗器械有限公司,,
C0103030021503305459,01-非血管介入治疗类材料,03-泌尿介入材料,03-泌尿系统球囊导管,002-球囊类,15-聚合物,033-输尿管/不带泵,002007,输尿管球囊扩张导管,河南健和实业有限公司,,
C0103030021503307655,01-非血管介入治疗类材料,03-泌尿介入材料,03-泌尿系统球囊导管,002-球囊类,15-聚合物,033-输尿管/不带泵,002007,输尿管球囊扩张导管,湖南瑞邦医疗科技发展有限公司,,
C0103030021503307708,01-非血管介入治疗类材料,03-泌尿介入材料,03-泌尿系统球囊导管,002-球囊类,15-聚合物,033-输尿管/不带泵,002007,输尿管球囊扩张导管,南京科泰柯林医疗科技有限公司,,
C0103030021503307760,01-非血管介入治疗类材料,03-泌尿介入材料,03-泌尿系统球囊导管,002-球囊类,15-聚合物,033-输尿管/不带泵,002007,输尿管球囊扩张导管,江苏耀华医疗器械科技有限公司,,
C0103030021503308041,01-非血管介入治疗类材料,03-泌尿介入材料,03-泌尿系统球囊导管,002-球囊类,15-聚合物,033-输尿管/不带泵,002007,输尿管球囊扩张导管,江苏唯德康医疗科技有限公司,,
C0103030021503308427,01-非血管介入治疗类材料,03-泌尿介入材料,03-泌尿系统球囊导管,002-球囊类,15-聚合物,033-输尿管/不带泵,002007,输尿管球囊扩张导管,普霖医疗科技（广州）有限公司,,
C0103030021503309161,01-非血管介入治疗类材料,03-泌尿介入材料,03-泌尿系统球囊导管,002-球囊类,15-聚合物,033-输尿管/不带泵,002007,输尿管球囊扩张导管,张家港市欧凯医疗器械有限公司,,
C0103030021503309441,01-非血管介入治疗类材料,03-泌尿介入材料,03-泌尿系统球囊导管,002-球囊类,15-聚合物,033-输尿管/不带泵,002007,输尿管球囊扩张导管,微创优通医疗科技（上海）有限公 司,,
C0103030021503310100,01-非血管介入治疗类材料,03-泌尿介入材料,03-泌尿系统球囊导管,002-球囊类,15-聚合物,033-输尿管/不带泵,002007,输尿管球囊扩张导管,江苏伊凯医疗器械有限公司,,
C0103030021503310290,01-非血管介入治疗类材料,03-泌尿介入材料,03-泌尿系统球囊导管,002-球囊类,15-聚合物,033-输尿管/不带泵,002007,输尿管球囊扩张导管,巴德医疗科技（上海）有限公司,,
C0103030021503310872,01-非血管介入治疗类材料,03-泌尿介入材料,03-泌尿系统球囊导管,002-球囊类,15-聚合物,033-输尿管/不带泵,002007,输尿管球囊扩张导管,上海英诺伟医疗器械股份有限公司,,
C0103030021503311325,01-非血管介入治疗类材料,03-泌尿介入材料,03-泌尿系统球囊导管,002-球囊类,15-聚合物,033-输尿管/不带泵,002007,输尿管球囊扩张导管,波科国际医疗贸易（上海）有限公 司,,
C0103030021503311619,01-非血管介入治疗类材料,03-泌尿介入材料,03-泌尿系统球囊导管,002-球囊类,15-聚合物,033-输尿管/不带泵,002007,输尿管球囊扩张导管,兰州兰津灵医疗科技有限公司,,
C0103030021503311845,01-非血管介入治疗类材料,03-泌尿介入材料,03-泌尿系统球囊导管,002-球囊类,15-聚合物,033-输尿管/不带泵,002007,输尿管球囊扩张导管,深圳泰睿仕医疗科技有限公司,,
C0103030021503311889,01-非血管介入治疗类材料,03-泌尿介入材料,03-泌尿系统球囊导管,002-球囊类,15-聚合物,033-输尿管/不带泵,002007,输尿管球囊扩张导管,苏州市倍咏医疗科技有限公司,,
C0103030021503312037,01-非血管介入治疗类材料,03-泌尿介入材料,03-泌尿系统球囊导管,002-球囊类,15-聚合物,033-输尿管/不带泵,002007,输尿管球囊扩张导管,浙江医高医疗科技有限公司,,
C0103030021503312308,01-非血管介入治疗类材料,03-泌尿介入材料,03-泌尿系统球囊导管,002-球囊类,15-聚合物,033-输尿管/不带泵,002007,输尿管球囊扩张导管,江苏格里特医疗科技有限公司,,
C0103030021503312509,01-非血管介入治疗类材料,03-泌尿介入材料,03-泌尿系统球囊导管,002-球囊类,15-聚合物,033-输尿管/不带泵,002007,输尿管球囊扩张导管,兰州慈力医疗器械有限公司,,
C0103030021503315214,01-非血管介入治疗类材料,03-泌尿介入材料,03-泌尿系统球囊导管,002-球囊类,15-聚合物,033-输尿管/不带泵,002007,输尿管球囊扩张导管,上海七木医疗器械有限公司,,
C0103030021503318921,01-非血管介入治疗类材料,03-泌尿介入材料,03-泌尿系统球囊导管,002-球囊类,15-聚合物,033-输尿管/不带泵,002007,输尿管球囊扩张导管,苏州西脉红枫生物科技有限公司,,
C0103030021503319601,01-非血管介入治疗类材料,03-泌尿介入材料,03-泌尿系统球囊导管,002-球囊类,15-聚合物,033-输尿管/不带泵,002007,输尿管球囊扩张导管,湖南唯德康医疗科技有限公司,,
C0103030021503323029,01-非血管介入治疗类材料,03-泌尿介入材料,03-泌尿系统球囊导管,002-球囊类,15-聚合物,033-输尿管/不带泵,002007,输尿管球囊扩张导管,上海舒瑞康医疗科技发展有限公司,,
C0103030021503323615,01-非血管介入治疗类材料,03-泌尿介入材料,03-泌尿系统球囊导管,002-球囊类,15-聚合物,033-输尿管/不带泵,002007,输尿管球囊扩张导管,北京乐普精密医疗科技有限公司,,
C0103030021503403089,01-非血管介入治疗类材料,03-泌尿介入材料,03-泌尿系统球囊导管,002-球囊类,15-聚合物,034-肾造瘘/带泵,002008,肾造瘘球囊扩张导管,库克（中国）医疗贸易有限公司,,
C0103030021503403119,01-非血管介入治疗类材料,03-泌尿介入材料,03-泌尿系统球囊导管,002-球囊类,15-聚合物,034-肾造瘘/带泵,002008,肾造瘘球囊扩张导管,微创优通医疗科技（嘉兴）有限公 司,,
C0103030021503407708,01-非血管介入治疗类材料,03-泌尿介入材料,03-泌尿系统球囊导管,002-球囊类,15-聚合物,034-肾造瘘/带泵,002008,肾造瘘球囊扩张导管,南京科泰柯林医疗科技有限公司,,
C0103030021503410290,01-非血管介入治疗类材料,03-泌尿介入材料,03-泌尿系统球囊导管,002-球囊类,15-聚合物,034-肾造瘘/带泵,002008,肾造瘘球囊扩张导管,巴德医疗科技（上海）有限公司,,
C0103030021503410872,01-非血管介入治疗类材料,03-泌尿介入材料,03-泌尿系统球囊导管,002-球囊类,15-聚合物,034-肾造瘘/带泵,002008,肾造瘘球囊扩张导管,上海英诺伟医疗器械股份有限公司,,
C0103030021503411325,01-非血管介入治疗类材料,03-泌尿介入材料,03-泌尿系统球囊导管,002-球囊类,15-聚合物,034-肾造瘘/带泵,002008,肾造瘘球囊扩张导管,波科国际医疗贸易（上海）有限公 司,,
C0103030021503423029,01-非血管介入治疗类材料,03-泌尿介入材料,03-泌尿系统球囊导管,002-球囊类,15-聚合物,034-肾造瘘/带泵,002008,肾造瘘球囊扩张导管,上海舒瑞康医疗科技发展有限公司,,
C0103030021503502277,01-非血管介入治疗类材料,03-泌尿介入材料,03-泌尿系统球囊导管,002-球囊类,15-聚合物,035-肾造瘘/不带泵,002008,肾造瘘球囊扩张导管,江苏常美医疗器械有限公司,,
C0103030021503503089,01-非血管介入治疗类材料,03-泌尿介入材料,03-泌尿系统球囊导管,002-球囊类,15-聚合物,035-肾造瘘/不带泵,002008,肾造瘘球囊扩张导管,库克（中国）医疗贸易有限公司,,
C0103030021503503119,01-非血管介入治疗类材料,03-泌尿介入材料,03-泌尿系统球囊导管,002-球囊类,15-聚合物,035-肾造瘘/不带泵,002008,肾造瘘球囊扩张导管,微创优通医疗科技（嘉兴）有限公 司,,
C0103030021503507708,01-非血管介入治疗类材料,03-泌尿介入材料,03-泌尿系统球囊导管,002-球囊类,15-聚合物,035-肾造瘘/不带泵,002008,肾造瘘球囊扩张导管,南京科泰柯林医疗科技有限公司,,
C0103030021503509441,01-非血管介入治疗类材料,03-泌尿介入材料,03-泌尿系统球囊导管,002-球囊类,15-聚合物,035-肾造瘘/不带泵,002008,肾造瘘球囊扩张导管,微创优通医疗科技（上海）有限公 司,,
C0103030021503510290,01-非血管介入治疗类材料,03-泌尿介入材料,03-泌尿系统球囊导管,002-球囊类,15-聚合物,035-肾造瘘/不带泵,002008,肾造瘘球囊扩张导管,巴德医疗科技（上海）有限公司,,
C0103030021503511325,01-非血管介入治疗类材料,03-泌尿介入材料,03-泌尿系统球囊导管,002-球囊类,15-聚合物,035-肾造瘘/不带泵,002008,肾造瘘球囊扩张导管,波科国际医疗贸易（上海）有限公 司,,
C0103030021503523029,01-非血管介入治疗类材料,03-泌尿介入材料,03-泌尿系统球囊导管,002-球囊类,15-聚合物,035-肾造瘘/不带泵,002008,肾造瘘球囊扩张导管,上海舒瑞康医疗科技发展有限公司,,
C0103030021503709628,01-非血管介入治疗类材料,03-泌尿介入材料,03-泌尿系统球囊导管,002-球囊类,15-聚合物,037-尿道/不带泵,002009,尿道球囊扩张导管,西安汇智医疗集团有限公司,,
C0107010011510709460,01-非血管介入治疗类材料,07-其他非血管介入材料,01-鼻窦支架,001-支架类,15-聚合物,107-含药,001019,鼻窦支架（含药）,浦易（上海）生物技术股份有限公 司,,
C0107010011510712798,01-非血管介入治疗类材料,07-其他非血管介入材料,01-鼻窦支架,001-支架类,15-聚合物,107-含药,001019,鼻窦支架（含药）,江苏启灏医疗科技有限公司,,
C0107010011510715214,01-非血管介入治疗类材料,07-其他非血管介入材料,01-鼻窦支架,001-支架类,15-聚合物,107-含药,001019,鼻窦支架（含药）,上海七木医疗器械有限公司,,
C0107020021503800179,01-非血管介入治疗类材料,07-其他非血管介入材料,02-耳鼻咽喉球囊扩张导管,002-球囊类,15-聚合物,038-鼻窦,002010,鼻窦球囊扩张导管,广东康尔乐医疗器械有限公司,,
C0107020021503801959,01-非血管介入治疗类材料,07-其他非血管介入材料,02-耳鼻咽喉球囊扩张导管,002-球囊类,15-聚合物,038-鼻窦,002010,鼻窦球囊扩张导管,江苏博朗森思医疗器械有限公司,,
C0107020021503803030,01-非血管介入治疗类材料,07-其他非血管介入材料,02-耳鼻咽喉球囊扩张导管,002-球囊类,15-聚合物,038-鼻窦,002010,鼻窦球囊扩张导管,山东贝诺斯医疗器械有限公司,,
C0107020021503805286,01-非血管介入治疗类材料,07-其他非血管介入材料,02-耳鼻咽喉球囊扩张导管,002-球囊类,15-聚合物,038-鼻窦,002010,鼻窦球囊扩张导管,武汉医佳宝生物材料有限公司,,
C0107020021503806052,01-非血管介入治疗类材料,07-其他非血管介入材料,02-耳鼻咽喉球囊扩张导管,002-球囊类,15-聚合物,038-鼻窦,002010,鼻窦球囊扩张导管,施乐辉医用产品国际贸易（上海） 有限公司,,
C0107020021503807674,01-非血管介入治疗类材料,07-其他非血管介入材料,02-耳鼻咽喉球囊扩张导管,002-球囊类,15-聚合物,038-鼻窦,002010,鼻窦球囊扩张导管,广州启骏生物科技有限公司,,
C0107020021503808037,01-非血管介入治疗类材料,07-其他非血管介入材料,02-耳鼻咽喉球囊扩张导管,002-球囊类,15-聚合物,038-鼻窦,002010,鼻窦球囊扩张导管,苏州莱诺医疗器械有限公司,,
C0107020021503809805,01-非血管介入治疗类材料,07-其他非血管介入材料,02-耳鼻咽喉球囊扩张导管,002-球囊类,15-聚合物,038-鼻窦,002010,鼻窦球囊扩张导管,上海凯利泰医疗科技股份有限公司,,
C0107020021503810173,01-非血管介入治疗类材料,07-其他非血管介入材料,02-耳鼻咽喉球囊扩张导管,002-球囊类,15-聚合物,038-鼻窦,002010,鼻窦球囊扩张导管,吉林科罗纳多医疗器械有限公司,,
C0107020021503810353,01-非血管介入治疗类材料,07-其他非血管介入材料,02-耳鼻咽喉球囊扩张导管,002-球囊类,15-聚合物,038-鼻窦,002010,鼻窦球囊扩张导管,依奈德医疗技术（上海）有限公司,,
C0107020021503810406,01-非血管介入治疗类材料,07-其他非血管介入材料,02-耳鼻咽喉球囊扩张导管,002-球囊类,15-聚合物,038-鼻窦,002010,鼻窦球囊扩张导管,广州曼翔医药有限公司,,
C0107020021503812509,01-非血管介入治疗类材料,07-其他非血管介入材料,02-耳鼻咽喉球囊扩张导管,002-球囊类,15-聚合物,038-鼻窦,002010,鼻窦球囊扩张导管,兰州慈力医疗器械有限公司,,
C0107020021503812518,01-非血管介入治疗类材料,07-其他非血管介入材料,02-耳鼻咽喉球囊扩张导管,002-球囊类,15-聚合物,038-鼻窦,002010,鼻窦球囊扩张导管,苏州市美新迪斯医疗科技有限公司,,
C0107020021503814419,01-非血管介入治疗类材料,07-其他非血管介入材料,02-耳鼻咽喉球囊扩张导管,002-球囊类,15-聚合物,038-鼻窦,002010,鼻窦球囊扩张导管,江西汉普医疗科技有限公司,,
C0107020021503816945,01-非血管介入治疗类材料,07-其他非血管介入材料,02-耳鼻咽喉球囊扩张导管,002-球囊类,15-聚合物,038-鼻窦,002010,鼻窦球囊扩张导管,合肥启灏医疗科技有限公司,,
C0107020021503824633,01-非血管介入治疗类材料,07-其他非血管介入材料,02-耳鼻咽喉球囊扩张导管,002-球囊类,15-聚合物,038-鼻窦,002010,鼻窦球囊扩张导管,安骏生物医疗科技（苏州）有限公 司,,
C0107020021503900179,01-非血管介入治疗类材料,07-其他非血管介入材料,02-耳鼻咽喉球囊扩张导管,002-球囊类,15-聚合物,039-咽鼓管,002011,咽鼓管球囊扩张导管,广东康尔乐医疗器械有限公司,,
C0107020021503900446,01-非血管介入治疗类材料,07-其他非血管介入材料,02-耳鼻咽喉球囊扩张导管,002-球囊类,15-聚合物,039-咽鼓管,002011,咽鼓管球囊扩张导管,湖南埃普特医疗器械有限公司,,
C0107020021503902387,01-非血管介入治疗类材料,07-其他非血管介入材料,02-耳鼻咽喉球囊扩张导管,002-球囊类,15-聚合物,039-咽鼓管,002011,咽鼓管球囊扩张导管,北京龙泰洋健商贸有限公司,,
C0107020021503902638,01-非血管介入治疗类材料,07-其他非血管介入材料,02-耳鼻咽喉球囊扩张导管,002-球囊类,15-聚合物,039-咽鼓管,002011,咽鼓管球囊扩张导管,柏为（武汉）医疗科技股份有限公 司,,
C0107020021503908037,01-非血管介入治疗类材料,07-其他非血管介入材料,02-耳鼻咽喉球囊扩张导管,002-球囊类,15-聚合物,039-咽鼓管,002011,咽鼓管球囊扩张导管,苏州莱诺医疗器械有限公司,,
C0107020021503909460,01-非血管介入治疗类材料,07-其他非血管介入材料,02-耳鼻咽喉球囊扩张导管,002-球囊类,15-聚合物,039-咽鼓管,002011,咽鼓管球囊扩张导管,浦易（上海）生物技术股份有限公 司,,
C0107020021503910406,01-非血管介入治疗类材料,07-其他非血管介入材料,02-耳鼻咽喉球囊扩张导管,002-球囊类,15-聚合物,039-咽鼓管,002011,咽鼓管球囊扩张导管,广州曼翔医药有限公司,,
C0107020021503912509,01-非血管介入治疗类材料,07-其他非血管介入材料,02-耳鼻咽喉球囊扩张导管,002-球囊类,15-聚合物,039-咽鼓管,002011,咽鼓管球囊扩张导管,兰州慈力医疗器械有限公司,,
C0107020021503912518,01-非血管介入治疗类材料,07-其他非血管介入材料,02-耳鼻咽喉球囊扩张导管,002-球囊类,15-聚合物,039-咽鼓管,002011,咽鼓管球囊扩张导管,苏州市美新迪斯医疗科技有限公司,,
C0107020021503915214,01-非血管介入治疗类材料,07-其他非血管介入材料,02-耳鼻咽喉球囊扩张导管,002-球囊类,15-聚合物,039-咽鼓管,002011,咽鼓管球囊扩张导管,上海七木医疗器械有限公司,,
C0107020021503916945,01-非血管介入治疗类材料,07-其他非血管介入材料,02-耳鼻咽喉球囊扩张导管,002-球囊类,15-聚合物,039-咽鼓管,002011,咽鼓管球囊扩张导管,合肥启灏医疗科技有限公司,,
C0107020021503919594,01-非血管介入治疗类材料,07-其他非血管介入材料,02-耳鼻咽喉球囊扩张导管,002-球囊类,15-聚合物,039-咽鼓管,002011,咽鼓管球囊扩张导管,沈阳新熹医疗科技有限公司,,
C0107020021503923615,01-非血管介入治疗类材料,07-其他非血管介入材料,02-耳鼻咽喉球囊扩张导管,002-球囊类,15-聚合物,039-咽鼓管,002011,咽鼓管球囊扩张导管,北京乐普精密医疗科技有限公司,,
C0107090021504202650,01-非血管介入治疗类材料,07-其他非血管介入材料,09-压迫球囊扩张导管,002-球囊类,15-聚合物,042-迈克腔,002014,压迫球囊扩张导管,深圳市擎源医疗器械有限公司,,
C0107090021504207761,01-非血管介入治疗类材料,07-其他非血管介入材料,09-压迫球囊扩张导管,002-球囊类,15-聚合物,042-迈克腔,002014,压迫球囊扩张导管,苏州天鸿盛捷医疗器械有限公司,,
C0107090021504223615,01-非血管介入治疗类材料,07-其他非血管介入材料,09-压迫球囊扩张导管,002-球囊类,15-聚合物,042-迈克腔,002014,压迫球囊扩张导管,北京乐普精密医疗科技有限公司,,
C0201070611000101156,02-血管介入治疗类材料,01-电生理类材料,07-临时心脏起搏电极导线,061-导线类,10-不区分,001-带漂浮气囊,061001,临时心脏起搏电极导线,山东柏新医疗制品有限公司,,
C0201070611000105405,02-血管介入治疗类材料,01-电生理类材料,07-临时心脏起搏电极导线,061-导线类,10-不区分,001-带漂浮气囊,061001,临时心脏起搏电极导线,雅培医疗用品（上海）有限公司,,
C0201070611000109058,02-血管介入治疗类材料,01-电生理类材料,07-临时心脏起搏电极导线,061-导线类,10-不区分,001-带漂浮气囊,061001,临时心脏起搏电极导线,深圳惠泰医疗器械股份有限公司,,
C0201070611000110290,02-血管介入治疗类材料,01-电生理类材料,07-临时心脏起搏电极导线,061-导线类,10-不区分,001-带漂浮气囊,061001,临时心脏起搏电极导线,巴德医疗科技（上海）有限公司,,
C0201070611000122492,02-血管介入治疗类材料,01-电生理类材料,07-临时心脏起搏电极导线,061-导线类,10-不区分,001-带漂浮气囊,061001,临时心脏起搏电极导线,深圳市先健心康医疗电子有限公司,,
C0201070611000201156,02-血管介入治疗类材料,01-电生理类材料,07-临时心脏起搏电极导线,061-导线类,10-不区分,002-不带漂浮气囊,061001,临时心脏起搏电极导线,山东柏新医疗制品有限公司,,
C0201070611000204254,02-血管介入治疗类材料,01-电生理类材料,07-临时心脏起搏电极导线,061-导线类,10-不区分,002-不带漂浮气囊,061001,临时心脏起搏电极导线,美敦力（上海）管理有限公司,,
C0201070611000205405,02-血管介入治疗类材料,01-电生理类材料,07-临时心脏起搏电极导线,061-导线类,10-不区分,002-不带漂浮气囊,061001,临时心脏起搏电极导线,雅培医疗用品（上海）有限公司,,
C0201070611000206823,02-血管介入治疗类材料,01-电生理类材料,07-临时心脏起搏电极导线,061-导线类,10-不区分,002-不带漂浮气囊,061001,临时心脏起搏电极导线,柯惠医疗器材国际贸易（上海）有 限公司,,
C0201070611000209098,02-血管介入治疗类材料,01-电生理类材料,07-临时心脏起搏电极导线,061-导线类,10-不区分,002-不带漂浮气囊,061001,临时心脏起搏电极导线,强生（上海）医疗器材有限公司,,
C0201070611000210290,02-血管介入治疗类材料,01-电生理类材料,07-临时心脏起搏电极导线,061-导线类,10-不区分,002-不带漂浮气囊,061001,临时心脏起搏电极导线,巴德医疗科技（上海）有限公司,,
C0201070611000222492,02-血管介入治疗类材料,01-电生理类材料,07-临时心脏起搏电极导线,061-导线类,10-不区分,002-不带漂浮气囊,061001,临时心脏起搏电极导线,深圳市先健心康医疗电子有限公司,,
C0202020011300101208,02-血管介入治疗类材料,02-冠状动脉介入治疗材料,02-冠状动脉支架,001-支架类,13-不锈钢,001-药物洗脱,001101,冠状动脉支架（药物洗脱）,赛诺医疗科学技术股份有限公司,,
C0202020011300101468,02-血管介入治疗类材料,02-冠状动脉介入治疗材料,02-冠状动脉支架,001-支架类,13-不锈钢,001-药物洗脱,001101,冠状动脉支架（药物洗脱）,山东瑞安泰医疗技术有限公司,,
C0202020011300103302,02-血管介入治疗类材料,02-冠状动脉介入治疗材料,02-冠状动脉支架,001-支架类,13-不锈钢,001-药物洗脱,001101,冠状动脉支架（药物洗脱）,辽宁垠艺生物科技股份有限公司,,
C0202020011300109064,02-血管介入治疗类材料,02-冠状动脉介入治疗材料,02-冠状动脉支架,001-支架类,13-不锈钢,001-药物洗脱,001101,冠状动脉支架（药物洗脱）,山东吉威医疗制品有限公司,,
C0202020011300109124,02-血管介入治疗类材料,02-冠状动脉介入治疗材料,02-冠状动脉支架,001-支架类,13-不锈钢,001-药物洗脱,001101,冠状动脉支架（药物洗脱）,乐普（北京）医疗器械股份有限公 司,,
C0202020011300111051,02-血管介入治疗类材料,02-冠状动脉介入治疗材料,02-冠状动脉支架,001-支架类,13-不锈钢,001-药物洗脱,001101,冠状动脉支架（药物洗脱）,北京美中双和医疗器械股份有限公 司,,
C0202020011300125055,02-血管介入治疗类材料,02-冠状动脉介入治疗材料,02-冠状动脉支架,001-支架类,13-不锈钢,001-药物洗脱,001101,冠状动脉支架（药物洗脱）,中科益安医疗科技（北京）股份有 限公司,,
C0202020011300210690,02-血管介入治疗类材料,02-冠状动脉介入治疗材料,02-冠状动脉支架,001-支架类,13-不锈钢,002-非药物洗脱/覆膜,001102,冠状动脉支架（非药物洗脱/ 覆膜）,雅培医疗器械贸易（上海）有限公 司,,
C0202020011300303302,02-血管介入治疗类材料,02-冠状动脉介入治疗材料,02-冠状动脉支架,001-支架类,13-不锈钢,003-非药物洗脱/非覆膜,001103,冠状动脉支架（非药物洗脱/ 非覆膜）,辽宁垠艺生物科技股份有限公司,,
C0202020011300309124,02-血管介入治疗类材料,02-冠状动脉介入治疗材料,02-冠状动脉支架,001-支架类,13-不锈钢,003-非药物洗脱/非覆膜,001103,冠状动脉支架（非药物洗脱/ 非覆膜）,乐普（北京）医疗器械股份有限公 司,,
C0202020011400101208,02-血管介入治疗类材料,02-冠状动脉介入治疗材料,02-冠状动脉支架,001-支架类,14-合金,001-药物洗脱,001101,冠状动脉支架（药物洗脱）,赛诺医疗科学技术股份有限公司,,
C0202020011400102683,02-血管介入治疗类材料,02-冠状动脉介入治疗材料,02-冠状动脉支架,001-支架类,14-合金,001-药物洗脱,001101,冠状动脉支架（药物洗脱）,苏州桓晨医疗科技有限公司,,
C0202020011400103199,02-血管介入治疗类材料,02-冠状动脉介入治疗材料,02-冠状动脉支架,001-支架类,14-合金,001-药物洗脱,001101,冠状动脉支架（药物洗脱）,百多力（北京）医疗器械有限公司,,
C0202020011400103569,02-血管介入治疗类材料,02-冠状动脉介入治疗材料,02-冠状动脉支架,001-支架类,14-合金,001-药物洗脱,001101,冠状动脉支架（药物洗脱）,万瑞飞鸿（北京）医疗器材有限公 司,,
C0202020011400104254,02-血管介入治疗类材料,02-冠状动脉介入治疗材料,02-冠状动脉支架,001-支架类,14-合金,001-药物洗脱,001101,冠状动脉支架（药物洗脱）,美敦力（上海）管理有限公司,,
C0202020011400105708,02-血管介入治疗类材料,02-冠状动脉介入治疗材料,02-冠状动脉支架,001-支架类,14-合金,001-药物洗脱,001101,冠状动脉支架（药物洗脱）,上海微创医疗器械（集团）有限公 司,,
C0202020011400109064,02-血管介入治疗类材料,02-冠状动脉介入治疗材料,02-冠状动脉支架,001-支架类,14-合金,001-药物洗脱,001101,冠状动脉支架（药物洗脱）,山东吉威医疗制品有限公司,,
C0202020011400109124,02-血管介入治疗类材料,02-冠状动脉介入治疗材料,02-冠状动脉支架,001-支架类,14-合金,001-药物洗脱,001101,冠状动脉支架（药物洗脱）,乐普（北京）医疗器械股份有限公 司,,
C0202020011400109323,02-血管介入治疗类材料,02-冠状动脉介入治疗材料,02-冠状动脉支架,001-支架类,14-合金,001-药物洗脱,001101,冠状动脉支架（药物洗脱）,深圳市金瑞凯利生物科技有限公司,,
C0202020011400109741,02-血管介入治疗类材料,02-冠状动脉介入治疗材料,02-冠状动脉支架,001-支架类,14-合金,001-药物洗脱,001101,冠状动脉支架（药物洗脱）,科塞尔医疗科技（苏州）有限公司,,
C0202020011400110690,02-血管介入治疗类材料,02-冠状动脉介入治疗材料,02-冠状动脉支架,001-支架类,14-合金,001-药物洗脱,001101,冠状动脉支架（药物洗脱）,雅培医疗器械贸易（上海）有限公 司,,
C0202020011400111325,02-血管介入治疗类材料,02-冠状动脉介入治疗材料,02-冠状动脉支架,001-支架类,14-合金,001-药物洗脱,001101,冠状动脉支架（药物洗脱）,波科国际医疗贸易（上海）有限公 司,,
C0202020011400111549,02-血管介入治疗类材料,02-冠状动脉介入治疗材料,02-冠状动脉支架,001-支架类,14-合金,001-药物洗脱,001101,冠状动脉支架（药物洗脱）,易生科技（北京）有限公司,,
C0202030011500005708,02-血管介入治疗类材料,02-冠状动脉介入治疗材料,03-冠状动脉可降解支架,001-支架类,15-聚合物,000--,001104,冠状动脉可降解支架,上海微创医疗器械（集团）有限公 司,,
C0202030011500009124,02-血管介入治疗类材料,02-冠状动脉介入治疗材料,03-冠状动脉可降解支架,001-支架类,15-聚合物,000--,001104,冠状动脉可降解支架,乐普（北京）医疗器械股份有限公 司,,
C0202030011500011895,02-血管介入治疗类材料,02-冠状动脉介入治疗材料,03-冠状动脉可降解支架,001-支架类,15-聚合物,000--,001104,冠状动脉可降解支架,山东华安生物科技有限公司,,
C0202050021500100928,02-血管介入治疗类材料,02-冠状动脉介入治疗材料,05-冠状动脉球囊扩张导管,002-球囊类,15-聚合物,001-含药/快速交换/半顺 应性,002101,冠状动脉球囊扩张导管（含 药）,南京友德邦医疗科技有限公司,,
C0202050021500101742,02-血管介入治疗类材料,02-冠状动脉介入治疗材料,05-冠状动脉球囊扩张导管,002-球囊类,15-聚合物,001-含药/快速交换/半顺 应性,002101,冠状动脉球囊扩张导管（含 药）,恒壹（北京）医疗科技有限公司,,
C0202050021500102261,02-血管介入治疗类材料,02-冠状动脉介入治疗材料,05-冠状动脉球囊扩张导管,002-球囊类,15-聚合物,001-含药/快速交换/半顺 应性,002101,冠状动脉球囊扩张导管（含 药）,北京先瑞达医疗科技有限公司,,
C0202050021500102834,02-血管介入治疗类材料,02-冠状动脉介入治疗材料,05-冠状动脉球囊扩张导管,002-球囊类,15-聚合物,001-含药/快速交换/半顺 应性,002101,冠状动脉球囊扩张导管（含 药）,贝朗医疗（上海）国际贸易有限公 司,,
C0202050021500103302,02-血管介入治疗类材料,02-冠状动脉介入治疗材料,05-冠状动脉球囊扩张导管,002-球囊类,15-聚合物,001-含药/快速交换/半顺 应性,002101,冠状动脉球囊扩张导管（含 药）,辽宁垠艺生物科技股份有限公司,,
C0202050021500105708,02-血管介入治疗类材料,02-冠状动脉介入治疗材料,05-冠状动脉球囊扩张导管,002-球囊类,15-聚合物,001-含药/快速交换/半顺 应性,002101,冠状动脉球囊扩张导管（含 药）,上海微创医疗器械（集团）有限公 司,,
C0202050021500106639,02-血管介入治疗类材料,02-冠状动脉介入治疗材料,05-冠状动脉球囊扩张导管,002-球囊类,15-聚合物,001-含药/快速交换/半顺 应性,002101,冠状动脉球囊扩张导管（含 药）,贝朗医疗（苏州）有限公司,,
C0202050021500109064,02-血管介入治疗类材料,02-冠状动脉介入治疗材料,05-冠状动脉球囊扩张导管,002-球囊类,15-聚合物,001-含药/快速交换/半顺 应性,002101,冠状动脉球囊扩张导管（含 药）,山东吉威医疗制品有限公司,,
C0202050021500109124,02-血管介入治疗类材料,02-冠状动脉介入治疗材料,05-冠状动脉球囊扩张导管,002-球囊类,15-聚合物,001-含药/快速交换/半顺 应性,002101,冠状动脉球囊扩张导管（含 药）,乐普（北京）医疗器械股份有限公 司,,
C0202050021500109675,02-血管介入治疗类材料,02-冠状动脉介入治疗材料,05-冠状动脉球囊扩张导管,002-球囊类,15-聚合物,001-含药/快速交换/半顺 应性,002101,冠状动脉球囊扩张导管（含 药）,浙江巴泰医疗科技有限公司,,
C0202050021500111325,02-血管介入治疗类材料,02-冠状动脉介入治疗材料,05-冠状动脉球囊扩张导管,002-球囊类,15-聚合物,001-含药/快速交换/半顺 应性,002101,冠状动脉球囊扩张导管（含 药）,波科国际医疗贸易（上海）有限公 司,,
C0202050021500111441,02-血管介入治疗类材料,02-冠状动脉介入治疗材料,05-冠状动脉球囊扩张导管,002-球囊类,15-聚合物,001-含药/快速交换/半顺 应性,002101,冠状动脉球囊扩张导管（含 药）,鼎科医疗技术（苏州）有限公司,,
C0202050021500111598,02-血管介入治疗类材料,02-冠状动脉介入治疗材料,05-冠状动脉球囊扩张导管,002-球囊类,15-聚合物,001-含药/快速交换/半顺 应性,002101,冠状动脉球囊扩张导管（含 药）,杭州瑞维特医疗科技有限公司,,
C0202050021500111639,02-血管介入治疗类材料,02-冠状动脉介入治疗材料,05-冠状动脉球囊扩张导管,002-球囊类,15-聚合物,001-含药/快速交换/半顺 应性,002101,冠状动脉球囊扩张导管（含 药）,凯德诺医疗器械（武汉）有限公司,,
C0202050021500111857,02-血管介入治疗类材料,02-冠状动脉介入治疗材料,05-冠状动脉球囊扩张导管,002-球囊类,15-聚合物,001-含药/快速交换/半顺 应性,002101,冠状动脉球囊扩张导管（含 药）,上海申淇医疗科技有限公司,,
C0202050021500120413,02-血管介入治疗类材料,02-冠状动脉介入治疗材料,05-冠状动脉球囊扩张导管,002-球囊类,15-聚合物,001-含药/快速交换/半顺 应性,002101,冠状动脉球囊扩张导管（含 药）,四川兴泰普乐医疗科技有限公司,,
C0202050021500120414,02-血管介入治疗类材料,02-冠状动脉介入治疗材料,05-冠状动脉球囊扩张导管,002-球囊类,15-聚合物,001-含药/快速交换/半顺 应性,002101,冠状动脉球囊扩张导管（含 药）,上海以心医疗器械有限公司,,
C0202050021500120919,02-血管介入治疗类材料,02-冠状动脉介入治疗材料,05-冠状动脉球囊扩张导管,002-球囊类,15-聚合物,001-含药/快速交换/半顺 应性,002101,冠状动脉球囊扩张导管（含 药）,上海心至医疗科技有限公司,,
C0202050021500121095,02-血管介入治疗类材料,02-冠状动脉介入治疗材料,05-冠状动脉球囊扩张导管,002-球囊类,15-聚合物,001-含药/快速交换/半顺 应性,002101,冠状动脉球囊扩张导管（含 药）,浙江乾合畅脉医疗科技有限公司,,
C0202050021500212788,02-血管介入治疗类材料,02-冠状动脉介入治疗材料,05-冠状动脉球囊扩张导管,002-球囊类,15-聚合物,002-含药/快速交换/非顺 应性,002101,冠状动脉球囊扩张导管（含 药）,上海赢生医疗科技有限公司,,
C0202050021500500423,02-血管介入治疗类材料,02-冠状动脉介入治疗材料,05-冠状动脉球囊扩张导管,002-球囊类,15-聚合物,005-不含药/快速交换/半 顺应性,002102,冠状动脉球囊扩张导管（不 含药）,深圳市顺美医疗股份有限公司,,
C0202050021500500446,02-血管介入治疗类材料,02-冠状动脉介入治疗材料,05-冠状动脉球囊扩张导管,002-球囊类,15-聚合物,005-不含药/快速交换/半 顺应性,002102,冠状动脉球囊扩张导管（不 含药）,湖南埃普特医疗器械有限公司,,
C0202050021500500699,02-血管介入治疗类材料,02-冠状动脉介入治疗材料,05-冠状动脉球囊扩张导管,002-球囊类,15-聚合物,005-不含药/快速交换/半 顺应性,002102,冠状动脉球囊扩张导管（不 含药）,钟化贸易（上海）有限公司,,
C0202050021500500928,02-血管介入治疗类材料,02-冠状动脉介入治疗材料,05-冠状动脉球囊扩张导管,002-球囊类,15-聚合物,005-不含药/快速交换/半 顺应性,002102,冠状动脉球囊扩张导管（不 含药）,南京友德邦医疗科技有限公司,,
C0202050021500501208,02-血管介入治疗类材料,02-冠状动脉介入治疗材料,05-冠状动脉球囊扩张导管,002-球囊类,15-聚合物,005-不含药/快速交换/半 顺应性,002102,冠状动脉球囊扩张导管（不 含药）,赛诺医疗科学技术股份有限公司,,
C0202050021500501219,02-血管介入治疗类材料,02-冠状动脉介入治疗材料,05-冠状动脉球囊扩张导管,002-球囊类,15-聚合物,005-不含药/快速交换/半 顺应性,002102,冠状动脉球囊扩张导管（不 含药）,深圳市业聚实业有限公司,,
C0202050021500501229,02-血管介入治疗类材料,02-冠状动脉介入治疗材料,05-冠状动脉球囊扩张导管,002-球囊类,15-聚合物,005-不含药/快速交换/半 顺应性,002102,冠状动脉球囊扩张导管（不 含药）,赫戴医疗器械 （上海）有限公司,,
C0202050021500501416,02-血管介入治疗类材料,02-冠状动脉介入治疗材料,05-冠状动脉球囊扩张导管,002-球囊类,15-聚合物,005-不含药/快速交换/半 顺应性,002102,冠状动脉球囊扩张导管（不 含药）,捷通埃默高（北京）医药科技有限 公司,,
C0202050021500501468,02-血管介入治疗类材料,02-冠状动脉介入治疗材料,05-冠状动脉球囊扩张导管,002-球囊类,15-聚合物,005-不含药/快速交换/半 顺应性,002102,冠状动脉球囊扩张导管（不 含药）,山东瑞安泰医疗技术有限公司,,
C0202050021500501554,02-血管介入治疗类材料,02-冠状动脉介入治疗材料,05-冠状动脉球囊扩张导管,002-球囊类,15-聚合物,005-不含药/快速交换/半 顺应性,002102,冠状动脉球囊扩张导管（不 含药）,北京迪玛克医药科技有限公司,,
C0202050021500501742,02-血管介入治疗类材料,02-冠状动脉介入治疗材料,05-冠状动脉球囊扩张导管,002-球囊类,15-聚合物,005-不含药/快速交换/半 顺应性,002102,冠状动脉球囊扩张导管（不 含药）,恒壹（北京）医疗科技有限公司,,
C0202050021500502446,02-血管介入治疗类材料,02-冠状动脉介入治疗材料,05-冠状动脉球囊扩张导管,002-球囊类,15-聚合物,005-不含药/快速交换/半 顺应性,002102,冠状动脉球囊扩张导管（不 含药）,江苏脉动医疗器械科技有限公司,,
C0202050021500502638,02-血管介入治疗类材料,02-冠状动脉介入治疗材料,05-冠状动脉球囊扩张导管,002-球囊类,15-聚合物,005-不含药/快速交换/半 顺应性,002102,冠状动脉球囊扩张导管（不 含药）,柏为（武汉）医疗科技股份有限公 司,,
C0202050021500502834,02-血管介入治疗类材料,02-冠状动脉介入治疗材料,05-冠状动脉球囊扩张导管,002-球囊类,15-聚合物,005-不含药/快速交换/半 顺应性,002102,冠状动脉球囊扩张导管（不 含药）,贝朗医疗（上海）国际贸易有限公 司,,
C0202050021500503133,02-血管介入治疗类材料,02-冠状动脉介入治疗材料,05-冠状动脉球囊扩张导管,002-球囊类,15-聚合物,005-不含药/快速交换/半 顺应性,002102,冠状动脉球囊扩张导管（不 含药）,泰尔茂医疗产品（上海）有限公司,,
C0202050021500503199,02-血管介入治疗类材料,02-冠状动脉介入治疗材料,05-冠状动脉球囊扩张导管,002-球囊类,15-聚合物,005-不含药/快速交换/半 顺应性,002102,冠状动脉球囊扩张导管（不 含药）,百多力（北京）医疗器械有限公司,,
C0202050021500503302,02-血管介入治疗类材料,02-冠状动脉介入治疗材料,05-冠状动脉球囊扩张导管,002-球囊类,15-聚合物,005-不含药/快速交换/半 顺应性,002102,冠状动脉球囊扩张导管（不 含药）,辽宁垠艺生物科技股份有限公司,,
C0202050021500503780,02-血管介入治疗类材料,02-冠状动脉介入治疗材料,05-冠状动脉球囊扩张导管,002-球囊类,15-聚合物,005-不含药/快速交换/半 顺应性,002102,冠状动脉球囊扩张导管（不 含药）,广东博迈医疗科技股份有限公司,,
C0202050021500504254,02-血管介入治疗类材料,02-冠状动脉介入治疗材料,05-冠状动脉球囊扩张导管,002-球囊类,15-聚合物,005-不含药/快速交换/半 顺应性,002102,冠状动脉球囊扩张导管（不 含药）,美敦力（上海）管理有限公司,,
C0202050021500504338,02-血管介入治疗类材料,02-冠状动脉介入治疗材料,05-冠状动脉球囊扩张导管,002-球囊类,15-聚合物,005-不含药/快速交换/半 顺应性,002102,冠状动脉球囊扩张导管（不 含药）,业聚医疗器械（深圳）有限公司,,
C0202050021500504697,02-血管介入治疗类材料,02-冠状动脉介入治疗材料,05-冠状动脉球囊扩张导管,002-球囊类,15-聚合物,005-不含药/快速交换/半 顺应性,002102,冠状动脉球囊扩张导管（不 含药）,归创通桥医疗科技股份有限公司,,
C0202050021500504740,02-血管介入治疗类材料,02-冠状动脉介入治疗材料,05-冠状动脉球囊扩张导管,002-球囊类,15-聚合物,005-不含药/快速交换/半 顺应性,002102,冠状动脉球囊扩张导管（不 含药）,河南驼人贝斯特医疗器械有限公司,,
C0202050021500505708,02-血管介入治疗类材料,02-冠状动脉介入治疗材料,05-冠状动脉球囊扩张导管,002-球囊类,15-聚合物,005-不含药/快速交换/半 顺应性,002102,冠状动脉球囊扩张导管（不 含药）,上海微创医疗器械（集团）有限公 司,,
C0202050021500507971,02-血管介入治疗类材料,02-冠状动脉介入治疗材料,05-冠状动脉球囊扩张导管,002-球囊类,15-聚合物,005-不含药/快速交换/半 顺应性,002102,冠状动脉球囊扩张导管（不 含药）,泰尔茂（中国）投资有限公司,,
C0202050021500508037,02-血管介入治疗类材料,02-冠状动脉介入治疗材料,05-冠状动脉球囊扩张导管,002-球囊类,15-聚合物,005-不含药/快速交换/半 顺应性,002102,冠状动脉球囊扩张导管（不 含药）,苏州莱诺医疗器械有限公司,,
C0202050021500508427,02-血管介入治疗类材料,02-冠状动脉介入治疗材料,05-冠状动脉球囊扩张导管,002-球囊类,15-聚合物,005-不含药/快速交换/半 顺应性,002102,冠状动脉球囊扩张导管（不 含药）,普霖医疗科技（广州）有限公司,,
C0202050021500508562,02-血管介入治疗类材料,02-冠状动脉介入治疗材料,05-冠状动脉球囊扩张导管,002-球囊类,15-聚合物,005-不含药/快速交换/半 顺应性,002102,冠状动脉球囊扩张导管（不 含药）,亚都医疗科技（河南）有限公司,,
C0202050021500508905,02-血管介入治疗类材料,02-冠状动脉介入治疗材料,05-冠状动脉球囊扩张导管,002-球囊类,15-聚合物,005-不含药/快速交换/半 顺应性,002102,冠状动脉球囊扩张导管（不 含药）,康蒂思（上海）医疗器械有限公司,,
C0202050021500509064,02-血管介入治疗类材料,02-冠状动脉介入治疗材料,05-冠状动脉球囊扩张导管,002-球囊类,15-聚合物,005-不含药/快速交换/半 顺应性,002102,冠状动脉球囊扩张导管（不 含药）,山东吉威医疗制品有限公司,,
C0202050021500509124,02-血管介入治疗类材料,02-冠状动脉介入治疗材料,05-冠状动脉球囊扩张导管,002-球囊类,15-聚合物,005-不含药/快速交换/半 顺应性,002102,冠状动脉球囊扩张导管（不 含药）,乐普（北京）医疗器械股份有限公 司,,
C0202050021500509222,02-血管介入治疗类材料,02-冠状动脉介入治疗材料,05-冠状动脉球囊扩张导管,002-球囊类,15-聚合物,005-不含药/快速交换/半 顺应性,002102,冠状动脉球囊扩张导管（不 含药）,上海瑛泰医疗器械股份有限公司,,
C0202050021500509675,02-血管介入治疗类材料,02-冠状动脉介入治疗材料,05-冠状动脉球囊扩张导管,002-球囊类,15-聚合物,005-不含药/快速交换/半 顺应性,002102,冠状动脉球囊扩张导管（不 含药）,浙江巴泰医疗科技有限公司,,
C0202050021500509741,02-血管介入治疗类材料,02-冠状动脉介入治疗材料,05-冠状动脉球囊扩张导管,002-球囊类,15-聚合物,005-不含药/快速交换/半 顺应性,002102,冠状动脉球囊扩张导管（不 含药）,科塞尔医疗科技（苏州）有限公司,,
C0202050021500510173,02-血管介入治疗类材料,02-冠状动脉介入治疗材料,05-冠状动脉球囊扩张导管,002-球囊类,15-聚合物,005-不含药/快速交换/半 顺应性,002102,冠状动脉球囊扩张导管（不 含药）,吉林科罗纳多医疗器械有限公司,,
C0202050021500510353,02-血管介入治疗类材料,02-冠状动脉介入治疗材料,05-冠状动脉球囊扩张导管,002-球囊类,15-聚合物,005-不含药/快速交换/半 顺应性,002102,冠状动脉球囊扩张导管（不 含药）,依奈德医疗技术（上海）有限公司,,
C0202050021500510495,02-血管介入治疗类材料,02-冠状动脉介入治疗材料,05-冠状动脉球囊扩张导管,002-球囊类,15-聚合物,005-不含药/快速交换/半 顺应性,002102,冠状动脉球囊扩张导管（不 含药）,深圳市益心达医学新技术有限公司,,
C0202050021500510690,02-血管介入治疗类材料,02-冠状动脉介入治疗材料,05-冠状动脉球囊扩张导管,002-球囊类,15-聚合物,005-不含药/快速交换/半 顺应性,002102,冠状动脉球囊扩张导管（不 含药）,雅培医疗器械贸易（上海）有限公 司,,
C0202050021500511051,02-血管介入治疗类材料,02-冠状动脉介入治疗材料,05-冠状动脉球囊扩张导管,002-球囊类,15-聚合物,005-不含药/快速交换/半 顺应性,002102,冠状动脉球囊扩张导管（不 含药）,北京美中双和医疗器械股份有限公 司,,
C0202050021500511325,02-血管介入治疗类材料,02-冠状动脉介入治疗材料,05-冠状动脉球囊扩张导管,002-球囊类,15-聚合物,005-不含药/快速交换/半 顺应性,002102,冠状动脉球囊扩张导管（不 含药）,波科国际医疗贸易（上海）有限公 司,,
C0202050021500511549,02-血管介入治疗类材料,02-冠状动脉介入治疗材料,05-冠状动脉球囊扩张导管,002-球囊类,15-聚合物,005-不含药/快速交换/半 顺应性,002102,冠状动脉球囊扩张导管（不 含药）,易生科技（北京）有限公司,,
C0202050021500511561,02-血管介入治疗类材料,02-冠状动脉介入治疗材料,05-冠状动脉球囊扩张导管,002-球囊类,15-聚合物,005-不含药/快速交换/半 顺应性,002102,冠状动脉球囊扩张导管（不 含药）,山东安得医疗用品股份有限公司,,
C0202050021500511671,02-血管介入治疗类材料,02-冠状动脉介入治疗材料,05-冠状动脉球囊扩张导管,002-球囊类,15-聚合物,005-不含药/快速交换/半 顺应性,002102,冠状动脉球囊扩张导管（不 含药）,深圳信立泰医疗器械股份有限公司,,
C0202050021500511758,02-血管介入治疗类材料,02-冠状动脉介入治疗材料,05-冠状动脉球囊扩张导管,002-球囊类,15-聚合物,005-不含药/快速交换/半 顺应性,002102,冠状动脉球囊扩张导管（不 含药）,安吉特（天津）科技有限公司,,
C0202050021500518594,02-血管介入治疗类材料,02-冠状动脉介入治疗材料,05-冠状动脉球囊扩张导管,002-球囊类,15-聚合物,005-不含药/快速交换/半 顺应性,002102,冠状动脉球囊扩张导管（不 含药）,为泰医疗器械（深圳）有限公司,,
C0202050021500518717,02-血管介入治疗类材料,02-冠状动脉介入治疗材料,05-冠状动脉球囊扩张导管,002-球囊类,15-聚合物,005-不含药/快速交换/半 顺应性,002102,冠状动脉球囊扩张导管（不 含药）,东莞天天向上医疗科技有限公司,,
C0202050021500519508,02-血管介入治疗类材料,02-冠状动脉介入治疗材料,05-冠状动脉球囊扩张导管,002-球囊类,15-聚合物,005-不含药/快速交换/半 顺应性,002102,冠状动脉球囊扩张导管（不 含药）,宁波韦科医疗科技有限公司,,
C0202050021500520000,02-血管介入治疗类材料,02-冠状动脉介入治疗材料,05-冠状动脉球囊扩张导管,002-球囊类,15-聚合物,005-不含药/快速交换/半 顺应性,002102,冠状动脉球囊扩张导管（不 含药）,浙江桐轩医疗科技有限公司,,
C0202050021500520969,02-血管介入治疗类材料,02-冠状动脉介入治疗材料,05-冠状动脉球囊扩张导管,002-球囊类,15-聚合物,005-不含药/快速交换/半 顺应性,002102,冠状动脉球囊扩张导管（不 含药）,河北康誉医疗器械有限公司,,
C0202050021500521664,02-血管介入治疗类材料,02-冠状动脉介入治疗材料,05-冠状动脉球囊扩张导管,002-球囊类,15-聚合物,005-不含药/快速交换/半 顺应性,002102,冠状动脉球囊扩张导管（不 含药）,金禾中科医疗器械（北京）有限公 司,,
C0202050021500522792,02-血管介入治疗类材料,02-冠状动脉介入治疗材料,05-冠状动脉球囊扩张导管,002-球囊类,15-聚合物,005-不含药/快速交换/半 顺应性,002102,冠状动脉球囊扩张导管（不 含药）,上海蓝帆博元医疗科技有限公司,,
C0202050021500600423,02-血管介入治疗类材料,02-冠状动脉介入治疗材料,05-冠状动脉球囊扩张导管,002-球囊类,15-聚合物,006-不含药/快速交换/非 顺应性,002102,冠状动脉球囊扩张导管（不 含药）,深圳市顺美医疗股份有限公司,,
C0202050021500600446,02-血管介入治疗类材料,02-冠状动脉介入治疗材料,05-冠状动脉球囊扩张导管,002-球囊类,15-聚合物,006-不含药/快速交换/非 顺应性,002102,冠状动脉球囊扩张导管（不 含药）,湖南埃普特医疗器械有限公司,,
C0202050021500600699,02-血管介入治疗类材料,02-冠状动脉介入治疗材料,05-冠状动脉球囊扩张导管,002-球囊类,15-聚合物,006-不含药/快速交换/非 顺应性,002102,冠状动脉球囊扩张导管（不 含药）,钟化贸易（上海）有限公司,,
C0202050021500600928,02-血管介入治疗类材料,02-冠状动脉介入治疗材料,05-冠状动脉球囊扩张导管,002-球囊类,15-聚合物,006-不含药/快速交换/非 顺应性,002102,冠状动脉球囊扩张导管（不 含药）,南京友德邦医疗科技有限公司,,
C0202050021500601208,02-血管介入治疗类材料,02-冠状动脉介入治疗材料,05-冠状动脉球囊扩张导管,002-球囊类,15-聚合物,006-不含药/快速交换/非 顺应性,002102,冠状动脉球囊扩张导管（不 含药）,赛诺医疗科学技术股份有限公司,,
C0202050021500601219,02-血管介入治疗类材料,02-冠状动脉介入治疗材料,05-冠状动脉球囊扩张导管,002-球囊类,15-聚合物,006-不含药/快速交换/非 顺应性,002102,冠状动脉球囊扩张导管（不 含药）,深圳市业聚实业有限公司,,
C0202050021500601229,02-血管介入治疗类材料,02-冠状动脉介入治疗材料,05-冠状动脉球囊扩张导管,002-球囊类,15-聚合物,006-不含药/快速交换/非 顺应性,002102,冠状动脉球囊扩张导管（不 含药）,赫戴医疗器械 （上海）有限公司,,
C0202050021500601554,02-血管介入治疗类材料,02-冠状动脉介入治疗材料,05-冠状动脉球囊扩张导管,002-球囊类,15-聚合物,006-不含药/快速交换/非 顺应性,002102,冠状动脉球囊扩张导管（不 含药）,北京迪玛克医药科技有限公司,,
C0202050021500601742,02-血管介入治疗类材料,02-冠状动脉介入治疗材料,05-冠状动脉球囊扩张导管,002-球囊类,15-聚合物,006-不含药/快速交换/非 顺应性,002102,冠状动脉球囊扩张导管（不 含药）,恒壹（北京）医疗科技有限公司,,
C0202050021500602446,02-血管介入治疗类材料,02-冠状动脉介入治疗材料,05-冠状动脉球囊扩张导管,002-球囊类,15-聚合物,006-不含药/快速交换/非 顺应性,002102,冠状动脉球囊扩张导管（不 含药）,江苏脉动医疗器械科技有限公司,,
C0202050021500602638,02-血管介入治疗类材料,02-冠状动脉介入治疗材料,05-冠状动脉球囊扩张导管,002-球囊类,15-聚合物,006-不含药/快速交换/非 顺应性,002102,冠状动脉球囊扩张导管（不 含药）,柏为（武汉）医疗科技股份有限公 司,,
C0202050021500602834,02-血管介入治疗类材料,02-冠状动脉介入治疗材料,05-冠状动脉球囊扩张导管,002-球囊类,15-聚合物,006-不含药/快速交换/非 顺应性,002102,冠状动脉球囊扩张导管（不 含药）,贝朗医疗（上海）国际贸易有限公 司,,
C0202050021500603133,02-血管介入治疗类材料,02-冠状动脉介入治疗材料,05-冠状动脉球囊扩张导管,002-球囊类,15-聚合物,006-不含药/快速交换/非 顺应性,002102,冠状动脉球囊扩张导管（不 含药）,泰尔茂医疗产品（上海）有限公司,,
C0202050021500603199,02-血管介入治疗类材料,02-冠状动脉介入治疗材料,05-冠状动脉球囊扩张导管,002-球囊类,15-聚合物,006-不含药/快速交换/非 顺应性,002102,冠状动脉球囊扩张导管（不 含药）,百多力（北京）医疗器械有限公司,,
C0202050021500603302,02-血管介入治疗类材料,02-冠状动脉介入治疗材料,05-冠状动脉球囊扩张导管,002-球囊类,15-聚合物,006-不含药/快速交换/非 顺应性,002102,冠状动脉球囊扩张导管（不 含药）,辽宁垠艺生物科技股份有限公司,,
C0202050021500603780,02-血管介入治疗类材料,02-冠状动脉介入治疗材料,05-冠状动脉球囊扩张导管,002-球囊类,15-聚合物,006-不含药/快速交换/非 顺应性,002102,冠状动脉球囊扩张导管（不 含药）,广东博迈医疗科技股份有限公司,,
C0202050021500604254,02-血管介入治疗类材料,02-冠状动脉介入治疗材料,05-冠状动脉球囊扩张导管,002-球囊类,15-聚合物,006-不含药/快速交换/非 顺应性,002102,冠状动脉球囊扩张导管（不 含药）,美敦力（上海）管理有限公司,,
C0202050021500604338,02-血管介入治疗类材料,02-冠状动脉介入治疗材料,05-冠状动脉球囊扩张导管,002-球囊类,15-聚合物,006-不含药/快速交换/非 顺应性,002102,冠状动脉球囊扩张导管（不 含药）,业聚医疗器械（深圳）有限公司,,
C0202050021500605708,02-血管介入治疗类材料,02-冠状动脉介入治疗材料,05-冠状动脉球囊扩张导管,002-球囊类,15-聚合物,006-不含药/快速交换/非 顺应性,002102,冠状动脉球囊扩张导管（不 含药）,上海微创医疗器械（集团）有限公 司,,
C0202050021500608037,02-血管介入治疗类材料,02-冠状动脉介入治疗材料,05-冠状动脉球囊扩张导管,002-球囊类,15-聚合物,006-不含药/快速交换/非 顺应性,002102,冠状动脉球囊扩张导管（不 含药）,苏州莱诺医疗器械有限公司,,
C0202050021500608905,02-血管介入治疗类材料,02-冠状动脉介入治疗材料,05-冠状动脉球囊扩张导管,002-球囊类,15-聚合物,006-不含药/快速交换/非 顺应性,002102,冠状动脉球囊扩张导管（不 含药）,康蒂思（上海）医疗器械有限公司,,
C0202050021500609064,02-血管介入治疗类材料,02-冠状动脉介入治疗材料,05-冠状动脉球囊扩张导管,002-球囊类,15-聚合物,006-不含药/快速交换/非 顺应性,002102,冠状动脉球囊扩张导管（不 含药）,山东吉威医疗制品有限公司,,
C0202050021500609124,02-血管介入治疗类材料,02-冠状动脉介入治疗材料,05-冠状动脉球囊扩张导管,002-球囊类,15-聚合物,006-不含药/快速交换/非 顺应性,002102,冠状动脉球囊扩张导管（不 含药）,乐普（北京）医疗器械股份有限公 司,,
C0202050021500609222,02-血管介入治疗类材料,02-冠状动脉介入治疗材料,05-冠状动脉球囊扩张导管,002-球囊类,15-聚合物,006-不含药/快速交换/非 顺应性,002102,冠状动脉球囊扩张导管（不 含药）,上海瑛泰医疗器械股份有限公司,,
C0202050021500609675,02-血管介入治疗类材料,02-冠状动脉介入治疗材料,05-冠状动脉球囊扩张导管,002-球囊类,15-聚合物,006-不含药/快速交换/非 顺应性,002102,冠状动脉球囊扩张导管（不 含药）,浙江巴泰医疗科技有限公司,,
C0202050021500609741,02-血管介入治疗类材料,02-冠状动脉介入治疗材料,05-冠状动脉球囊扩张导管,002-球囊类,15-聚合物,006-不含药/快速交换/非 顺应性,002102,冠状动脉球囊扩张导管（不 含药）,科塞尔医疗科技（苏州）有限公司,,
C0202050021500610173,02-血管介入治疗类材料,02-冠状动脉介入治疗材料,05-冠状动脉球囊扩张导管,002-球囊类,15-聚合物,006-不含药/快速交换/非 顺应性,002102,冠状动脉球囊扩张导管（不 含药）,吉林科罗纳多医疗器械有限公司,,
C0202050021500610353,02-血管介入治疗类材料,02-冠状动脉介入治疗材料,05-冠状动脉球囊扩张导管,002-球囊类,15-聚合物,006-不含药/快速交换/非 顺应性,002102,冠状动脉球囊扩张导管（不 含药）,依奈德医疗技术（上海）有限公司,,
C0202050021500610495,02-血管介入治疗类材料,02-冠状动脉介入治疗材料,05-冠状动脉球囊扩张导管,002-球囊类,15-聚合物,006-不含药/快速交换/非 顺应性,002102,冠状动脉球囊扩张导管（不 含药）,深圳市益心达医学新技术有限公司,,
C0202050021500610690,02-血管介入治疗类材料,02-冠状动脉介入治疗材料,05-冠状动脉球囊扩张导管,002-球囊类,15-聚合物,006-不含药/快速交换/非 顺应性,002102,冠状动脉球囊扩张导管（不 含药）,雅培医疗器械贸易（上海）有限公 司,,
C0202050021500611051,02-血管介入治疗类材料,02-冠状动脉介入治疗材料,05-冠状动脉球囊扩张导管,002-球囊类,15-聚合物,006-不含药/快速交换/非 顺应性,002102,冠状动脉球囊扩张导管（不 含药）,北京美中双和医疗器械股份有限公 司,,
C0202050021500611325,02-血管介入治疗类材料,02-冠状动脉介入治疗材料,05-冠状动脉球囊扩张导管,002-球囊类,15-聚合物,006-不含药/快速交换/非 顺应性,002102,冠状动脉球囊扩张导管（不 含药）,波科国际医疗贸易（上海）有限公 司,,
C0202050021500611441,02-血管介入治疗类材料,02-冠状动脉介入治疗材料,05-冠状动脉球囊扩张导管,002-球囊类,15-聚合物,006-不含药/快速交换/非 顺应性,002102,冠状动脉球囊扩张导管（不 含药）,鼎科医疗技术（苏州）有限公司,,
C0202050021500611549,02-血管介入治疗类材料,02-冠状动脉介入治疗材料,05-冠状动脉球囊扩张导管,002-球囊类,15-聚合物,006-不含药/快速交换/非 顺应性,002102,冠状动脉球囊扩张导管（不 含药）,易生科技（北京）有限公司,,
C0202050021500611561,02-血管介入治疗类材料,02-冠状动脉介入治疗材料,05-冠状动脉球囊扩张导管,002-球囊类,15-聚合物,006-不含药/快速交换/非 顺应性,002102,冠状动脉球囊扩张导管（不 含药）,山东安得医疗用品股份有限公司,,
C0202050021500617057,02-血管介入治疗类材料,02-冠状动脉介入治疗材料,05-冠状动脉球囊扩张导管,002-球囊类,15-聚合物,006-不含药/快速交换/非 顺应性,002102,冠状动脉球囊扩张导管（不 含药）,北京阿迈特医疗器械有限公司,,
C0202050021500618594,02-血管介入治疗类材料,02-冠状动脉介入治疗材料,05-冠状动脉球囊扩张导管,002-球囊类,15-聚合物,006-不含药/快速交换/非 顺应性,002102,冠状动脉球囊扩张导管（不 含药）,为泰医疗器械（深圳）有限公司,,
C0202050021500618717,02-血管介入治疗类材料,02-冠状动脉介入治疗材料,05-冠状动脉球囊扩张导管,002-球囊类,15-聚合物,006-不含药/快速交换/非 顺应性,002102,冠状动脉球囊扩张导管（不 含药）,东莞天天向上医疗科技有限公司,,
C0202050021500619508,02-血管介入治疗类材料,02-冠状动脉介入治疗材料,05-冠状动脉球囊扩张导管,002-球囊类,15-聚合物,006-不含药/快速交换/非 顺应性,002102,冠状动脉球囊扩张导管（不 含药）,宁波韦科医疗科技有限公司,,
C0202050021500620969,02-血管介入治疗类材料,02-冠状动脉介入治疗材料,05-冠状动脉球囊扩张导管,002-球囊类,15-聚合物,006-不含药/快速交换/非 顺应性,002102,冠状动脉球囊扩张导管（不 含药）,河北康誉医疗器械有限公司,,
C0202050021500621664,02-血管介入治疗类材料,02-冠状动脉介入治疗材料,05-冠状动脉球囊扩张导管,002-球囊类,15-聚合物,006-不含药/快速交换/非 顺应性,002102,冠状动脉球囊扩张导管（不 含药）,金禾中科医疗器械（北京）有限公 司,,
C0202050021500711325,02-血管介入治疗类材料,02-冠状动脉介入治疗材料,05-冠状动脉球囊扩张导管,002-球囊类,15-聚合物,007-不含药/非快速交换/ 半顺应性,002102,冠状动脉球囊扩张导管（不 含药）,波科国际医疗贸易（上海）有限公 司,,
C0202050021500711441,02-血管介入治疗类材料,02-冠状动脉介入治疗材料,05-冠状动脉球囊扩张导管,002-球囊类,15-聚合物,007-不含药/非快速交换/ 半顺应性,002102,冠状动脉球囊扩张导管（不 含药）,鼎科医疗技术（苏州）有限公司,,
C0202050021500811325,02-血管介入治疗类材料,02-冠状动脉介入治疗材料,05-冠状动脉球囊扩张导管,002-球囊类,15-聚合物,008-不含药/非快速交换/ 非顺应性,002102,冠状动脉球囊扩张导管（不 含药）,波科国际医疗贸易（上海）有限公 司,,
C0202070021500003780,02-血管介入治疗类材料,02-冠状动脉介入治疗材料,07-冠状动脉切割球囊导管,002-球囊类,15-聚合物,000--,002103,冠状动脉切割球囊导管,广东博迈医疗科技股份有限公司,,
C0202070021500009124,02-血管介入治疗类材料,02-冠状动脉介入治疗材料,07-冠状动脉切割球囊导管,002-球囊类,15-聚合物,000--,002103,冠状动脉切割球囊导管,乐普（北京）医疗器械股份有限公 司,,
C0202070021500011325,02-血管介入治疗类材料,02-冠状动脉介入治疗材料,07-冠状动脉切割球囊导管,002-球囊类,15-聚合物,000--,002103,冠状动脉切割球囊导管,波科国际医疗贸易（上海）有限公 司,,
C0202070021500011857,02-血管介入治疗类材料,02-冠状动脉介入治疗材料,07-冠状动脉切割球囊导管,002-球囊类,15-聚合物,000--,002103,冠状动脉切割球囊导管,上海申淇医疗科技有限公司,,
C0202070021500023243,02-血管介入治疗类材料,02-冠状动脉介入治疗材料,07-冠状动脉切割球囊导管,002-球囊类,15-聚合物,000--,002103,冠状动脉切割球囊导管,北京百医汇健康科技有限公司,,
C0202080021500000446,02-血管介入治疗类材料,02-冠状动脉介入治疗材料,08-冠状动脉棘/乳突球囊扩张导管,002-球囊类,15-聚合物,000--,002104,冠状动脉棘/乳突球囊扩张导 管,湖南埃普特医疗器械有限公司,,
C0202080021500000928,02-血管介入治疗类材料,02-冠状动脉介入治疗材料,08-冠状动脉棘/乳突球囊扩张导管,002-球囊类,15-聚合物,000--,002104,冠状动脉棘/乳突球囊扩张导 管,南京友德邦医疗科技有限公司,,
C0202080021500001208,02-血管介入治疗类材料,02-冠状动脉介入治疗材料,08-冠状动脉棘/乳突球囊扩张导管,002-球囊类,15-聚合物,000--,002104,冠状动脉棘/乳突球囊扩张导 管,赛诺医疗科学技术股份有限公司,,
C0202080021500001229,02-血管介入治疗类材料,02-冠状动脉介入治疗材料,08-冠状动脉棘/乳突球囊扩张导管,002-球囊类,15-聚合物,000--,002104,冠状动脉棘/乳突球囊扩张导 管,赫戴医疗器械 （上海）有限公司,,
C0202080021500004135,02-血管介入治疗类材料,02-冠状动脉介入治疗材料,08-冠状动脉棘/乳突球囊扩张导管,002-球囊类,15-聚合物,000--,002104,冠状动脉棘/乳突球囊扩张导 管,尼普洛贸易（上海）有限公司,,
C0202080021500009064,02-血管介入治疗类材料,02-冠状动脉介入治疗材料,08-冠状动脉棘/乳突球囊扩张导管,002-球囊类,15-聚合物,000--,002104,冠状动脉棘/乳突球囊扩张导 管,山东吉威医疗制品有限公司,,
C0202080021500009124,02-血管介入治疗类材料,02-冠状动脉介入治疗材料,08-冠状动脉棘/乳突球囊扩张导管,002-球囊类,15-聚合物,000--,002104,冠状动脉棘/乳突球囊扩张导 管,乐普（北京）医疗器械股份有限公 司,,
C0202080021500009222,02-血管介入治疗类材料,02-冠状动脉介入治疗材料,08-冠状动脉棘/乳突球囊扩张导管,002-球囊类,15-聚合物,000--,002104,冠状动脉棘/乳突球囊扩张导 管,上海瑛泰医疗器械股份有限公司,,
C0202080021500018513,02-血管介入治疗类材料,02-冠状动脉介入治疗材料,08-冠状动脉棘/乳突球囊扩张导管,002-球囊类,15-聚合物,000--,002104,冠状动脉棘/乳突球囊扩张导 管,成都纽创医疗器械有限公司,,
C0202080021500020609,02-血管介入治疗类材料,02-冠状动脉介入治疗材料,08-冠状动脉棘/乳突球囊扩张导管,002-球囊类,15-聚合物,000--,002104,冠状动脉棘/乳突球囊扩张导 管,上海微创旋律医疗科技有限公司,,
C0202080021500022156,02-血管介入治疗类材料,02-冠状动脉介入治疗材料,08-冠状动脉棘/乳突球囊扩张导管,002-球囊类,15-聚合物,000--,002104,冠状动脉棘/乳突球囊扩张导 管,米新医疗科技（苏州）有限公司,,
C0202080021500022423,02-血管介入治疗类材料,02-冠状动脉介入治疗材料,08-冠状动脉棘/乳突球囊扩张导管,002-球囊类,15-聚合物,000--,002104,冠状动脉棘/乳突球囊扩张导 管,杭州矩正医疗科技有限公司,,
C0202170021500005686,02-血管介入治疗类材料,02-冠状动脉介入治疗材料,17-主动脉球囊反搏导管,002-球囊类,15-聚合物,000--,002105,主动脉球囊反搏导管,迈柯唯（上海）医疗设备有限公司,,
C0202170021500008455,02-血管介入治疗类材料,02-冠状动脉介入治疗材料,17-主动脉球囊反搏导管,002-球囊类,15-聚合物,000--,002105,主动脉球囊反搏导管,泰利福医疗器械商贸（上海）有限 公司,,
C0202310021500001219,02-血管介入治疗类材料,02-冠状动脉介入治疗材料,31-冠状动脉刻痕球囊扩张导管,002-球囊类,15-聚合物,000--,002106,冠状动脉刻痕球囊扩张导管,深圳市业聚实业有限公司,,
C0202310021500003780,02-血管介入治疗类材料,02-冠状动脉介入治疗材料,31-冠状动脉刻痕球囊扩张导管,002-球囊类,15-聚合物,000--,002106,冠状动脉刻痕球囊扩张导管,广东博迈医疗科技股份有限公司,,
C0202310021500004338,02-血管介入治疗类材料,02-冠状动脉介入治疗材料,31-冠状动脉刻痕球囊扩张导管,002-球囊类,15-聚合物,000--,002106,冠状动脉刻痕球囊扩张导管,业聚医疗器械（深圳）有限公司,,
C0202310021500011441,02-血管介入治疗类材料,02-冠状动脉介入治疗材料,31-冠状动脉刻痕球囊扩张导管,002-球囊类,15-聚合物,000--,002106,冠状动脉刻痕球囊扩张导管,鼎科医疗技术（苏州）有限公司,,
C0202310021500021569,02-血管介入治疗类材料,02-冠状动脉介入治疗材料,31-冠状动脉刻痕球囊扩张导管,002-球囊类,15-聚合物,000--,002106,冠状动脉刻痕球囊扩张导管,中山大学孙逸仙纪念医院,,
C0202310021500022004,02-血管介入治疗类材料,02-冠状动脉介入治疗材料,31-冠状动脉刻痕球囊扩张导管,002-球囊类,15-聚合物,000--,002106,冠状动脉刻痕球囊扩张导管,飞利浦医疗器械（上海）有限公司,,
C0202320021500000446,02-血管介入治疗类材料,02-冠状动脉介入治疗材料,32-冠状动脉锚定球囊扩张导管,002-球囊类,15-聚合物,000--,002107,冠状动脉锚定球囊扩张导管,湖南埃普特医疗器械有限公司,,
C0202320021500009124,02-血管介入治疗类材料,02-冠状动脉介入治疗材料,32-冠状动脉锚定球囊扩张导管,002-球囊类,15-聚合物,000--,002107,冠状动脉锚定球囊扩张导管,乐普（北京）医疗器械股份有限公 司,,
C0202320021500011325,02-血管介入治疗类材料,02-冠状动脉介入治疗材料,32-冠状动脉锚定球囊扩张导管,002-球囊类,15-聚合物,000--,002107,冠状动脉锚定球囊扩张导管,波科国际医疗贸易（上海）有限公 司,,
C0202320021500018650,02-血管介入治疗类材料,02-冠状动脉介入治疗材料,32-冠状动脉锚定球囊扩张导管,002-球囊类,15-聚合物,000--,002107,冠状动脉锚定球囊扩张导管,北京迈得诺医疗技术有限公司,,
C0202320021500020609,02-血管介入治疗类材料,02-冠状动脉介入治疗材料,32-冠状动脉锚定球囊扩张导管,002-球囊类,15-聚合物,000--,002107,冠状动脉锚定球囊扩张导管,上海微创旋律医疗科技有限公司,,
C0202330021500009124,02-血管介入治疗类材料,02-冠状动脉介入治疗材料,33-冠状动脉冲击波球囊扩张导管,002-球囊类,15-聚合物,000--,002108,冠状动脉冲击波球囊扩张导 管,乐普（北京）医疗器械股份有限公 司,,
C0202330021500017755,02-血管介入治疗类材料,02-冠状动脉介入治疗材料,33-冠状动脉冲击波球囊扩张导管,002-球囊类,15-聚合物,000--,002108,冠状动脉冲击波球囊扩张导 管,健维医疗科技（无锡）有限公司,,
C0202330021500020609,02-血管介入治疗类材料,02-冠状动脉介入治疗材料,33-冠状动脉冲击波球囊扩张导管,002-球囊类,15-聚合物,000--,002108,冠状动脉冲击波球囊扩张导 管,上海微创旋律医疗科技有限公司,,
C0202330021500020899,02-血管介入治疗类材料,02-冠状动脉介入治疗材料,33-冠状动脉冲击波球囊扩张导管,002-球囊类,15-聚合物,000--,002108,冠状动脉冲击波球囊扩张导 管,苏州中荟医疗科技有限公司,,
C0202330021500021373,02-血管介入治疗类材料,02-冠状动脉介入治疗材料,33-冠状动脉冲击波球囊扩张导管,002-球囊类,15-聚合物,000--,002108,冠状动脉冲击波球囊扩张导 管,深圳市赛禾医疗技术有限公司,,
C0202330021500022013,02-血管介入治疗类材料,02-冠状动脉介入治疗材料,33-冠状动脉冲击波球囊扩张导管,002-球囊类,15-聚合物,000--,002108,冠状动脉冲击波球囊扩张导 管,江苏朴芃医疗科技有限公司,,
C0202330021500022056,02-血管介入治疗类材料,02-冠状动脉介入治疗材料,33-冠状动脉冲击波球囊扩张导管,002-球囊类,15-聚合物,000--,002108,冠状动脉冲击波球囊扩张导 管,谱创医疗科技(上海)有限公司,,
C0202330021500022792,02-血管介入治疗类材料,02-冠状动脉介入治疗材料,33-冠状动脉冲击波球囊扩张导管,002-球囊类,15-聚合物,000--,002108,冠状动脉冲击波球囊扩张导 管,上海蓝帆博元医疗科技有限公司,,
C0203130021500003377,02-血管介入治疗类材料,03-结构心脏病用材料,13-心血管测量球囊,002-球囊类,15-聚合物,000--,002109,心血管测量球囊,先健科技（深圳）有限公司,,
C0203130021500005405,02-血管介入治疗类材料,03-结构心脏病用材料,13-心血管测量球囊,002-球囊类,15-聚合物,000--,002109,心血管测量球囊,雅培医疗用品（上海）有限公司,,
C0203130021500022690,02-血管介入治疗类材料,03-结构心脏病用材料,13-心血管测量球囊,002-球囊类,15-聚合物,000--,002109,心血管测量球囊,无忧跳动医疗科技（深圳）有限公 司,,
C0203140021500000984,02-血管介入治疗类材料,03-结构心脏病用材料,14-二尖瓣球囊扩张导管,002-球囊类,15-聚合物,000--,002110,二尖瓣球囊扩张导管,徐州亚太科技有限公司,,
C0203140021500002650,02-血管介入治疗类材料,03-结构心脏病用材料,14-二尖瓣球囊扩张导管,002-球囊类,15-聚合物,000--,002110,二尖瓣球囊扩张导管,深圳市擎源医疗器械有限公司,,
C0203140021500004940,02-血管介入治疗类材料,03-结构心脏病用材料,14-二尖瓣球囊扩张导管,002-球囊类,15-聚合物,000--,002110,二尖瓣球囊扩张导管,北京诚诺美迪科技有限公司,,
C0203140021500006274,02-血管介入治疗类材料,03-结构心脏病用材料,14-二尖瓣球囊扩张导管,002-球囊类,15-聚合物,000--,002110,二尖瓣球囊扩张导管,北京佰仁医疗科技股份有限公司,,
C0203140021500006433,02-血管介入治疗类材料,03-结构心脏病用材料,14-二尖瓣球囊扩张导管,002-球囊类,15-聚合物,000--,002110,二尖瓣球囊扩张导管,璈家医药商贸（上海）有限公司,,
C0203150021500003302,02-血管介入治疗类材料,03-结构心脏病用材料,15-肺动脉球囊扩张导管,002-球囊类,15-聚合物,000--,002111,肺动脉球囊扩张导管,辽宁垠艺生物科技股份有限公司,,
C0203150021500018717,02-血管介入治疗类材料,03-结构心脏病用材料,15-肺动脉球囊扩张导管,002-球囊类,15-聚合物,000--,002111,肺动脉球囊扩张导管,东莞天天向上医疗科技有限公司,,
C0203150021500019564,02-血管介入治疗类材料,03-结构心脏病用材料,15-肺动脉球囊扩张导管,002-球囊类,15-聚合物,000--,002111,肺动脉球囊扩张导管,北京管桥医疗科技有限公司,,
C0203150021500021617,02-血管介入治疗类材料,03-结构心脏病用材料,15-肺动脉球囊扩张导管,002-球囊类,15-聚合物,000--,002111,肺动脉球囊扩张导管,上海腾复医疗科技有限公司,,
C0203160021500004940,02-血管介入治疗类材料,03-结构心脏病用材料,16-肺动脉瓣球囊扩张导管,002-球囊类,15-聚合物,000--,002112,肺动脉瓣球囊扩张导管,北京诚诺美迪科技有限公司,,
C0203160021500007674,02-血管介入治疗类材料,03-结构心脏病用材料,16-肺动脉瓣球囊扩张导管,002-球囊类,15-聚合物,000--,002112,肺动脉瓣球囊扩张导管,广州启骏生物科技有限公司,,
C0203160021500013346,02-血管介入治疗类材料,03-结构心脏病用材料,16-肺动脉瓣球囊扩张导管,002-球囊类,15-聚合物,000--,002112,肺动脉瓣球囊扩张导管,沛嘉医疗科技（苏州）有限公司,,
C0203170021500002943,02-血管介入治疗类材料,03-结构心脏病用材料,17-主动脉瓣球囊扩张导管,002-球囊类,15-聚合物,000--,002113,主动脉瓣球囊扩张导管,爱德华（上海）医疗用品有限公司,,
C0203170021500003600,02-血管介入治疗类材料,03-结构心脏病用材料,17-主动脉瓣球囊扩张导管,002-球囊类,15-聚合物,000--,002113,主动脉瓣球囊扩张导管,巴尔特科贸(北京)有限公司,,
C0203170021500006274,02-血管介入治疗类材料,03-结构心脏病用材料,17-主动脉瓣球囊扩张导管,002-球囊类,15-聚合物,000--,002113,主动脉瓣球囊扩张导管,北京佰仁医疗科技股份有限公司,,
C0203170021500009124,02-血管介入治疗类材料,03-结构心脏病用材料,17-主动脉瓣球囊扩张导管,002-球囊类,15-聚合物,000--,002113,主动脉瓣球囊扩张导管,乐普（北京）医疗器械股份有限公 司,,
C0203170021500011622,02-血管介入治疗类材料,03-结构心脏病用材料,17-主动脉瓣球囊扩张导管,002-球囊类,15-聚合物,000--,002113,主动脉瓣球囊扩张导管,上海微创心通医疗科技有限公司,,
C0203170021500013346,02-血管介入治疗类材料,03-结构心脏病用材料,17-主动脉瓣球囊扩张导管,002-球囊类,15-聚合物,000--,002113,主动脉瓣球囊扩张导管,沛嘉医疗科技（苏州）有限公司,,
C0203170021500018594,02-血管介入治疗类材料,03-结构心脏病用材料,17-主动脉瓣球囊扩张导管,002-球囊类,15-聚合物,000--,002113,主动脉瓣球囊扩张导管,为泰医疗器械（深圳）有限公司,,
C0203170021500018717,02-血管介入治疗类材料,03-结构心脏病用材料,17-主动脉瓣球囊扩张导管,002-球囊类,15-聚合物,000--,002113,主动脉瓣球囊扩张导管,东莞天天向上医疗科技有限公司,,
C0203170021500018866,02-血管介入治疗类材料,03-结构心脏病用材料,17-主动脉瓣球囊扩张导管,002-球囊类,15-聚合物,000--,002113,主动脉瓣球囊扩张导管,杭州德晋医疗科技有限公司,,
C0203170021500019557,02-血管介入治疗类材料,03-结构心脏病用材料,17-主动脉瓣球囊扩张导管,002-球囊类,15-聚合物,000--,002113,主动脉瓣球囊扩张导管,上海纽脉医疗科技股份有限公司,,
C0203170021500020023,02-血管介入治疗类材料,03-结构心脏病用材料,17-主动脉瓣球囊扩张导管,002-球囊类,15-聚合物,000--,002113,主动脉瓣球囊扩张导管,上海翰凌医疗器械有限公司,,
C0203170021500021277,02-血管介入治疗类材料,03-结构心脏病用材料,17-主动脉瓣球囊扩张导管,002-球囊类,15-聚合物,000--,002113,主动脉瓣球囊扩张导管,成都纽脉生物科技有限公司,,
C0203170021500023041,02-血管介入治疗类材料,03-结构心脏病用材料,17-主动脉瓣球囊扩张导管,002-球囊类,15-聚合物,000--,002113,主动脉瓣球囊扩张导管,上海蓝帆博奥医疗科技有限公司,,
C0204010581000303199,02-血管介入治疗类材料,04-植入式心脏节律管理材料,01-植入式单腔心脏起搏器,058-起搏器类,10-不区分,003-全身兼容MRI/频率应 答,058001,植入式单腔心脏起搏器,百多力（北京）医疗器械有限公司,,
C0204010581000303377,02-血管介入治疗类材料,04-植入式心脏节律管理材料,01-植入式单腔心脏起搏器,058-起搏器类,10-不区分,003-全身兼容MRI/频率应 答,058001,植入式单腔心脏起搏器,先健科技（深圳）有限公司,,
C0204010581000304254,02-血管介入治疗类材料,04-植入式心脏节律管理材料,01-植入式单腔心脏起搏器,058-起搏器类,10-不区分,003-全身兼容MRI/频率应 答,058001,植入式单腔心脏起搏器,美敦力（上海）管理有限公司,,
C0204010581000305405,02-血管介入治疗类材料,04-植入式心脏节律管理材料,01-植入式单腔心脏起搏器,058-起搏器类,10-不区分,003-全身兼容MRI/频率应 答,058001,植入式单腔心脏起搏器,雅培医疗用品（上海）有限公司,,
C0204010581000308476,02-血管介入治疗类材料,04-植入式心脏节律管理材料,01-植入式单腔心脏起搏器,058-起搏器类,10-不区分,003-全身兼容MRI/频率应 答,058001,植入式单腔心脏起搏器,创领心律管理医疗器械（上海）有 限公司,,
C0204010581000311325,02-血管介入治疗类材料,04-植入式心脏节律管理材料,01-植入式单腔心脏起搏器,058-起搏器类,10-不区分,003-全身兼容MRI/频率应 答,058001,植入式单腔心脏起搏器,波科国际医疗贸易（上海）有限公 司,,
C0204010581000318736,02-血管介入治疗类材料,04-植入式心脏节律管理材料,01-植入式单腔心脏起搏器,058-起搏器类,10-不区分,003-全身兼容MRI/频率应 答,058001,植入式单腔心脏起搏器,上海拜纳医疗器械有限公司,,
C0204010581000403199,02-血管介入治疗类材料,04-植入式心脏节律管理材料,01-植入式单腔心脏起搏器,058-起搏器类,10-不区分,004-全身兼容MRI/非频率 应答,058001,植入式单腔心脏起搏器,百多力（北京）医疗器械有限公司,,
C0204010581000405405,02-血管介入治疗类材料,04-植入式心脏节律管理材料,01-植入式单腔心脏起搏器,058-起搏器类,10-不区分,004-全身兼容MRI/非频率 应答,058001,植入式单腔心脏起搏器,雅培医疗用品（上海）有限公司,,
C0204010581000503199,02-血管介入治疗类材料,04-植入式心脏节律管理材料,01-植入式单腔心脏起搏器,058-起搏器类,10-不区分,005-非全身兼容MRI/频率 应答,058001,植入式单腔心脏起搏器,百多力（北京）医疗器械有限公司,,
C0204010581000508476,02-血管介入治疗类材料,04-植入式心脏节律管理材料,01-植入式单腔心脏起搏器,058-起搏器类,10-不区分,005-非全身兼容MRI/频率 应答,058001,植入式单腔心脏起搏器,创领心律管理医疗器械（上海）有 限公司,,
C0204010581000703199,02-血管介入治疗类材料,04-植入式心脏节律管理材料,01-植入式单腔心脏起搏器,058-起搏器类,10-不区分,007-非兼容MRI/频率应答,058001,植入式单腔心脏起搏器,百多力（北京）医疗器械有限公司,,
C0204010581000703377,02-血管介入治疗类材料,04-植入式心脏节律管理材料,01-植入式单腔心脏起搏器,058-起搏器类,10-不区分,007-非兼容MRI/频率应答,058001,植入式单腔心脏起搏器,先健科技（深圳）有限公司,,
C0204010581000704254,02-血管介入治疗类材料,04-植入式心脏节律管理材料,01-植入式单腔心脏起搏器,058-起搏器类,10-不区分,007-非兼容MRI/频率应答,058001,植入式单腔心脏起搏器,美敦力（上海）管理有限公司,,
C0204010581000705405,02-血管介入治疗类材料,04-植入式心脏节律管理材料,01-植入式单腔心脏起搏器,058-起搏器类,10-不区分,007-非兼容MRI/频率应答,058001,植入式单腔心脏起搏器,雅培医疗用品（上海）有限公司,,
C0204010581000708476,02-血管介入治疗类材料,04-植入式心脏节律管理材料,01-植入式单腔心脏起搏器,058-起搏器类,10-不区分,007-非兼容MRI/频率应答,058001,植入式单腔心脏起搏器,创领心律管理医疗器械（上海）有 限公司,,
C0204010581000711325,02-血管介入治疗类材料,04-植入式心脏节律管理材料,01-植入式单腔心脏起搏器,058-起搏器类,10-不区分,007-非兼容MRI/频率应答,058001,植入式单腔心脏起搏器,波科国际医疗贸易（上海）有限公 司,,
C0204010581000718736,02-血管介入治疗类材料,04-植入式心脏节律管理材料,01-植入式单腔心脏起搏器,058-起搏器类,10-不区分,007-非兼容MRI/频率应答,058001,植入式单腔心脏起搏器,上海拜纳医疗器械有限公司,,
C0204010581000803199,02-血管介入治疗类材料,04-植入式心脏节律管理材料,01-植入式单腔心脏起搏器,058-起搏器类,10-不区分,008-非兼容MRI/非频率应 答,058001,植入式单腔心脏起搏器,百多力（北京）医疗器械有限公司,,
C0204010581000803377,02-血管介入治疗类材料,04-植入式心脏节律管理材料,01-植入式单腔心脏起搏器,058-起搏器类,10-不区分,008-非兼容MRI/非频率应 答,058001,植入式单腔心脏起搏器,先健科技（深圳）有限公司,,
C0204010581000804254,02-血管介入治疗类材料,04-植入式心脏节律管理材料,01-植入式单腔心脏起搏器,058-起搏器类,10-不区分,008-非兼容MRI/非频率应 答,058001,植入式单腔心脏起搏器,美敦力（上海）管理有限公司,,
C0204010581000805405,02-血管介入治疗类材料,04-植入式心脏节律管理材料,01-植入式单腔心脏起搏器,058-起搏器类,10-不区分,008-非兼容MRI/非频率应 答,058001,植入式单腔心脏起搏器,雅培医疗用品（上海）有限公司,,
C0204010581000805875,02-血管介入治疗类材料,04-植入式心脏节律管理材料,01-植入式单腔心脏起搏器,058-起搏器类,10-不区分,008-非兼容MRI/非频率应 答,058001,植入式单腔心脏起搏器,乐普医学电子仪器股份有限公司,,
C0204010581000808476,02-血管介入治疗类材料,04-植入式心脏节律管理材料,01-植入式单腔心脏起搏器,058-起搏器类,10-不区分,008-非兼容MRI/非频率应 答,058001,植入式单腔心脏起搏器,创领心律管理医疗器械（上海）有 限公司,,
C0204010581000818736,02-血管介入治疗类材料,04-植入式心脏节律管理材料,01-植入式单腔心脏起搏器,058-起搏器类,10-不区分,008-非兼容MRI/非频率应 答,058001,植入式单腔心脏起搏器,上海拜纳医疗器械有限公司,,
C0204020581000303199,02-血管介入治疗类材料,04-植入式心脏节律管理材料,02-植入式双腔心脏起搏器,058-起搏器类,10-不区分,003-全身兼容MRI/频率应 答,058002,植入式双腔心脏起搏器,百多力（北京）医疗器械有限公司,,
C0204020581000303377,02-血管介入治疗类材料,04-植入式心脏节律管理材料,02-植入式双腔心脏起搏器,058-起搏器类,10-不区分,003-全身兼容MRI/频率应 答,058002,植入式双腔心脏起搏器,先健科技（深圳）有限公司,,
C0204020581000304254,02-血管介入治疗类材料,04-植入式心脏节律管理材料,02-植入式双腔心脏起搏器,058-起搏器类,10-不区分,003-全身兼容MRI/频率应 答,058002,植入式双腔心脏起搏器,美敦力（上海）管理有限公司,,
C0204020581000305405,02-血管介入治疗类材料,04-植入式心脏节律管理材料,02-植入式双腔心脏起搏器,058-起搏器类,10-不区分,003-全身兼容MRI/频率应 答,058002,植入式双腔心脏起搏器,雅培医疗用品（上海）有限公司,,
C0204020581000308476,02-血管介入治疗类材料,04-植入式心脏节律管理材料,02-植入式双腔心脏起搏器,058-起搏器类,10-不区分,003-全身兼容MRI/频率应 答,058002,植入式双腔心脏起搏器,创领心律管理医疗器械（上海）有 限公司,,
C0204020581000311325,02-血管介入治疗类材料,04-植入式心脏节律管理材料,02-植入式双腔心脏起搏器,058-起搏器类,10-不区分,003-全身兼容MRI/频率应 答,058002,植入式双腔心脏起搏器,波科国际医疗贸易（上海）有限公 司,,
C0204020581000318736,02-血管介入治疗类材料,04-植入式心脏节律管理材料,02-植入式双腔心脏起搏器,058-起搏器类,10-不区分,003-全身兼容MRI/频率应 答,058002,植入式双腔心脏起搏器,上海拜纳医疗器械有限公司,,
C0204020581000403199,02-血管介入治疗类材料,04-植入式心脏节律管理材料,02-植入式双腔心脏起搏器,058-起搏器类,10-不区分,004-全身兼容MRI/非频率 应答,058002,植入式双腔心脏起搏器,百多力（北京）医疗器械有限公司,,
C0204020581000405405,02-血管介入治疗类材料,04-植入式心脏节律管理材料,02-植入式双腔心脏起搏器,058-起搏器类,10-不区分,004-全身兼容MRI/非频率 应答,058002,植入式双腔心脏起搏器,雅培医疗用品（上海）有限公司,,
C0204020581000418736,02-血管介入治疗类材料,04-植入式心脏节律管理材料,02-植入式双腔心脏起搏器,058-起搏器类,10-不区分,004-全身兼容MRI/非频率 应答,058002,植入式双腔心脏起搏器,上海拜纳医疗器械有限公司,,
C0204020581000503199,02-血管介入治疗类材料,04-植入式心脏节律管理材料,02-植入式双腔心脏起搏器,058-起搏器类,10-不区分,005-非全身兼容MRI/频率 应答,058002,植入式双腔心脏起搏器,百多力（北京）医疗器械有限公司,,
C0204020581000508476,02-血管介入治疗类材料,04-植入式心脏节律管理材料,02-植入式双腔心脏起搏器,058-起搏器类,10-不区分,005-非全身兼容MRI/频率 应答,058002,植入式双腔心脏起搏器,创领心律管理医疗器械（上海）有 限公司,,
C0204020581000608476,02-血管介入治疗类材料,04-植入式心脏节律管理材料,02-植入式双腔心脏起搏器,058-起搏器类,10-不区分,006-非全身兼容MRI/非频 率应答,058002,植入式双腔心脏起搏器,创领心律管理医疗器械（上海）有 限公司,,
C0204020581000703199,02-血管介入治疗类材料,04-植入式心脏节律管理材料,02-植入式双腔心脏起搏器,058-起搏器类,10-不区分,007-非兼容MRI/频率应答,058002,植入式双腔心脏起搏器,百多力（北京）医疗器械有限公司,,
C0204020581000703377,02-血管介入治疗类材料,04-植入式心脏节律管理材料,02-植入式双腔心脏起搏器,058-起搏器类,10-不区分,007-非兼容MRI/频率应答,058002,植入式双腔心脏起搏器,先健科技（深圳）有限公司,,
C0204020581000704254,02-血管介入治疗类材料,04-植入式心脏节律管理材料,02-植入式双腔心脏起搏器,058-起搏器类,10-不区分,007-非兼容MRI/频率应答,058002,植入式双腔心脏起搏器,美敦力（上海）管理有限公司,,
C0204020581000705405,02-血管介入治疗类材料,04-植入式心脏节律管理材料,02-植入式双腔心脏起搏器,058-起搏器类,10-不区分,007-非兼容MRI/频率应答,058002,植入式双腔心脏起搏器,雅培医疗用品（上海）有限公司,,
C0204020581000705875,02-血管介入治疗类材料,04-植入式心脏节律管理材料,02-植入式双腔心脏起搏器,058-起搏器类,10-不区分,007-非兼容MRI/频率应答,058002,植入式双腔心脏起搏器,乐普医学电子仪器股份有限公司,,
C0204020581000708476,02-血管介入治疗类材料,04-植入式心脏节律管理材料,02-植入式双腔心脏起搏器,058-起搏器类,10-不区分,007-非兼容MRI/频率应答,058002,植入式双腔心脏起搏器,创领心律管理医疗器械（上海）有 限公司,,
C0204020581000711325,02-血管介入治疗类材料,04-植入式心脏节律管理材料,02-植入式双腔心脏起搏器,058-起搏器类,10-不区分,007-非兼容MRI/频率应答,058002,植入式双腔心脏起搏器,波科国际医疗贸易（上海）有限公 司,,
C0204020581000718736,02-血管介入治疗类材料,04-植入式心脏节律管理材料,02-植入式双腔心脏起搏器,058-起搏器类,10-不区分,007-非兼容MRI/频率应答,058002,植入式双腔心脏起搏器,上海拜纳医疗器械有限公司,,
C0204020581000803199,02-血管介入治疗类材料,04-植入式心脏节律管理材料,02-植入式双腔心脏起搏器,058-起搏器类,10-不区分,008-非兼容MRI/非频率应 答,058002,植入式双腔心脏起搏器,百多力（北京）医疗器械有限公司,,
C0204020581000803377,02-血管介入治疗类材料,04-植入式心脏节律管理材料,02-植入式双腔心脏起搏器,058-起搏器类,10-不区分,008-非兼容MRI/非频率应 答,058002,植入式双腔心脏起搏器,先健科技（深圳）有限公司,,
C0204020581000804254,02-血管介入治疗类材料,04-植入式心脏节律管理材料,02-植入式双腔心脏起搏器,058-起搏器类,10-不区分,008-非兼容MRI/非频率应 答,058002,植入式双腔心脏起搏器,美敦力（上海）管理有限公司,,
C0204020581000805405,02-血管介入治疗类材料,04-植入式心脏节律管理材料,02-植入式双腔心脏起搏器,058-起搏器类,10-不区分,008-非兼容MRI/非频率应 答,058002,植入式双腔心脏起搏器,雅培医疗用品（上海）有限公司,,
C0204020581000805875,02-血管介入治疗类材料,04-植入式心脏节律管理材料,02-植入式双腔心脏起搏器,058-起搏器类,10-不区分,008-非兼容MRI/非频率应 答,058002,植入式双腔心脏起搏器,乐普医学电子仪器股份有限公司,,
C0204020581000808476,02-血管介入治疗类材料,04-植入式心脏节律管理材料,02-植入式双腔心脏起搏器,058-起搏器类,10-不区分,008-非兼容MRI/非频率应 答,058002,植入式双腔心脏起搏器,创领心律管理医疗器械（上海）有 限公司,,
C0204020581000818736,02-血管介入治疗类材料,04-植入式心脏节律管理材料,02-植入式双腔心脏起搏器,058-起搏器类,10-不区分,008-非兼容MRI/非频率应 答,058002,植入式双腔心脏起搏器,上海拜纳医疗器械有限公司,,
C0204030581000903199,02-血管介入治疗类材料,04-植入式心脏节律管理材料,03-植入式三腔心脏起搏器,058-起搏器类,10-不区分,009-全身兼容MRI/双极,058003,植入式三腔心脏起搏器,百多力（北京）医疗器械有限公司,,
C0204030581000904254,02-血管介入治疗类材料,04-植入式心脏节律管理材料,03-植入式三腔心脏起搏器,058-起搏器类,10-不区分,009-全身兼容MRI/双极,058003,植入式三腔心脏起搏器,美敦力（上海）管理有限公司,,
C0204030581001003199,02-血管介入治疗类材料,04-植入式心脏节律管理材料,03-植入式三腔心脏起搏器,058-起搏器类,10-不区分,010-全身兼容MRI/四极,058003,植入式三腔心脏起搏器,百多力（北京）医疗器械有限公司,,
C0204030581001004254,02-血管介入治疗类材料,04-植入式心脏节律管理材料,03-植入式三腔心脏起搏器,058-起搏器类,10-不区分,010-全身兼容MRI/四极,058003,植入式三腔心脏起搏器,美敦力（上海）管理有限公司,,
C0204030581001011325,02-血管介入治疗类材料,04-植入式心脏节律管理材料,03-植入式三腔心脏起搏器,058-起搏器类,10-不区分,010-全身兼容MRI/四极,058003,植入式三腔心脏起搏器,波科国际医疗贸易（上海）有限公 司,,
C0204030581001103199,02-血管介入治疗类材料,04-植入式心脏节律管理材料,03-植入式三腔心脏起搏器,058-起搏器类,10-不区分,011-非全身兼容MRI/双极,058003,植入式三腔心脏起搏器,百多力（北京）医疗器械有限公司,,
C0204030581001203199,02-血管介入治疗类材料,04-植入式心脏节律管理材料,03-植入式三腔心脏起搏器,058-起搏器类,10-不区分,012-非全身兼容MRI/四极,058003,植入式三腔心脏起搏器,百多力（北京）医疗器械有限公司,,
C0204030581001304254,02-血管介入治疗类材料,04-植入式心脏节律管理材料,03-植入式三腔心脏起搏器,058-起搏器类,10-不区分,013-非兼容MRI/双极,058003,植入式三腔心脏起搏器,美敦力（上海）管理有限公司,,
C0204030581001305405,02-血管介入治疗类材料,04-植入式心脏节律管理材料,03-植入式三腔心脏起搏器,058-起搏器类,10-不区分,013-非兼容MRI/双极,058003,植入式三腔心脏起搏器,雅培医疗用品（上海）有限公司,,
C0204030581001311325,02-血管介入治疗类材料,04-植入式心脏节律管理材料,03-植入式三腔心脏起搏器,058-起搏器类,10-不区分,013-非兼容MRI/双极,058003,植入式三腔心脏起搏器,波科国际医疗贸易（上海）有限公 司,,
C0204030581001405405,02-血管介入治疗类材料,04-植入式心脏节律管理材料,03-植入式三腔心脏起搏器,058-起搏器类,10-不区分,014-非兼容MRI/四极,058003,植入式三腔心脏起搏器,雅培医疗用品（上海）有限公司,,
C0204030581001411325,02-血管介入治疗类材料,04-植入式心脏节律管理材料,03-植入式三腔心脏起搏器,058-起搏器类,10-不区分,014-非兼容MRI/四极,058003,植入式三腔心脏起搏器,波科国际医疗贸易（上海）有限公 司,,
C0204040581001504254,02-血管介入治疗类材料,04-植入式心脏节律管理材料,04-植入式无导线心脏起搏器,058-起搏器类,10-不区分,015-单腔,058004,植入式无导线心脏起搏器 （单腔）,美敦力（上海）管理有限公司,,
C0204040581001505405,02-血管介入治疗类材料,04-植入式心脏节律管理材料,04-植入式无导线心脏起搏器,058-起搏器类,10-不区分,015-单腔,058004,植入式无导线心脏起搏器 （单腔）,雅培医疗用品（上海）有限公司,,
C0204040581001604254,02-血管介入治疗类材料,04-植入式心脏节律管理材料,04-植入式无导线心脏起搏器,058-起搏器类,10-不区分,016-双腔,058005,植入式无导线心脏起搏器 （双腔）,美敦力（上海）管理有限公司,,
C0204040581001605405,02-血管介入治疗类材料,04-植入式心脏节律管理材料,04-植入式无导线心脏起搏器,058-起搏器类,10-不区分,016-双腔,058005,植入式无导线心脏起搏器 （双腔）,雅培医疗用品（上海）有限公司,,
C0204050591001703199,02-血管介入治疗类材料,04-植入式心脏节律管理材料,05-植入式单腔心律转复除颤器,059-除颤器类,10-不区分,017-全身兼容MRI,059001,植入式单腔心律转复除颤器,百多力（北京）医疗器械有限公司,,
C0204050591001704254,02-血管介入治疗类材料,04-植入式心脏节律管理材料,05-植入式单腔心律转复除颤器,059-除颤器类,10-不区分,017-全身兼容MRI,059001,植入式单腔心律转复除颤器,美敦力（上海）管理有限公司,,
C0204050591001705405,02-血管介入治疗类材料,04-植入式心脏节律管理材料,05-植入式单腔心律转复除颤器,059-除颤器类,10-不区分,017-全身兼容MRI,059001,植入式单腔心律转复除颤器,雅培医疗用品（上海）有限公司,,
C0204050591001711325,02-血管介入治疗类材料,04-植入式心脏节律管理材料,05-植入式单腔心律转复除颤器,059-除颤器类,10-不区分,017-全身兼容MRI,059001,植入式单腔心律转复除颤器,波科国际医疗贸易（上海）有限公 司,,
C0204050591001803199,02-血管介入治疗类材料,04-植入式心脏节律管理材料,05-植入式单腔心律转复除颤器,059-除颤器类,10-不区分,018-非全身兼容MRI,059001,植入式单腔心律转复除颤器,百多力（北京）医疗器械有限公司,,
C0204050591001903199,02-血管介入治疗类材料,04-植入式心脏节律管理材料,05-植入式单腔心律转复除颤器,059-除颤器类,10-不区分,019-非兼容MRI,059001,植入式单腔心律转复除颤器,百多力（北京）医疗器械有限公司,,
C0204050591001904254,02-血管介入治疗类材料,04-植入式心脏节律管理材料,05-植入式单腔心律转复除颤器,059-除颤器类,10-不区分,019-非兼容MRI,059001,植入式单腔心律转复除颤器,美敦力（上海）管理有限公司,,
C0204050591001905405,02-血管介入治疗类材料,04-植入式心脏节律管理材料,05-植入式单腔心律转复除颤器,059-除颤器类,10-不区分,019-非兼容MRI,059001,植入式单腔心律转复除颤器,雅培医疗用品（上海）有限公司,,
C0204050591001908476,02-血管介入治疗类材料,04-植入式心脏节律管理材料,05-植入式单腔心律转复除颤器,059-除颤器类,10-不区分,019-非兼容MRI,059001,植入式单腔心律转复除颤器,创领心律管理医疗器械（上海）有 限公司,,
C0204050591001911325,02-血管介入治疗类材料,04-植入式心脏节律管理材料,05-植入式单腔心律转复除颤器,059-除颤器类,10-不区分,019-非兼容MRI,059001,植入式单腔心律转复除颤器,波科国际医疗贸易（上海）有限公 司,,
C0204060591001703199,02-血管介入治疗类材料,04-植入式心脏节律管理材料,06-植入式双腔心律转复除颤器,059-除颤器类,10-不区分,017-全身兼容MRI,059002,植入式双腔心律转复除颤器,百多力（北京）医疗器械有限公司,,
C0204060591001704254,02-血管介入治疗类材料,04-植入式心脏节律管理材料,06-植入式双腔心律转复除颤器,059-除颤器类,10-不区分,017-全身兼容MRI,059002,植入式双腔心律转复除颤器,美敦力（上海）管理有限公司,,
C0204060591001705405,02-血管介入治疗类材料,04-植入式心脏节律管理材料,06-植入式双腔心律转复除颤器,059-除颤器类,10-不区分,017-全身兼容MRI,059002,植入式双腔心律转复除颤器,雅培医疗用品（上海）有限公司,,
C0204060591001711325,02-血管介入治疗类材料,04-植入式心脏节律管理材料,06-植入式双腔心律转复除颤器,059-除颤器类,10-不区分,017-全身兼容MRI,059002,植入式双腔心律转复除颤器,波科国际医疗贸易（上海）有限公 司,,
C0204060591001803199,02-血管介入治疗类材料,04-植入式心脏节律管理材料,06-植入式双腔心律转复除颤器,059-除颤器类,10-不区分,018-非全身兼容MRI,059002,植入式双腔心律转复除颤器,百多力（北京）医疗器械有限公司,,
C0204060591001903199,02-血管介入治疗类材料,04-植入式心脏节律管理材料,06-植入式双腔心律转复除颤器,059-除颤器类,10-不区分,019-非兼容MRI,059002,植入式双腔心律转复除颤器,百多力（北京）医疗器械有限公司,,
C0204060591001904254,02-血管介入治疗类材料,04-植入式心脏节律管理材料,06-植入式双腔心律转复除颤器,059-除颤器类,10-不区分,019-非兼容MRI,059002,植入式双腔心律转复除颤器,美敦力（上海）管理有限公司,,
C0204060591001905405,02-血管介入治疗类材料,04-植入式心脏节律管理材料,06-植入式双腔心律转复除颤器,059-除颤器类,10-不区分,019-非兼容MRI,059002,植入式双腔心律转复除颤器,雅培医疗用品（上海）有限公司,,
C0204060591001908476,02-血管介入治疗类材料,04-植入式心脏节律管理材料,06-植入式双腔心律转复除颤器,059-除颤器类,10-不区分,019-非兼容MRI,059002,植入式双腔心律转复除颤器,创领心律管理医疗器械（上海）有 限公司,,
C0204060591001911325,02-血管介入治疗类材料,04-植入式心脏节律管理材料,06-植入式双腔心律转复除颤器,059-除颤器类,10-不区分,019-非兼容MRI,059002,植入式双腔心律转复除颤器,波科国际医疗贸易（上海）有限公 司,,
C0204070591000903199,02-血管介入治疗类材料,04-植入式心脏节律管理材料,07-植入式三腔心律转复除颤器,059-除颤器类,10-不区分,009-全身兼容MRI/双极,059003,植入式三腔心律转复除颤器,百多力（北京）医疗器械有限公司,,
C0204070591000904254,02-血管介入治疗类材料,04-植入式心脏节律管理材料,07-植入式三腔心律转复除颤器,059-除颤器类,10-不区分,009-全身兼容MRI/双极,059003,植入式三腔心律转复除颤器,美敦力（上海）管理有限公司,,
C0204070591000911325,02-血管介入治疗类材料,04-植入式心脏节律管理材料,07-植入式三腔心律转复除颤器,059-除颤器类,10-不区分,009-全身兼容MRI/双极,059003,植入式三腔心律转复除颤器,波科国际医疗贸易（上海）有限公 司,,
C0204070591001003199,02-血管介入治疗类材料,04-植入式心脏节律管理材料,07-植入式三腔心律转复除颤器,059-除颤器类,10-不区分,010-全身兼容MRI/四极,059003,植入式三腔心律转复除颤器,百多力（北京）医疗器械有限公司,,
C0204070591001004254,02-血管介入治疗类材料,04-植入式心脏节律管理材料,07-植入式三腔心律转复除颤器,059-除颤器类,10-不区分,010-全身兼容MRI/四极,059003,植入式三腔心律转复除颤器,美敦力（上海）管理有限公司,,
C0204070591001005405,02-血管介入治疗类材料,04-植入式心脏节律管理材料,07-植入式三腔心律转复除颤器,059-除颤器类,10-不区分,010-全身兼容MRI/四极,059003,植入式三腔心律转复除颤器,雅培医疗用品（上海）有限公司,,
C0204070591001011325,02-血管介入治疗类材料,04-植入式心脏节律管理材料,07-植入式三腔心律转复除颤器,059-除颤器类,10-不区分,010-全身兼容MRI/四极,059003,植入式三腔心律转复除颤器,波科国际医疗贸易（上海）有限公 司,,
C0204070591001103199,02-血管介入治疗类材料,04-植入式心脏节律管理材料,07-植入式三腔心律转复除颤器,059-除颤器类,10-不区分,011-非全身兼容MRI/双极,059003,植入式三腔心律转复除颤器,百多力（北京）医疗器械有限公司,,
C0204070591001203199,02-血管介入治疗类材料,04-植入式心脏节律管理材料,07-植入式三腔心律转复除颤器,059-除颤器类,10-不区分,012-非全身兼容MRI/四极,059003,植入式三腔心律转复除颤器,百多力（北京）医疗器械有限公司,,
C0204070591001303199,02-血管介入治疗类材料,04-植入式心脏节律管理材料,07-植入式三腔心律转复除颤器,059-除颤器类,10-不区分,013-非兼容MRI/双极,059003,植入式三腔心律转复除颤器,百多力（北京）医疗器械有限公司,,
C0204070591001304254,02-血管介入治疗类材料,04-植入式心脏节律管理材料,07-植入式三腔心律转复除颤器,059-除颤器类,10-不区分,013-非兼容MRI/双极,059003,植入式三腔心律转复除颤器,美敦力（上海）管理有限公司,,
C0204070591001305405,02-血管介入治疗类材料,04-植入式心脏节律管理材料,07-植入式三腔心律转复除颤器,059-除颤器类,10-不区分,013-非兼容MRI/双极,059003,植入式三腔心律转复除颤器,雅培医疗用品（上海）有限公司,,
C0204070591001404254,02-血管介入治疗类材料,04-植入式心脏节律管理材料,07-植入式三腔心律转复除颤器,059-除颤器类,10-不区分,014-非兼容MRI/四极,059003,植入式三腔心律转复除颤器,美敦力（上海）管理有限公司,,
C0204070591001405405,02-血管介入治疗类材料,04-植入式心脏节律管理材料,07-植入式三腔心律转复除颤器,059-除颤器类,10-不区分,014-非兼容MRI/四极,059003,植入式三腔心律转复除颤器,雅培医疗用品（上海）有限公司,,
C0204080591000004254,02-血管介入治疗类材料,04-植入式心脏节律管理材料,08-皮下植入式心律转复除颤器,059-除颤器类,10-不区分,000--,059004,皮下植入式心律转复除颤器,美敦力（上海）管理有限公司,,
C0204080591000011325,02-血管介入治疗类材料,04-植入式心脏节律管理材料,08-皮下植入式心律转复除颤器,059-除颤器类,10-不区分,000--,059004,皮下植入式心律转复除颤器,波科国际医疗贸易（上海）有限公 司,,
C0204080591000021569,02-血管介入治疗类材料,04-植入式心脏节律管理材料,08-皮下植入式心律转复除颤器,059-除颤器类,10-不区分,000--,059004,皮下植入式心律转复除颤器,中山大学孙逸仙纪念医院,,
C0204100601000004254,02-血管介入治疗类材料,04-植入式心脏节律管理材料,10-植入式心脏事件监测器,060-监测器类,10-不区分,000--,060001,植入式心脏事件监测器,美敦力（上海）管理有限公司,,
C0204100601000005405,02-血管介入治疗类材料,04-植入式心脏节律管理材料,10-植入式心脏事件监测器,060-监测器类,10-不区分,000--,060001,植入式心脏事件监测器,雅培医疗用品（上海）有限公司,,
C0204110611002004254,02-血管介入治疗类材料,04-植入式心脏节律管理材料,11-植入式心脏起搏电极导线,061-导线类,10-不区分,020-左心室/兼容MRI/主动,061002,植入式心脏起搏电极导线 （左心室）,美敦力（上海）管理有限公司,,
C0204110611002103199,02-血管介入治疗类材料,04-植入式心脏节律管理材料,11-植入式心脏起搏电极导线,061-导线类,10-不区分,021-左心室/兼容MRI/被动,061002,植入式心脏起搏电极导线 （左心室）,百多力（北京）医疗器械有限公司,,
C0204110611002104254,02-血管介入治疗类材料,04-植入式心脏节律管理材料,11-植入式心脏起搏电极导线,061-导线类,10-不区分,021-左心室/兼容MRI/被动,061002,植入式心脏起搏电极导线 （左心室）,美敦力（上海）管理有限公司,,
C0204110611002105405,02-血管介入治疗类材料,04-植入式心脏节律管理材料,11-植入式心脏起搏电极导线,061-导线类,10-不区分,021-左心室/兼容MRI/被动,061002,植入式心脏起搏电极导线 （左心室）,雅培医疗用品（上海）有限公司,,
C0204110611002111325,02-血管介入治疗类材料,04-植入式心脏节律管理材料,11-植入式心脏起搏电极导线,061-导线类,10-不区分,021-左心室/兼容MRI/被动,061002,植入式心脏起搏电极导线 （左心室）,波科国际医疗贸易（上海）有限公 司,,
C0204110611002204254,02-血管介入治疗类材料,04-植入式心脏节律管理材料,11-植入式心脏起搏电极导线,061-导线类,10-不区分,022-左心室/非兼容MRI/主 动,061002,植入式心脏起搏电极导线 （左心室）,美敦力（上海）管理有限公司,,
C0204110611002305405,02-血管介入治疗类材料,04-植入式心脏节律管理材料,11-植入式心脏起搏电极导线,061-导线类,10-不区分,023-左心室/非兼容MRI/被 动,061002,植入式心脏起搏电极导线 （左心室）,雅培医疗用品（上海）有限公司,,
C0204110611002311325,02-血管介入治疗类材料,04-植入式心脏节律管理材料,11-植入式心脏起搏电极导线,061-导线类,10-不区分,023-左心室/非兼容MRI/被 动,061002,植入式心脏起搏电极导线 （左心室）,波科国际医疗贸易（上海）有限公 司,,
C0204110611002605405,02-血管介入治疗类材料,04-植入式心脏节律管理材料,11-植入式心脏起搏电极导线,061-导线类,10-不区分,026-心外膜/非兼容MRI/主 动,061003,植入式心脏起搏电极导线 （心外膜）,雅培医疗用品（上海）有限公司,,
C0204110611002704254,02-血管介入治疗类材料,04-植入式心脏节律管理材料,11-植入式心脏起搏电极导线,061-导线类,10-不区分,027-心外膜/非兼容MRI/被 动,061003,植入式心脏起搏电极导线 （心外膜）,美敦力（上海）管理有限公司,,
C0204110611002803199,02-血管介入治疗类材料,04-植入式心脏节律管理材料,11-植入式心脏起搏电极导线,061-导线类,10-不区分,028-心室心房通用/兼容 MRI/主动,061004,植入式心脏起搏电极导线 （心室心房通用）,百多力（北京）医疗器械有限公司,,
C0204110611002803377,02-血管介入治疗类材料,04-植入式心脏节律管理材料,11-植入式心脏起搏电极导线,061-导线类,10-不区分,028-心室心房通用/兼容 MRI/主动,061004,植入式心脏起搏电极导线 （心室心房通用）,先健科技（深圳）有限公司,,
C0204110611002804254,02-血管介入治疗类材料,04-植入式心脏节律管理材料,11-植入式心脏起搏电极导线,061-导线类,10-不区分,028-心室心房通用/兼容 MRI/主动,061004,植入式心脏起搏电极导线 （心室心房通用）,美敦力（上海）管理有限公司,,
C0204110611002805405,02-血管介入治疗类材料,04-植入式心脏节律管理材料,11-植入式心脏起搏电极导线,061-导线类,10-不区分,028-心室心房通用/兼容 MRI/主动,061004,植入式心脏起搏电极导线 （心室心房通用）,雅培医疗用品（上海）有限公司,,
C0204110611002808476,02-血管介入治疗类材料,04-植入式心脏节律管理材料,11-植入式心脏起搏电极导线,061-导线类,10-不区分,028-心室心房通用/兼容 MRI/主动,061004,植入式心脏起搏电极导线 （心室心房通用）,创领心律管理医疗器械（上海）有 限公司,,
C0204110611002811325,02-血管介入治疗类材料,04-植入式心脏节律管理材料,11-植入式心脏起搏电极导线,061-导线类,10-不区分,028-心室心房通用/兼容 MRI/主动,061004,植入式心脏起搏电极导线 （心室心房通用）,波科国际医疗贸易（上海）有限公 司,,
C0204110611002818736,02-血管介入治疗类材料,04-植入式心脏节律管理材料,11-植入式心脏起搏电极导线,061-导线类,10-不区分,028-心室心房通用/兼容 MRI/主动,061004,植入式心脏起搏电极导线 （心室心房通用）,上海拜纳医疗器械有限公司,,
C0204110611002903199,02-血管介入治疗类材料,04-植入式心脏节律管理材料,11-植入式心脏起搏电极导线,061-导线类,10-不区分,029-心室心房通用/兼容 MRI/被动,061004,植入式心脏起搏电极导线 （心室心房通用）,百多力（北京）医疗器械有限公司,,
C0204110611002903377,02-血管介入治疗类材料,04-植入式心脏节律管理材料,11-植入式心脏起搏电极导线,061-导线类,10-不区分,029-心室心房通用/兼容 MRI/被动,061004,植入式心脏起搏电极导线 （心室心房通用）,先健科技（深圳）有限公司,,
C0204110611002904254,02-血管介入治疗类材料,04-植入式心脏节律管理材料,11-植入式心脏起搏电极导线,061-导线类,10-不区分,029-心室心房通用/兼容 MRI/被动,061004,植入式心脏起搏电极导线 （心室心房通用）,美敦力（上海）管理有限公司,,
C0204110611002905405,02-血管介入治疗类材料,04-植入式心脏节律管理材料,11-植入式心脏起搏电极导线,061-导线类,10-不区分,029-心室心房通用/兼容 MRI/被动,061004,植入式心脏起搏电极导线 （心室心房通用）,雅培医疗用品（上海）有限公司,,
C0204110611002908476,02-血管介入治疗类材料,04-植入式心脏节律管理材料,11-植入式心脏起搏电极导线,061-导线类,10-不区分,029-心室心房通用/兼容 MRI/被动,061004,植入式心脏起搏电极导线 （心室心房通用）,创领心律管理医疗器械（上海）有 限公司,,
C0204110611002911325,02-血管介入治疗类材料,04-植入式心脏节律管理材料,11-植入式心脏起搏电极导线,061-导线类,10-不区分,029-心室心房通用/兼容 MRI/被动,061004,植入式心脏起搏电极导线 （心室心房通用）,波科国际医疗贸易（上海）有限公 司,,
C0204110611003003199,02-血管介入治疗类材料,04-植入式心脏节律管理材料,11-植入式心脏起搏电极导线,061-导线类,10-不区分,030-心室心房通用/非兼容 MRI/主动,061004,植入式心脏起搏电极导线 （心室心房通用）,百多力（北京）医疗器械有限公司,,
C0204110611003004254,02-血管介入治疗类材料,04-植入式心脏节律管理材料,11-植入式心脏起搏电极导线,061-导线类,10-不区分,030-心室心房通用/非兼容 MRI/主动,061004,植入式心脏起搏电极导线 （心室心房通用）,美敦力（上海）管理有限公司,,
C0204110611003005405,02-血管介入治疗类材料,04-植入式心脏节律管理材料,11-植入式心脏起搏电极导线,061-导线类,10-不区分,030-心室心房通用/非兼容 MRI/主动,061004,植入式心脏起搏电极导线 （心室心房通用）,雅培医疗用品（上海）有限公司,,
C0204110611003005875,02-血管介入治疗类材料,04-植入式心脏节律管理材料,11-植入式心脏起搏电极导线,061-导线类,10-不区分,030-心室心房通用/非兼容 MRI/主动,061004,植入式心脏起搏电极导线 （心室心房通用）,乐普医学电子仪器股份有限公司,,
C0204110611003011325,02-血管介入治疗类材料,04-植入式心脏节律管理材料,11-植入式心脏起搏电极导线,061-导线类,10-不区分,030-心室心房通用/非兼容 MRI/主动,061004,植入式心脏起搏电极导线 （心室心房通用）,波科国际医疗贸易（上海）有限公 司,,
C0204110611003018736,02-血管介入治疗类材料,04-植入式心脏节律管理材料,11-植入式心脏起搏电极导线,061-导线类,10-不区分,030-心室心房通用/非兼容 MRI/主动,061004,植入式心脏起搏电极导线 （心室心房通用）,上海拜纳医疗器械有限公司,,
C0204110611003103199,02-血管介入治疗类材料,04-植入式心脏节律管理材料,11-植入式心脏起搏电极导线,061-导线类,10-不区分,031-心室心房通用/非兼容 MRI/被动,061004,植入式心脏起搏电极导线 （心室心房通用）,百多力（北京）医疗器械有限公司,,
C0204110611003105405,02-血管介入治疗类材料,04-植入式心脏节律管理材料,11-植入式心脏起搏电极导线,061-导线类,10-不区分,031-心室心房通用/非兼容 MRI/被动,061004,植入式心脏起搏电极导线 （心室心房通用）,雅培医疗用品（上海）有限公司,,
C0204110611003105875,02-血管介入治疗类材料,04-植入式心脏节律管理材料,11-植入式心脏起搏电极导线,061-导线类,10-不区分,031-心室心房通用/非兼容 MRI/被动,061004,植入式心脏起搏电极导线 （心室心房通用）,乐普医学电子仪器股份有限公司,,
C0204110611003111325,02-血管介入治疗类材料,04-植入式心脏节律管理材料,11-植入式心脏起搏电极导线,061-导线类,10-不区分,031-心室心房通用/非兼容 MRI/被动,061004,植入式心脏起搏电极导线 （心室心房通用）,波科国际医疗贸易（上海）有限公 司,,
C0204110611003118736,02-血管介入治疗类材料,04-植入式心脏节律管理材料,11-植入式心脏起搏电极导线,061-导线类,10-不区分,031-心室心房通用/非兼容 MRI/被动,061004,植入式心脏起搏电极导线 （心室心房通用）,上海拜纳医疗器械有限公司,,
C0204120611003203199,02-血管介入治疗类材料,04-植入式心脏节律管理材料,12-植入式心律转复除颤电极导线,061-导线类,10-不区分,032-经静脉/兼容MRI/主动,061005,植入式心律转复除颤电极导 线（经静脉）,百多力（北京）医疗器械有限公司,,
C0204120611003204254,02-血管介入治疗类材料,04-植入式心脏节律管理材料,12-植入式心律转复除颤电极导线,061-导线类,10-不区分,032-经静脉/兼容MRI/主动,061005,植入式心律转复除颤电极导 线（经静脉）,美敦力（上海）管理有限公司,,
C0204120611003205405,02-血管介入治疗类材料,04-植入式心脏节律管理材料,12-植入式心律转复除颤电极导线,061-导线类,10-不区分,032-经静脉/兼容MRI/主动,061005,植入式心律转复除颤电极导 线（经静脉）,雅培医疗用品（上海）有限公司,,
C0204120611003211325,02-血管介入治疗类材料,04-植入式心脏节律管理材料,12-植入式心律转复除颤电极导线,061-导线类,10-不区分,032-经静脉/兼容MRI/主动,061005,植入式心律转复除颤电极导 线（经静脉）,波科国际医疗贸易（上海）有限公 司,,
C0204120611003305405,02-血管介入治疗类材料,04-植入式心脏节律管理材料,12-植入式心律转复除颤电极导线,061-导线类,10-不区分,033-经静脉/兼容MRI/被动,061005,植入式心律转复除颤电极导 线（经静脉）,雅培医疗用品（上海）有限公司,,
C0204120611003321569,02-血管介入治疗类材料,04-植入式心脏节律管理材料,12-植入式心律转复除颤电极导线,061-导线类,10-不区分,033-经静脉/兼容MRI/被动,061005,植入式心律转复除颤电极导 线（经静脉）,中山大学孙逸仙纪念医院,,
C0204120611003403199,02-血管介入治疗类材料,04-植入式心脏节律管理材料,12-植入式心律转复除颤电极导线,061-导线类,10-不区分,034-经静脉/非兼容MRI/主 动,061005,植入式心律转复除颤电极导 线（经静脉）,百多力（北京）医疗器械有限公司,,
C0204120611003405405,02-血管介入治疗类材料,04-植入式心脏节律管理材料,12-植入式心律转复除颤电极导线,061-导线类,10-不区分,034-经静脉/非兼容MRI/主 动,061005,植入式心律转复除颤电极导 线（经静脉）,雅培医疗用品（上海）有限公司,,
C0204120611003411325,02-血管介入治疗类材料,04-植入式心脏节律管理材料,12-植入式心律转复除颤电极导线,061-导线类,10-不区分,034-经静脉/非兼容MRI/主 动,061005,植入式心律转复除颤电极导 线（经静脉）,波科国际医疗贸易（上海）有限公 司,,
C0204120611003504254,02-血管介入治疗类材料,04-植入式心脏节律管理材料,12-植入式心律转复除颤电极导线,061-导线类,10-不区分,035-经静脉/非兼容MRI/被 动,061005,植入式心律转复除颤电极导 线（经静脉）,美敦力（上海）管理有限公司,,
C0204120611003505405,02-血管介入治疗类材料,04-植入式心脏节律管理材料,12-植入式心律转复除颤电极导线,061-导线类,10-不区分,035-经静脉/非兼容MRI/被 动,061005,植入式心律转复除颤电极导 线（经静脉）,雅培医疗用品（上海）有限公司,,
C0204120611003511325,02-血管介入治疗类材料,04-植入式心脏节律管理材料,12-植入式心律转复除颤电极导线,061-导线类,10-不区分,035-经静脉/非兼容MRI/被 动,061005,植入式心律转复除颤电极导 线（经静脉）,波科国际医疗贸易（上海）有限公 司,,
C0204120611003604254,02-血管介入治疗类材料,04-植入式心脏节律管理材料,12-植入式心律转复除颤电极导线,061-导线类,10-不区分,036-皮下,061006,植入式心律转复除颤电极导 线（皮下）,美敦力（上海）管理有限公司,,
C0204120611003611325,02-血管介入治疗类材料,04-植入式心脏节律管理材料,12-植入式心律转复除颤电极导线,061-导线类,10-不区分,036-皮下,061006,植入式心律转复除颤电极导 线（皮下）,波科国际医疗贸易（上海）有限公 司,,
C0205010011300601208,02-血管介入治疗类材料,05-神经介入治疗材料,01-颅内支架,001-支架类,13-不锈钢,006-狭窄扩张/药物洗脱,001107,颅内支架（狭窄扩张/药物洗 脱）,赛诺医疗科学技术股份有限公司,,
C0205010011300703846,02-血管介入治疗类材料,05-神经介入治疗材料,01-颅内支架,001-支架类,13-不锈钢,007-狭窄扩张/非药物洗脱,001108,颅内支架（狭窄扩张/非药物 洗脱）,微创神通医疗科技（上海）有限公 司,,
C0205010011400403846,02-血管介入治疗类材料,05-神经介入治疗材料,01-颅内支架,001-支架类,14-合金,004-动脉瘤/覆膜,001105,颅内支架（动脉瘤/覆膜）,微创神通医疗科技（上海）有限公 司,,
C0205010011400503600,02-血管介入治疗类材料,05-神经介入治疗材料,01-颅内支架,001-支架类,14-合金,005-动脉瘤/非覆膜,001106,颅内支架（动脉瘤/非覆膜）,巴尔特科贸(北京)有限公司,,
C0205010011400503633,02-血管介入治疗类材料,05-神经介入治疗材料,01-颅内支架,001-支架类,14-合金,005-动脉瘤/非覆膜,001106,颅内支架（动脉瘤/非覆膜）,史赛克（北京）医疗器械有限公司,,
C0205010011400506512,02-血管介入治疗类材料,05-神经介入治疗材料,01-颅内支架,001-支架类,14-合金,005-动脉瘤/非覆膜,001106,颅内支架（动脉瘤/非覆膜）,柯惠医疗器材制造（上海）有限公 司,,
C0205010011400506823,02-血管介入治疗类材料,05-神经介入治疗材料,01-颅内支架,001-支架类,14-合金,005-动脉瘤/非覆膜,001106,颅内支架（动脉瘤/非覆膜）,柯惠医疗器材国际贸易（上海）有 限公司,,
C0205010011400509098,02-血管介入治疗类材料,05-神经介入治疗材料,01-颅内支架,001-支架类,14-合金,005-动脉瘤/非覆膜,001106,颅内支架（动脉瘤/非覆膜）,强生（上海）医疗器材有限公司,,
C0205010011400511851,02-血管介入治疗类材料,05-神经介入治疗材料,01-颅内支架,001-支架类,14-合金,005-动脉瘤/非覆膜,001106,颅内支架（动脉瘤/非覆膜）,上海心玮医疗科技股份有限公司,,
C0205010011400512483,02-血管介入治疗类材料,05-神经介入治疗材料,01-颅内支架,001-支架类,14-合金,005-动脉瘤/非覆膜,001106,颅内支架（动脉瘤/非覆膜）,北京微仙医疗科技有限公司,,
C0205010011400514045,02-血管介入治疗类材料,05-神经介入治疗材料,01-颅内支架,001-支架类,14-合金,005-动脉瘤/非覆膜,001106,颅内支架（动脉瘤/非覆膜）,北京久事神康医疗科技有限公司,,
C0205010011400703633,02-血管介入治疗类材料,05-神经介入治疗材料,01-颅内支架,001-支架类,14-合金,007-狭窄扩张/非药物洗脱,001108,颅内支架（狭窄扩张/非药物 洗脱）,史赛克（北京）医疗器械有限公司,,
C0205040021500908037,02-血管介入治疗类材料,05-神经介入治疗材料,04-颅内球囊扩张导管,002-球囊类,15-聚合物,009-快速交换/输送型,002114,颅内球囊扩张导管,苏州莱诺医疗器械有限公司,,
C0205040021500920650,02-血管介入治疗类材料,05-神经介入治疗材料,04-颅内球囊扩张导管,002-球囊类,15-聚合物,009-快速交换/输送型,002114,颅内球囊扩张导管,上海英威思医疗科技有限公司,,
C0205040021501000184,02-血管介入治疗类材料,05-神经介入治疗材料,04-颅内球囊扩张导管,002-球囊类,15-聚合物,010-快速交换/非输送型,002114,颅内球囊扩张导管,北京泰杰伟业科技股份有限公司,,
C0205040021501000423,02-血管介入治疗类材料,05-神经介入治疗材料,04-颅内球囊扩张导管,002-球囊类,15-聚合物,010-快速交换/非输送型,002114,颅内球囊扩张导管,深圳市顺美医疗股份有限公司,,
C0205040021501000928,02-血管介入治疗类材料,05-神经介入治疗材料,04-颅内球囊扩张导管,002-球囊类,15-聚合物,010-快速交换/非输送型,002114,颅内球囊扩张导管,南京友德邦医疗科技有限公司,,
C0205040021501001208,02-血管介入治疗类材料,05-神经介入治疗材料,04-颅内球囊扩张导管,002-球囊类,15-聚合物,010-快速交换/非输送型,002114,颅内球囊扩张导管,赛诺医疗科学技术股份有限公司,,
C0205040021501002446,02-血管介入治疗类材料,05-神经介入治疗材料,04-颅内球囊扩张导管,002-球囊类,15-聚合物,010-快速交换/非输送型,002114,颅内球囊扩张导管,江苏脉动医疗器械科技有限公司,,
C0205040021501003302,02-血管介入治疗类材料,05-神经介入治疗材料,04-颅内球囊扩张导管,002-球囊类,15-聚合物,010-快速交换/非输送型,002114,颅内球囊扩张导管,辽宁垠艺生物科技股份有限公司,,
C0205040021501003655,02-血管介入治疗类材料,05-神经介入治疗材料,04-颅内球囊扩张导管,002-球囊类,15-聚合物,010-快速交换/非输送型,002114,颅内球囊扩张导管,山东维心医疗器械有限公司,,
C0205040021501003846,02-血管介入治疗类材料,05-神经介入治疗材料,04-颅内球囊扩张导管,002-球囊类,15-聚合物,010-快速交换/非输送型,002114,颅内球囊扩张导管,微创神通医疗科技（上海）有限公 司,,
C0205040021501004338,02-血管介入治疗类材料,05-神经介入治疗材料,04-颅内球囊扩张导管,002-球囊类,15-聚合物,010-快速交换/非输送型,002114,颅内球囊扩张导管,业聚医疗器械（深圳）有限公司,,
C0205040021501004697,02-血管介入治疗类材料,05-神经介入治疗材料,04-颅内球囊扩张导管,002-球囊类,15-聚合物,010-快速交换/非输送型,002114,颅内球囊扩张导管,归创通桥医疗科技股份有限公司,,
C0205040021501009741,02-血管介入治疗类材料,05-神经介入治疗材料,04-颅内球囊扩张导管,002-球囊类,15-聚合物,010-快速交换/非输送型,002114,颅内球囊扩张导管,科塞尔医疗科技（苏州）有限公司,,
C0205040021501010353,02-血管介入治疗类材料,05-神经介入治疗材料,04-颅内球囊扩张导管,002-球囊类,15-聚合物,010-快速交换/非输送型,002114,颅内球囊扩张导管,依奈德医疗技术（上海）有限公司,,
C0205040021501011441,02-血管介入治疗类材料,05-神经介入治疗材料,04-颅内球囊扩张导管,002-球囊类,15-聚合物,010-快速交换/非输送型,002114,颅内球囊扩张导管,鼎科医疗技术（苏州）有限公司,,
C0205040021501011535,02-血管介入治疗类材料,05-神经介入治疗材料,04-颅内球囊扩张导管,002-球囊类,15-聚合物,010-快速交换/非输送型,002114,颅内球囊扩张导管,上海加奇生物科技苏州有限公司,,
C0205040021501011671,02-血管介入治疗类材料,05-神经介入治疗材料,04-颅内球囊扩张导管,002-球囊类,15-聚合物,010-快速交换/非输送型,002114,颅内球囊扩张导管,深圳信立泰医疗器械股份有限公司,,
C0205040021501011837,02-血管介入治疗类材料,05-神经介入治疗材料,04-颅内球囊扩张导管,002-球囊类,15-聚合物,010-快速交换/非输送型,002114,颅内球囊扩张导管,湖南瑞康通科技发展有限公司,,
C0205040021501011851,02-血管介入治疗类材料,05-神经介入治疗材料,04-颅内球囊扩张导管,002-球囊类,15-聚合物,010-快速交换/非输送型,002114,颅内球囊扩张导管,上海心玮医疗科技股份有限公司,,
C0205040021501011852,02-血管介入治疗类材料,05-神经介入治疗材料,04-颅内球囊扩张导管,002-球囊类,15-聚合物,010-快速交换/非输送型,002114,颅内球囊扩张导管,南京普微森医疗科技有限公司,,
C0205040021501012227,02-血管介入治疗类材料,05-神经介入治疗材料,04-颅内球囊扩张导管,002-球囊类,15-聚合物,010-快速交换/非输送型,002114,颅内球囊扩张导管,禾木（中国）生物工程有限公司,,
C0205040021501012339,02-血管介入治疗类材料,05-神经介入治疗材料,04-颅内球囊扩张导管,002-球囊类,15-聚合物,010-快速交换/非输送型,002114,颅内球囊扩张导管,心凯诺医疗科技（上海）有限公司,,
C0205040021501012602,02-血管介入治疗类材料,05-神经介入治疗材料,04-颅内球囊扩张导管,002-球囊类,15-聚合物,010-快速交换/非输送型,002114,颅内球囊扩张导管,苏州中天医疗器械科技有限公司,,
C0205040021501014045,02-血管介入治疗类材料,05-神经介入治疗材料,04-颅内球囊扩张导管,002-球囊类,15-聚合物,010-快速交换/非输送型,002114,颅内球囊扩张导管,北京久事神康医疗科技有限公司,,
C0205040021501014695,02-血管介入治疗类材料,05-神经介入治疗材料,04-颅内球囊扩张导管,002-球囊类,15-聚合物,010-快速交换/非输送型,002114,颅内球囊扩张导管,玮铭医疗器械(上海)有限公司,,
C0205040021501015078,02-血管介入治疗类材料,05-神经介入治疗材料,04-颅内球囊扩张导管,002-球囊类,15-聚合物,010-快速交换/非输送型,002114,颅内球囊扩张导管,上海励楷科技有限公司,,
C0205040021501017243,02-血管介入治疗类材料,05-神经介入治疗材料,04-颅内球囊扩张导管,002-球囊类,15-聚合物,010-快速交换/非输送型,002114,颅内球囊扩张导管,广州易介医疗科技有限公司,,
C0205040021501018365,02-血管介入治疗类材料,05-神经介入治疗材料,04-颅内球囊扩张导管,002-球囊类,15-聚合物,010-快速交换/非输送型,002114,颅内球囊扩张导管,南京脉创医疗科技有限公司,,
C0205040021501018513,02-血管介入治疗类材料,05-神经介入治疗材料,04-颅内球囊扩张导管,002-球囊类,15-聚合物,010-快速交换/非输送型,002114,颅内球囊扩张导管,成都纽创医疗器械有限公司,,
C0205040021501018573,02-血管介入治疗类材料,05-神经介入治疗材料,04-颅内球囊扩张导管,002-球囊类,15-聚合物,010-快速交换/非输送型,002114,颅内球囊扩张导管,谱高医疗科技(南京)有限公司,,
C0205040021501018594,02-血管介入治疗类材料,05-神经介入治疗材料,04-颅内球囊扩张导管,002-球囊类,15-聚合物,010-快速交换/非输送型,002114,颅内球囊扩张导管,为泰医疗器械（深圳）有限公司,,
C0205040021501018717,02-血管介入治疗类材料,05-神经介入治疗材料,04-颅内球囊扩张导管,002-球囊类,15-聚合物,010-快速交换/非输送型,002114,颅内球囊扩张导管,东莞天天向上医疗科技有限公司,,
C0205040021501019198,02-血管介入治疗类材料,05-神经介入治疗材料,04-颅内球囊扩张导管,002-球囊类,15-聚合物,010-快速交换/非输送型,002114,颅内球囊扩张导管,上海博畅医疗科技有限公司,,
C0205040021501019326,02-血管介入治疗类材料,05-神经介入治疗材料,04-颅内球囊扩张导管,002-球囊类,15-聚合物,010-快速交换/非输送型,002114,颅内球囊扩张导管,四川扬子江医疗器械有限公司,,
C0205040021501019564,02-血管介入治疗类材料,05-神经介入治疗材料,04-颅内球囊扩张导管,002-球囊类,15-聚合物,010-快速交换/非输送型,002114,颅内球囊扩张导管,北京管桥医疗科技有限公司,,
C0205040021501019570,02-血管介入治疗类材料,05-神经介入治疗材料,04-颅内球囊扩张导管,002-球囊类,15-聚合物,010-快速交换/非输送型,002114,颅内球囊扩张导管,广东博迈元通医疗科技有限公司,,
C0205040021501019612,02-血管介入治疗类材料,05-神经介入治疗材料,04-颅内球囊扩张导管,002-球囊类,15-聚合物,010-快速交换/非输送型,002114,颅内球囊扩张导管,巴特勒生物科技（苏州）有限公司,,
C0205040021501019702,02-血管介入治疗类材料,05-神经介入治疗材料,04-颅内球囊扩张导管,002-球囊类,15-聚合物,010-快速交换/非输送型,002114,颅内球囊扩张导管,江苏暖阳医疗器械有限公司,,
C0205040021501019927,02-血管介入治疗类材料,05-神经介入治疗材料,04-颅内球囊扩张导管,002-球囊类,15-聚合物,010-快速交换/非输送型,002114,颅内球囊扩张导管,浙江归创医疗科技有限公司,,
C0205040021501020537,02-血管介入治疗类材料,05-神经介入治疗材料,04-颅内球囊扩张导管,002-球囊类,15-聚合物,010-快速交换/非输送型,002114,颅内球囊扩张导管,杭州亿科医疗科技有限公司,,
C0205040021501022423,02-血管介入治疗类材料,05-神经介入治疗材料,04-颅内球囊扩张导管,002-球囊类,15-聚合物,010-快速交换/非输送型,002114,颅内球囊扩张导管,杭州矩正医疗科技有限公司,,
C0205040021501111535,02-血管介入治疗类材料,05-神经介入治疗材料,04-颅内球囊扩张导管,002-球囊类,15-聚合物,011-非快速交换/输送型,002114,颅内球囊扩张导管,上海加奇生物科技苏州有限公司,,
C0205040021501118573,02-血管介入治疗类材料,05-神经介入治疗材料,04-颅内球囊扩张导管,002-球囊类,15-聚合物,011-非快速交换/输送型,002114,颅内球囊扩张导管,谱高医疗科技(南京)有限公司,,
C0205040021501119927,02-血管介入治疗类材料,05-神经介入治疗材料,04-颅内球囊扩张导管,002-球囊类,15-聚合物,011-非快速交换/输送型,002114,颅内球囊扩张导管,浙江归创医疗科技有限公司,,
C0205040021501122177,02-血管介入治疗类材料,05-神经介入治疗材料,04-颅内球囊扩张导管,002-球囊类,15-聚合物,011-非快速交换/输送型,002114,颅内球囊扩张导管,上海暖阳医疗器械有限公司,,
C0205040021501202446,02-血管介入治疗类材料,05-神经介入治疗材料,04-颅内球囊扩张导管,002-球囊类,15-聚合物,012-非快速交换/非输送型,002114,颅内球囊扩张导管,江苏脉动医疗器械科技有限公司,,
C0205040021501203633,02-血管介入治疗类材料,05-神经介入治疗材料,04-颅内球囊扩张导管,002-球囊类,15-聚合物,012-非快速交换/非输送型,002114,颅内球囊扩张导管,史赛克（北京）医疗器械有限公司,,
C0205040021501211441,02-血管介入治疗类材料,05-神经介入治疗材料,04-颅内球囊扩张导管,002-球囊类,15-聚合物,012-非快速交换/非输送型,002114,颅内球囊扩张导管,鼎科医疗技术（苏州）有限公司,,
C0205040021501211837,02-血管介入治疗类材料,05-神经介入治疗材料,04-颅内球囊扩张导管,002-球囊类,15-聚合物,012-非快速交换/非输送型,002114,颅内球囊扩张导管,湖南瑞康通科技发展有限公司,,
C0205040021501212227,02-血管介入治疗类材料,05-神经介入治疗材料,04-颅内球囊扩张导管,002-球囊类,15-聚合物,012-非快速交换/非输送型,002114,颅内球囊扩张导管,禾木（中国）生物工程有限公司,,
C0205040021501218307,02-血管介入治疗类材料,05-神经介入治疗材料,04-颅内球囊扩张导管,002-球囊类,15-聚合物,012-非快速交换/非输送型,002114,颅内球囊扩张导管,杭州励楷科技有限公司,,
C0205040021501218579,02-血管介入治疗类材料,05-神经介入治疗材料,04-颅内球囊扩张导管,002-球囊类,15-聚合物,012-非快速交换/非输送型,002114,颅内球囊扩张导管,常州凯尼特医疗科技有限公司,,
C0205150011400000184,02-血管介入治疗类材料,05-神经介入治疗材料,15-颅内取栓支架,001-支架类,14-合金,000--,001109,颅内取栓支架,北京泰杰伟业科技股份有限公司,,
C0205150011400003633,02-血管介入治疗类材料,05-神经介入治疗材料,15-颅内取栓支架,001-支架类,14-合金,000--,001109,颅内取栓支架,史赛克（北京）医疗器械有限公司,,
C0205150011400003846,02-血管介入治疗类材料,05-神经介入治疗材料,15-颅内取栓支架,001-支架类,14-合金,000--,001109,颅内取栓支架,微创神通医疗科技（上海）有限公 司,,
C0205150011400006823,02-血管介入治疗类材料,05-神经介入治疗材料,15-颅内取栓支架,001-支架类,14-合金,000--,001109,颅内取栓支架,柯惠医疗器材国际贸易（上海）有 限公司,,
C0205150011400009098,02-血管介入治疗类材料,05-神经介入治疗材料,15-颅内取栓支架,001-支架类,14-合金,000--,001109,颅内取栓支架,强生（上海）医疗器材有限公司,,
C0205150011400011527,02-血管介入治疗类材料,05-神经介入治疗材料,15-颅内取栓支架,001-支架类,14-合金,000--,001109,颅内取栓支架,江苏尼科医疗器械有限公司,,
C0205150011400011535,02-血管介入治疗类材料,05-神经介入治疗材料,15-颅内取栓支架,001-支架类,14-合金,000--,001109,颅内取栓支架,上海加奇生物科技苏州有限公司,,
C0205150011400011837,02-血管介入治疗类材料,05-神经介入治疗材料,15-颅内取栓支架,001-支架类,14-合金,000--,001109,颅内取栓支架,湖南瑞康通科技发展有限公司,,
C0205150011400011851,02-血管介入治疗类材料,05-神经介入治疗材料,15-颅内取栓支架,001-支架类,14-合金,000--,001109,颅内取栓支架,上海心玮医疗科技股份有限公司,,
C0205150011400012203,02-血管介入治疗类材料,05-神经介入治疗材料,15-颅内取栓支架,001-支架类,14-合金,000--,001109,颅内取栓支架,深圳万合丰医疗科技有限公司,,
C0205150011400012227,02-血管介入治疗类材料,05-神经介入治疗材料,15-颅内取栓支架,001-支架类,14-合金,000--,001109,颅内取栓支架,禾木（中国）生物工程有限公司,,
C0205150011400012339,02-血管介入治疗类材料,05-神经介入治疗材料,15-颅内取栓支架,001-支架类,14-合金,000--,001109,颅内取栓支架,心凯诺医疗科技（上海）有限公司,,
C0205150011400012392,02-血管介入治疗类材料,05-神经介入治疗材料,15-颅内取栓支架,001-支架类,14-合金,000--,001109,颅内取栓支架,通桥医疗科技有限公司,,
C0205150011400012602,02-血管介入治疗类材料,05-神经介入治疗材料,15-颅内取栓支架,001-支架类,14-合金,000--,001109,颅内取栓支架,苏州中天医疗器械科技有限公司,,
C0205150011400012761,02-血管介入治疗类材料,05-神经介入治疗材料,15-颅内取栓支架,001-支架类,14-合金,000--,001109,颅内取栓支架,苏州恒瑞宏远医疗科技有限公司,,
C0205150011400014045,02-血管介入治疗类材料,05-神经介入治疗材料,15-颅内取栓支架,001-支架类,14-合金,000--,001109,颅内取栓支架,北京久事神康医疗科技有限公司,,
C0205150011400017752,02-血管介入治疗类材料,05-神经介入治疗材料,15-颅内取栓支架,001-支架类,14-合金,000--,001109,颅内取栓支架,赛诺神畅医疗科技有限公司,,
C0205150011400018579,02-血管介入治疗类材料,05-神经介入治疗材料,15-颅内取栓支架,001-支架类,14-合金,000--,001109,颅内取栓支架,常州凯尼特医疗科技有限公司,,
C0205150011400020537,02-血管介入治疗类材料,05-神经介入治疗材料,15-颅内取栓支架,001-支架类,14-合金,000--,001109,颅内取栓支架,杭州亿科医疗科技有限公司,,
C0205150011400021636,02-血管介入治疗类材料,05-神经介入治疗材料,15-颅内取栓支架,001-支架类,14-合金,000--,001109,颅内取栓支架,北京沃比医疗科技有限公司,,
C0205150011400023109,02-血管介入治疗类材料,05-神经介入治疗材料,15-颅内取栓支架,001-支架类,14-合金,000--,001109,颅内取栓支架,智驭医疗科技（广州）有限公司,,
C0205190011400000184,02-血管介入治疗类材料,05-神经介入治疗材料,19-血流导向密网支架,001-支架类,14-合金,000--,001110,血流导向密网支架,北京泰杰伟业科技股份有限公司,,
C0205190011400003633,02-血管介入治疗类材料,05-神经介入治疗材料,19-血流导向密网支架,001-支架类,14-合金,000--,001110,血流导向密网支架,史赛克（北京）医疗器械有限公司,,
C0205190011400003846,02-血管介入治疗类材料,05-神经介入治疗材料,19-血流导向密网支架,001-支架类,14-合金,000--,001110,血流导向密网支架,微创神通医疗科技（上海）有限公 司,,
C0205190011400006823,02-血管介入治疗类材料,05-神经介入治疗材料,19-血流导向密网支架,001-支架类,14-合金,000--,001110,血流导向密网支架,柯惠医疗器材国际贸易（上海）有 限公司,,
C0205190011400011851,02-血管介入治疗类材料,05-神经介入治疗材料,19-血流导向密网支架,001-支架类,14-合金,000--,001110,血流导向密网支架,上海心玮医疗科技股份有限公司,,
C0205190011400012392,02-血管介入治疗类材料,05-神经介入治疗材料,19-血流导向密网支架,001-支架类,14-合金,000--,001110,血流导向密网支架,通桥医疗科技有限公司,,
C0205190011400012483,02-血管介入治疗类材料,05-神经介入治疗材料,19-血流导向密网支架,001-支架类,14-合金,000--,001110,血流导向密网支架,北京微仙医疗科技有限公司,,
C0205190011400014045,02-血管介入治疗类材料,05-神经介入治疗材料,19-血流导向密网支架,001-支架类,14-合金,000--,001110,血流导向密网支架,北京久事神康医疗科技有限公司,,
C0205190011400017393,02-血管介入治疗类材料,05-神经介入治疗材料,19-血流导向密网支架,001-支架类,14-合金,000--,001110,血流导向密网支架,艾柯医疗器械(北京)股份有限公司,,
C0205190011400017664,02-血管介入治疗类材料,05-神经介入治疗材料,19-血流导向密网支架,001-支架类,14-合金,000--,001110,血流导向密网支架,江苏畅医达医疗科技有限公司,,
C0205190011400017752,02-血管介入治疗类材料,05-神经介入治疗材料,19-血流导向密网支架,001-支架类,14-合金,000--,001110,血流导向密网支架,赛诺神畅医疗科技有限公司,,
C0205190011400019368,02-血管介入治疗类材料,05-神经介入治疗材料,19-血流导向密网支架,001-支架类,14-合金,000--,001110,血流导向密网支架,聚辉医疗科技（深圳）有限公司,,
C0205190011400019702,02-血管介入治疗类材料,05-神经介入治疗材料,19-血流导向密网支架,001-支架类,14-合金,000--,001110,血流导向密网支架,江苏暖阳医疗器械有限公司,,
C0205190011400021636,02-血管介入治疗类材料,05-神经介入治疗材料,19-血流导向密网支架,001-支架类,14-合金,000--,001110,血流导向密网支架,北京沃比医疗科技有限公司,,
C0206010011400803089,02-血管介入治疗类材料,06-外周血管介入治疗材料,01-颈动脉支架,001-支架类,14-合金,008-直形,001111,颈动脉支架,库克（中国）医疗贸易有限公司,,
C0206010011400806823,02-血管介入治疗类材料,06-外周血管介入治疗材料,01-颈动脉支架,001-支架类,14-合金,008-直形,001111,颈动脉支架,柯惠医疗器材国际贸易（上海）有 限公司,,
C0206010011400808905,02-血管介入治疗类材料,06-外周血管介入治疗材料,01-颈动脉支架,001-支架类,14-合金,008-直形,001111,颈动脉支架,康蒂思（上海）医疗器械有限公司,,
C0206010011400810690,02-血管介入治疗类材料,06-外周血管介入治疗材料,01-颈动脉支架,001-支架类,14-合金,008-直形,001111,颈动脉支架,雅培医疗器械贸易（上海）有限公 司,,
C0206010011400811325,02-血管介入治疗类材料,06-外周血管介入治疗材料,01-颈动脉支架,001-支架类,14-合金,008-直形,001111,颈动脉支架,波科国际医疗贸易（上海）有限公 司,,
C0206010011400812483,02-血管介入治疗类材料,06-外周血管介入治疗材料,01-颈动脉支架,001-支架类,14-合金,008-直形,001111,颈动脉支架,北京微仙医疗科技有限公司,,
C0206010011400906823,02-血管介入治疗类材料,06-外周血管介入治疗材料,01-颈动脉支架,001-支架类,14-合金,009-锥形,001111,颈动脉支架,柯惠医疗器材国际贸易（上海）有 限公司,,
C0206010011400910690,02-血管介入治疗类材料,06-外周血管介入治疗材料,01-颈动脉支架,001-支架类,14-合金,009-锥形,001111,颈动脉支架,雅培医疗器械贸易（上海）有限公 司,,
C0206030011401003846,02-血管介入治疗类材料,06-外周血管介入治疗材料,03-椎动脉支架,001-支架类,14-合金,010-非自膨,001112,椎动脉支架,微创神通医疗科技（上海）有限公 司,,
C0206030011401012476,02-血管介入治疗类材料,06-外周血管介入治疗材料,03-椎动脉支架,001-支架类,14-合金,010-非自膨,001112,椎动脉支架,北京信立泰医疗器械有限公司,,
C0206040011300003797,02-血管介入治疗类材料,06-外周血管介入治疗材料,04-肾动脉支架,001-支架类,13-不锈钢,000--,001113,肾动脉支架,上海美创医疗器械有限公司,,
C0206040011400003089,02-血管介入治疗类材料,06-外周血管介入治疗材料,04-肾动脉支架,001-支架类,14-合金,000--,001113,肾动脉支架,库克（中国）医疗贸易有限公司,,
C0206040011400003199,02-血管介入治疗类材料,06-外周血管介入治疗材料,04-肾动脉支架,001-支架类,14-合金,000--,001113,肾动脉支架,百多力（北京）医疗器械有限公司,,
C0206040011400010690,02-血管介入治疗类材料,06-外周血管介入治疗材料,04-肾动脉支架,001-支架类,14-合金,000--,001113,肾动脉支架,雅培医疗器械贸易（上海）有限公 司,,
C0206050011401202501,02-血管介入治疗类材料,06-外周血管介入治疗材料,05-胸主动脉支架,001-支架类,14-合金,012-覆膜/单分支型,001114,胸主动脉支架（单分支型/覆 膜）,上海微创心脉医疗科技（集团）股 份有限公司,,
C0206050011401203377,02-血管介入治疗类材料,06-外周血管介入治疗材料,05-胸主动脉支架,001-支架类,14-合金,012-覆膜/单分支型,001114,胸主动脉支架（单分支型/覆 膜）,先健科技（深圳）有限公司,,
C0206050011401209202,02-血管介入治疗类材料,06-外周血管介入治疗材料,05-胸主动脉支架,001-支架类,14-合金,012-覆膜/单分支型,001114,胸主动脉支架（单分支型/覆 膜）,戈尔工业品贸易（上海）有限公司,,
C0206050011401210156,02-血管介入治疗类材料,06-外周血管介入治疗材料,05-胸主动脉支架,001-支架类,14-合金,012-覆膜/单分支型,001114,胸主动脉支架（单分支型/覆 膜）,杭州唯强医疗科技有限公司,,
C0206050011401400446,02-血管介入治疗类材料,06-外周血管介入治疗材料,05-胸主动脉支架,001-支架类,14-合金,014-覆膜/非分支型,001116,胸主动脉支架（非分支型/覆 膜）,湖南埃普特医疗器械有限公司,,
C0206050011401401466,02-血管介入治疗类材料,06-外周血管介入治疗材料,05-胸主动脉支架,001-支架类,14-合金,014-覆膜/非分支型,001116,胸主动脉支架（非分支型/覆 膜）,北京华脉泰科医疗器械股份有限公 司,,
C0206050011401402501,02-血管介入治疗类材料,06-外周血管介入治疗材料,05-胸主动脉支架,001-支架类,14-合金,014-覆膜/非分支型,001116,胸主动脉支架（非分支型/覆 膜）,上海微创心脉医疗科技（集团）股 份有限公司,,
C0206050011401403089,02-血管介入治疗类材料,06-外周血管介入治疗材料,05-胸主动脉支架,001-支架类,14-合金,014-覆膜/非分支型,001116,胸主动脉支架（非分支型/覆 膜）,库克（中国）医疗贸易有限公司,,
C0206050011401403133,02-血管介入治疗类材料,06-外周血管介入治疗材料,05-胸主动脉支架,001-支架类,14-合金,014-覆膜/非分支型,001116,胸主动脉支架（非分支型/覆 膜）,泰尔茂医疗产品（上海）有限公司,,
C0206050011401403377,02-血管介入治疗类材料,06-外周血管介入治疗材料,05-胸主动脉支架,001-支架类,14-合金,014-覆膜/非分支型,001116,胸主动脉支架（非分支型/覆 膜）,先健科技（深圳）有限公司,,
C0206050011401404254,02-血管介入治疗类材料,06-外周血管介入治疗材料,05-胸主动脉支架,001-支架类,14-合金,014-覆膜/非分支型,001116,胸主动脉支架（非分支型/覆 膜）,美敦力（上海）管理有限公司,,
C0206050011401404940,02-血管介入治疗类材料,06-外周血管介入治疗材料,05-胸主动脉支架,001-支架类,14-合金,014-覆膜/非分支型,001116,胸主动脉支架（非分支型/覆 膜）,北京诚诺美迪科技有限公司,,
C0206050011401408190,02-血管介入治疗类材料,06-外周血管介入治疗材料,05-胸主动脉支架,001-支架类,14-合金,014-覆膜/非分支型,001116,胸主动脉支架（非分支型/覆 膜）,北京裕恒佳科技有限公司,,
C0206050011401409202,02-血管介入治疗类材料,06-外周血管介入治疗材料,05-胸主动脉支架,001-支架类,14-合金,014-覆膜/非分支型,001116,胸主动脉支架（非分支型/覆 膜）,戈尔工业品贸易（上海）有限公司,,
C0206050011401410156,02-血管介入治疗类材料,06-外周血管介入治疗材料,05-胸主动脉支架,001-支架类,14-合金,014-覆膜/非分支型,001116,胸主动脉支架（非分支型/覆 膜）,杭州唯强医疗科技有限公司,,
C0206050011401411618,02-血管介入治疗类材料,06-外周血管介入治疗材料,05-胸主动脉支架,001-支架类,14-合金,014-覆膜/非分支型,001116,胸主动脉支架（非分支型/覆 膜）,克莱立夫（北京）医疗器械有限公 司,,
C0206050011401412558,02-血管介入治疗类材料,06-外周血管介入治疗材料,05-胸主动脉支架,001-支架类,14-合金,014-覆膜/非分支型,001116,胸主动脉支架（非分支型/覆 膜）,北京有卓正联医疗科技有限公司,,
C0206050011401504795,02-血管介入治疗类材料,06-外周血管介入治疗材料,05-胸主动脉支架,001-支架类,14-合金,015-非覆膜,001117,胸主动脉支架（非覆膜）,北京中拓辰和医疗器械有限公司,,
C0206050011401510156,02-血管介入治疗类材料,06-外周血管介入治疗材料,05-胸主动脉支架,001-支架类,14-合金,015-非覆膜,001117,胸主动脉支架（非覆膜）,杭州唯强医疗科技有限公司,,
C0206070011401608905,02-血管介入治疗类材料,06-外周血管介入治疗材料,07-腹主动脉支架,001-支架类,14-合金,016-分支型/延长型,001118,腹主动脉支架（分支型）,康蒂思（上海）医疗器械有限公司,,
C0206070011401609202,02-血管介入治疗类材料,06-外周血管介入治疗材料,07-腹主动脉支架,001-支架类,14-合金,016-分支型/延长型,001118,腹主动脉支架（分支型）,戈尔工业品贸易（上海）有限公司,,
C0206070011401701466,02-血管介入治疗类材料,06-外周血管介入治疗材料,07-腹主动脉支架,001-支架类,14-合金,017-分支型/非延长型,001118,腹主动脉支架（分支型）,北京华脉泰科医疗器械股份有限公 司,,
C0206070011401702501,02-血管介入治疗类材料,06-外周血管介入治疗材料,07-腹主动脉支架,001-支架类,14-合金,017-分支型/非延长型,001118,腹主动脉支架（分支型）,上海微创心脉医疗科技（集团）股 份有限公司,,
C0206070011401703377,02-血管介入治疗类材料,06-外周血管介入治疗材料,07-腹主动脉支架,001-支架类,14-合金,017-分支型/非延长型,001118,腹主动脉支架（分支型）,先健科技（深圳）有限公司,,
C0206070011401704254,02-血管介入治疗类材料,06-外周血管介入治疗材料,07-腹主动脉支架,001-支架类,14-合金,017-分支型/非延长型,001118,腹主动脉支架（分支型）,美敦力（上海）管理有限公司,,
C0206070011401709202,02-血管介入治疗类材料,06-外周血管介入治疗材料,07-腹主动脉支架,001-支架类,14-合金,017-分支型/非延长型,001118,腹主动脉支架（分支型）,戈尔工业品贸易（上海）有限公司,,
C0206070011401801466,02-血管介入治疗类材料,06-外周血管介入治疗材料,07-腹主动脉支架,001-支架类,14-合金,018-非分支型/延长型,001119,腹主动脉支架（非分支型）,北京华脉泰科医疗器械股份有限公 司,,
C0206070011401802501,02-血管介入治疗类材料,06-外周血管介入治疗材料,07-腹主动脉支架,001-支架类,14-合金,018-非分支型/延长型,001119,腹主动脉支架（非分支型）,上海微创心脉医疗科技（集团）股 份有限公司,,
C0206070011401803377,02-血管介入治疗类材料,06-外周血管介入治疗材料,07-腹主动脉支架,001-支架类,14-合金,018-非分支型/延长型,001119,腹主动脉支架（非分支型）,先健科技（深圳）有限公司,,
C0206070011401804254,02-血管介入治疗类材料,06-外周血管介入治疗材料,07-腹主动脉支架,001-支架类,14-合金,018-非分支型/延长型,001119,腹主动脉支架（非分支型）,美敦力（上海）管理有限公司,,
C0206070011401808190,02-血管介入治疗类材料,06-外周血管介入治疗材料,07-腹主动脉支架,001-支架类,14-合金,018-非分支型/延长型,001119,腹主动脉支架（非分支型）,北京裕恒佳科技有限公司,,
C0206070011401808905,02-血管介入治疗类材料,06-外周血管介入治疗材料,07-腹主动脉支架,001-支架类,14-合金,018-非分支型/延长型,001119,腹主动脉支架（非分支型）,康蒂思（上海）医疗器械有限公司,,
C0206070011401901466,02-血管介入治疗类材料,06-外周血管介入治疗材料,07-腹主动脉支架,001-支架类,14-合金,019-非分支型/非延长型,001119,腹主动脉支架（非分支型）,北京华脉泰科医疗器械股份有限公 司,,
C0206070011401904254,02-血管介入治疗类材料,06-外周血管介入治疗材料,07-腹主动脉支架,001-支架类,14-合金,019-非分支型/非延长型,001119,腹主动脉支架（非分支型）,美敦力（上海）管理有限公司,,
C0206070011401908190,02-血管介入治疗类材料,06-外周血管介入治疗材料,07-腹主动脉支架,001-支架类,14-合金,019-非分支型/非延长型,001119,腹主动脉支架（非分支型）,北京裕恒佳科技有限公司,,
C0206070011401908905,02-血管介入治疗类材料,06-外周血管介入治疗材料,07-腹主动脉支架,001-支架类,14-合金,019-非分支型/非延长型,001119,腹主动脉支架（非分支型）,康蒂思（上海）医疗器械有限公司,,
C0206090011302310290,02-血管介入治疗类材料,06-外周血管介入治疗材料,09-髂股动脉支架,001-支架类,13-不锈钢,023-覆膜/非自膨/非分支 型,001121,髂股动脉支架（非分支型/覆 膜）,巴德医疗科技（上海）有限公司,,
C0206090011302503199,02-血管介入治疗类材料,06-外周血管介入治疗材料,09-髂股动脉支架,001-支架类,13-不锈钢,025-非覆膜/非自膨,001122,髂股动脉支架（非覆膜）,百多力（北京）医疗器械有限公司,,
C0206090011402110290,02-血管介入治疗类材料,06-外周血管介入治疗材料,09-髂股动脉支架,001-支架类,14-合金,021-覆膜/自膨/非分支型,001121,髂股动脉支架（非分支型/覆 膜）,巴德医疗科技（上海）有限公司,,
C0206090011402403089,02-血管介入治疗类材料,06-外周血管介入治疗材料,09-髂股动脉支架,001-支架类,14-合金,024-非覆膜/自膨,001122,髂股动脉支架（非覆膜）,库克（中国）医疗贸易有限公司,,
C0206090011402403199,02-血管介入治疗类材料,06-外周血管介入治疗材料,09-髂股动脉支架,001-支架类,14-合金,024-非覆膜/自膨,001122,髂股动脉支架（非覆膜）,百多力（北京）医疗器械有限公司,,
C0206090011402406823,02-血管介入治疗类材料,06-外周血管介入治疗材料,09-髂股动脉支架,001-支架类,14-合金,024-非覆膜/自膨,001122,髂股动脉支架（非覆膜）,柯惠医疗器材国际贸易（上海）有 限公司,,
C0206090011402408905,02-血管介入治疗类材料,06-外周血管介入治疗材料,09-髂股动脉支架,001-支架类,14-合金,024-非覆膜/自膨,001122,髂股动脉支架（非覆膜）,康蒂思（上海）医疗器械有限公司,,
C0206090011402410290,02-血管介入治疗类材料,06-外周血管介入治疗材料,09-髂股动脉支架,001-支架类,14-合金,024-非覆膜/自膨,001122,髂股动脉支架（非覆膜）,巴德医疗科技（上海）有限公司,,
C0206090011402410690,02-血管介入治疗类材料,06-外周血管介入治疗材料,09-髂股动脉支架,001-支架类,14-合金,024-非覆膜/自膨,001122,髂股动脉支架（非覆膜）,雅培医疗器械贸易（上海）有限公 司,,
C0206090011402411325,02-血管介入治疗类材料,06-外周血管介入治疗材料,09-髂股动脉支架,001-支架类,14-合金,024-非覆膜/自膨,001122,髂股动脉支架（非覆膜）,波科国际医疗贸易（上海）有限公 司,,
C0206100011402603089,02-血管介入治疗类材料,06-外周血管介入治疗材料,10-股腘动脉支架,001-支架类,14-合金,026-药物洗脱/自膨,001123,股腘动脉支架（药物洗脱）,库克（中国）医疗贸易有限公司,,
C0206100011402611325,02-血管介入治疗类材料,06-外周血管介入治疗材料,10-股腘动脉支架,001-支架类,14-合金,026-药物洗脱/自膨,001123,股腘动脉支架（药物洗脱）,波科国际医疗贸易（上海）有限公 司,,
C0206100011402802501,02-血管介入治疗类材料,06-外周血管介入治疗材料,10-股腘动脉支架,001-支架类,14-合金,028-非药物洗脱/自膨,001124,股腘动脉支架（非药物洗 脱）,上海微创心脉医疗科技（集团）股 份有限公司,,
C0206100011402803089,02-血管介入治疗类材料,06-外周血管介入治疗材料,10-股腘动脉支架,001-支架类,14-合金,028-非药物洗脱/自膨,001124,股腘动脉支架（非药物洗 脱）,库克（中国）医疗贸易有限公司,,
C0206100011402803199,02-血管介入治疗类材料,06-外周血管介入治疗材料,10-股腘动脉支架,001-支架类,14-合金,028-非药物洗脱/自膨,001124,股腘动脉支架（非药物洗 脱）,百多力（北京）医疗器械有限公司,,
C0206100011402806823,02-血管介入治疗类材料,06-外周血管介入治疗材料,10-股腘动脉支架,001-支架类,14-合金,028-非药物洗脱/自膨,001124,股腘动脉支架（非药物洗 脱）,柯惠医疗器材国际贸易（上海）有 限公司,,
C0206100011402808905,02-血管介入治疗类材料,06-外周血管介入治疗材料,10-股腘动脉支架,001-支架类,14-合金,028-非药物洗脱/自膨,001124,股腘动脉支架（非药物洗 脱）,康蒂思（上海）医疗器械有限公司,,
C0206100011402810290,02-血管介入治疗类材料,06-外周血管介入治疗材料,10-股腘动脉支架,001-支架类,14-合金,028-非药物洗脱/自膨,001124,股腘动脉支架（非药物洗 脱）,巴德医疗科技（上海）有限公司,,
C0206100011402810690,02-血管介入治疗类材料,06-外周血管介入治疗材料,10-股腘动脉支架,001-支架类,14-合金,028-非药物洗脱/自膨,001124,股腘动脉支架（非药物洗 脱）,雅培医疗器械贸易（上海）有限公 司,,
C0206110011401003199,02-血管介入治疗类材料,06-外周血管介入治疗材料,11-膝下动脉支架,001-支架类,14-合金,010-非自膨,001125,膝下动脉支架,百多力（北京）医疗器械有限公司,,
C0206110011401103199,02-血管介入治疗类材料,06-外周血管介入治疗材料,11-膝下动脉支架,001-支架类,14-合金,011-自膨,001125,膝下动脉支架,百多力（北京）医疗器械有限公司,,
C0206110011401110690,02-血管介入治疗类材料,06-外周血管介入治疗材料,11-膝下动脉支架,001-支架类,14-合金,011-自膨,001125,膝下动脉支架,雅培医疗器械贸易（上海）有限公 司,,
C0206130011303109202,02-血管介入治疗类材料,06-外周血管介入治疗材料,13-外周血管支架,001-支架类,13-不锈钢,031-含药/覆膜/非自膨,001126,外周血管支架（含药/覆膜）,戈尔工业品贸易（上海）有限公司,,
C0206130011303708905,02-血管介入治疗类材料,06-外周血管介入治疗材料,13-外周血管支架,001-支架类,13-不锈钢,037-不含药/非覆膜/非自 膨,001129,外周血管支架（不含药/非覆 膜）,康蒂思（上海）医疗器械有限公司,,
C0206130011303711325,02-血管介入治疗类材料,06-外周血管介入治疗材料,13-外周血管支架,001-支架类,13-不锈钢,037-不含药/非覆膜/非自 膨,001129,外周血管支架（不含药/非覆 膜）,波科国际医疗贸易（上海）有限公 司,,
C0206130011403009202,02-血管介入治疗类材料,06-外周血管介入治疗材料,13-外周血管支架,001-支架类,14-合金,030-含药/覆膜/自膨,001126,外周血管支架（含药/覆膜）,戈尔工业品贸易（上海）有限公司,,
C0206130011403409202,02-血管介入治疗类材料,06-外周血管介入治疗材料,13-外周血管支架,001-支架类,14-合金,034-不含药/覆膜/自膨,001128,外周血管支架（不含药/覆 膜）,戈尔工业品贸易（上海）有限公司,,
C0206130011403410290,02-血管介入治疗类材料,06-外周血管介入治疗材料,13-外周血管支架,001-支架类,14-合金,034-不含药/覆膜/自膨,001128,外周血管支架（不含药/覆 膜）,巴德医疗科技（上海）有限公司,,
C0206130011403602501,02-血管介入治疗类材料,06-外周血管介入治疗材料,13-外周血管支架,001-支架类,14-合金,036-不含药/非覆膜/自膨,001129,外周血管支架（不含药/非覆 膜）,上海微创心脉医疗科技（集团）股 份有限公司,,
C0206130011403603199,02-血管介入治疗类材料,06-外周血管介入治疗材料,13-外周血管支架,001-支架类,14-合金,036-不含药/非覆膜/自膨,001129,外周血管支架（不含药/非覆 膜）,百多力（北京）医疗器械有限公司,,
C0206130011403603797,02-血管介入治疗类材料,06-外周血管介入治疗材料,13-外周血管支架,001-支架类,14-合金,036-不含药/非覆膜/自膨,001129,外周血管支架（不含药/非覆 膜）,上海美创医疗器械有限公司,,
C0206130011403606823,02-血管介入治疗类材料,06-外周血管介入治疗材料,13-外周血管支架,001-支架类,14-合金,036-不含药/非覆膜/自膨,001129,外周血管支架（不含药/非覆 膜）,柯惠医疗器材国际贸易（上海）有 限公司,,
C0206130011403608905,02-血管介入治疗类材料,06-外周血管介入治疗材料,13-外周血管支架,001-支架类,14-合金,036-不含药/非覆膜/自膨,001129,外周血管支架（不含药/非覆 膜）,康蒂思（上海）医疗器械有限公司,,
C0206130011403610290,02-血管介入治疗类材料,06-外周血管介入治疗材料,13-外周血管支架,001-支架类,14-合金,036-不含药/非覆膜/自膨,001129,外周血管支架（不含药/非覆 膜）,巴德医疗科技（上海）有限公司,,
C0206130011403610690,02-血管介入治疗类材料,06-外周血管介入治疗材料,13-外周血管支架,001-支架类,14-合金,036-不含药/非覆膜/自膨,001129,外周血管支架（不含药/非覆 膜）,雅培医疗器械贸易（上海）有限公 司,,
C0206130011403611325,02-血管介入治疗类材料,06-外周血管介入治疗材料,13-外周血管支架,001-支架类,14-合金,036-不含药/非覆膜/自膨,001129,外周血管支架（不含药/非覆 膜）,波科国际医疗贸易（上海）有限公 司,,
C0206130011403612339,02-血管介入治疗类材料,06-外周血管介入治疗材料,13-外周血管支架,001-支架类,14-合金,036-不含药/非覆膜/自膨,001129,外周血管支架（不含药/非覆 膜）,心凯诺医疗科技（上海）有限公司,,
C0206130011403621617,02-血管介入治疗类材料,06-外周血管介入治疗材料,13-外周血管支架,001-支架类,14-合金,036-不含药/非覆膜/自膨,001129,外周血管支架（不含药/非覆 膜）,上海腾复医疗科技有限公司,,
C0206130011403624339,02-血管介入治疗类材料,06-外周血管介入治疗材料,13-外周血管支架,001-支架类,14-合金,036-不含药/非覆膜/自膨,001129,外周血管支架（不含药/非覆 膜）,即通医疗科技（上海）有限公司,,
C0206130011403624652,02-血管介入治疗类材料,06-外周血管介入治疗材料,13-外周血管支架,001-支架类,14-合金,036-不含药/非覆膜/自膨,001129,外周血管支架（不含药/非覆 膜）,上海融脉医疗科技有限公司,,
C0206130011403703797,02-血管介入治疗类材料,06-外周血管介入治疗材料,13-外周血管支架,001-支架类,14-合金,037-不含药/非覆膜/非自 膨,001129,外周血管支架（不含药/非覆 膜）,上海美创医疗器械有限公司,,
C0206130011403708905,02-血管介入治疗类材料,06-外周血管介入治疗材料,13-外周血管支架,001-支架类,14-合金,037-不含药/非覆膜/非自 膨,001129,外周血管支架（不含药/非覆 膜）,康蒂思（上海）医疗器械有限公司,,
C0206130011403710155,02-血管介入治疗类材料,06-外周血管介入治疗材料,13-外周血管支架,001-支架类,14-合金,037-不含药/非覆膜/非自 膨,001129,外周血管支架（不含药/非覆 膜）,北京迈迪顶峰医疗科技股份有限公 司,,
C0206130011403710690,02-血管介入治疗类材料,06-外周血管介入治疗材料,13-外周血管支架,001-支架类,14-合金,037-不含药/非覆膜/非自 膨,001129,外周血管支架（不含药/非覆 膜）,雅培医疗器械贸易（上海）有限公 司,,
C0206150011300000469,02-血管介入治疗类材料,06-外周血管介入治疗材料,15-腔静脉支架,001-支架类,13-不锈钢,000--,001130,腔静脉支架,北京安泰生物医用材料有限公司,,
C0206150011400011325,02-血管介入治疗类材料,06-外周血管介入治疗材料,15-腔静脉支架,001-支架类,14-合金,000--,001130,腔静脉支架,波科国际医疗贸易（上海）有限公 司,,
C0206160011400003089,02-血管介入治疗类材料,06-外周血管介入治疗材料,16-髂股静脉支架,001-支架类,14-合金,000--,001131,髂股静脉支架,库克（中国）医疗贸易有限公司,,
C0206160011400004697,02-血管介入治疗类材料,06-外周血管介入治疗材料,16-髂股静脉支架,001-支架类,14-合金,000--,001131,髂股静脉支架,归创通桥医疗科技股份有限公司,,
C0206160011400005298,02-血管介入治疗类材料,06-外周血管介入治疗材料,16-髂股静脉支架,001-支架类,14-合金,000--,001131,髂股静脉支架,苏州茵络医疗器械有限公司,,
C0206160011400007761,02-血管介入治疗类材料,06-外周血管介入治疗材料,16-髂股静脉支架,001-支架类,14-合金,000--,001131,髂股静脉支架,苏州天鸿盛捷医疗器械有限公司,,
C0206160011400010156,02-血管介入治疗类材料,06-外周血管介入治疗材料,16-髂股静脉支架,001-支架类,14-合金,000--,001131,髂股静脉支架,杭州唯强医疗科技有限公司,,
C0206160011400010290,02-血管介入治疗类材料,06-外周血管介入治疗材料,16-髂股静脉支架,001-支架类,14-合金,000--,001131,髂股静脉支架,巴德医疗科技（上海）有限公司,,
C0206160011400021335,02-血管介入治疗类材料,06-外周血管介入治疗材料,16-髂股静脉支架,001-支架类,14-合金,000--,001131,髂股静脉支架,上海恩盛医疗科技有限公司,,
C0206160011400021617,02-血管介入治疗类材料,06-外周血管介入治疗材料,16-髂股静脉支架,001-支架类,14-合金,000--,001131,髂股静脉支架,上海腾复医疗科技有限公司,,
C0206160011400022198,02-血管介入治疗类材料,06-外周血管介入治疗材料,16-髂股静脉支架,001-支架类,14-合金,000--,001131,髂股静脉支架,上海蓝脉医疗科技有限公司,,
C0206160011400024339,02-血管介入治疗类材料,06-外周血管介入治疗材料,16-髂股静脉支架,001-支架类,14-合金,000--,001131,髂股静脉支架,即通医疗科技（上海）有限公司,,
C0206170011403809202,02-血管介入治疗类材料,06-外周血管介入治疗材料,17-门静脉分流支架,001-支架类,14-合金,038-覆膜,001132,门静脉分流支架(覆膜),戈尔工业品贸易（上海）有限公司,,
C0206180021500300476,02-血管介入治疗类材料,06-外周血管介入治疗材料,18-外周血管球囊扩张导管,002-球囊类,15-聚合物,003-含药/非快速交换/半 顺应性,002115,外周血管球囊扩张导管（含 药）,普利瑞医疗科技（苏州）有限公司,,
C0206180021500302261,02-血管介入治疗类材料,06-外周血管介入治疗材料,18-外周血管球囊扩张导管,002-球囊类,15-聚合物,003-含药/非快速交换/半 顺应性,002115,外周血管球囊扩张导管（含 药）,北京先瑞达医疗科技有限公司,,
C0206180021500302501,02-血管介入治疗类材料,06-外周血管介入治疗材料,18-外周血管球囊扩张导管,002-球囊类,15-聚合物,003-含药/非快速交换/半 顺应性,002115,外周血管球囊扩张导管（含 药）,上海微创心脉医疗科技（集团）股 份有限公司,,
C0206180021500303199,02-血管介入治疗类材料,06-外周血管介入治疗材料,18-外周血管球囊扩张导管,002-球囊类,15-聚合物,003-含药/非快速交换/半 顺应性,002115,外周血管球囊扩张导管（含 药）,百多力（北京）医疗器械有限公司,,
C0206180021500303797,02-血管介入治疗类材料,06-外周血管介入治疗材料,18-外周血管球囊扩张导管,002-球囊类,15-聚合物,003-含药/非快速交换/半 顺应性,002115,外周血管球囊扩张导管（含 药）,上海美创医疗器械有限公司,,
C0206180021500304254,02-血管介入治疗类材料,06-外周血管介入治疗材料,18-外周血管球囊扩张导管,002-球囊类,15-聚合物,003-含药/非快速交换/半 顺应性,002115,外周血管球囊扩张导管（含 药）,美敦力（上海）管理有限公司,,
C0206180021500304697,02-血管介入治疗类材料,06-外周血管介入治疗材料,18-外周血管球囊扩张导管,002-球囊类,15-聚合物,003-含药/非快速交换/半 顺应性,002115,外周血管球囊扩张导管（含 药）,归创通桥医疗科技股份有限公司,,
C0206180021500309124,02-血管介入治疗类材料,06-外周血管介入治疗材料,18-外周血管球囊扩张导管,002-球囊类,15-聚合物,003-含药/非快速交换/半 顺应性,002115,外周血管球囊扩张导管（含 药）,乐普（北京）医疗器械股份有限公 司,,
C0206180021500309675,02-血管介入治疗类材料,06-外周血管介入治疗材料,18-外周血管球囊扩张导管,002-球囊类,15-聚合物,003-含药/非快速交换/半 顺应性,002115,外周血管球囊扩张导管（含 药）,浙江巴泰医疗科技有限公司,,
C0206180021500310290,02-血管介入治疗类材料,06-外周血管介入治疗材料,18-外周血管球囊扩张导管,002-球囊类,15-聚合物,003-含药/非快速交换/半 顺应性,002115,外周血管球囊扩张导管（含 药）,巴德医疗科技（上海）有限公司,,
C0206180021500311325,02-血管介入治疗类材料,06-外周血管介入治疗材料,18-外周血管球囊扩张导管,002-球囊类,15-聚合物,003-含药/非快速交换/半 顺应性,002115,外周血管球囊扩张导管（含 药）,波科国际医疗贸易（上海）有限公 司,,
C0206180021500400476,02-血管介入治疗类材料,06-外周血管介入治疗材料,18-外周血管球囊扩张导管,002-球囊类,15-聚合物,004-含药/非快速交换/非 顺应性,002115,外周血管球囊扩张导管（含 药）,普利瑞医疗科技（苏州）有限公司,,
C0206180021500423459,02-血管介入治疗类材料,06-外周血管介入治疗材料,18-外周血管球囊扩张导管,002-球囊类,15-聚合物,004-含药/非快速交换/非 顺应性,002115,外周血管球囊扩张导管（含 药）,上海脉科医疗科技有限公司,,
C0206180021500500446,02-血管介入治疗类材料,06-外周血管介入治疗材料,18-外周血管球囊扩张导管,002-球囊类,15-聚合物,005-不含药/快速交换/半 顺应性,002116,外周血管球囊扩张导管（不 含药）,湖南埃普特医疗器械有限公司,,
C0206180021500503089,02-血管介入治疗类材料,06-外周血管介入治疗材料,18-外周血管球囊扩张导管,002-球囊类,15-聚合物,005-不含药/快速交换/半 顺应性,002116,外周血管球囊扩张导管（不 含药）,库克（中国）医疗贸易有限公司,,
C0206180021500504697,02-血管介入治疗类材料,06-外周血管介入治疗材料,18-外周血管球囊扩张导管,002-球囊类,15-聚合物,005-不含药/快速交换/半 顺应性,002116,外周血管球囊扩张导管（不 含药）,归创通桥医疗科技股份有限公司,,
C0206180021500507816,02-血管介入治疗类材料,06-外周血管介入治疗材料,18-外周血管球囊扩张导管,002-球囊类,15-聚合物,005-不含药/快速交换/半 顺应性,002116,外周血管球囊扩张导管（不 含药）,迪泰医学科技（苏州）有限公司,,
C0206180021500508905,02-血管介入治疗类材料,06-外周血管介入治疗材料,18-外周血管球囊扩张导管,002-球囊类,15-聚合物,005-不含药/快速交换/半 顺应性,002116,外周血管球囊扩张导管（不 含药）,康蒂思（上海）医疗器械有限公司,,
C0206180021500509124,02-血管介入治疗类材料,06-外周血管介入治疗材料,18-外周血管球囊扩张导管,002-球囊类,15-聚合物,005-不含药/快速交换/半 顺应性,002116,外周血管球囊扩张导管（不 含药）,乐普（北京）医疗器械股份有限公 司,,
C0206180021500510290,02-血管介入治疗类材料,06-外周血管介入治疗材料,18-外周血管球囊扩张导管,002-球囊类,15-聚合物,005-不含药/快速交换/半 顺应性,002116,外周血管球囊扩张导管（不 含药）,巴德医疗科技（上海）有限公司,,
C0206180021500510690,02-血管介入治疗类材料,06-外周血管介入治疗材料,18-外周血管球囊扩张导管,002-球囊类,15-聚合物,005-不含药/快速交换/半 顺应性,002116,外周血管球囊扩张导管（不 含药）,雅培医疗器械贸易（上海）有限公 司,,
C0206180021500511325,02-血管介入治疗类材料,06-外周血管介入治疗材料,18-外周血管球囊扩张导管,002-球囊类,15-聚合物,005-不含药/快速交换/半 顺应性,002116,外周血管球囊扩张导管（不 含药）,波科国际医疗贸易（上海）有限公 司,,
C0206180021500511441,02-血管介入治疗类材料,06-外周血管介入治疗材料,18-外周血管球囊扩张导管,002-球囊类,15-聚合物,005-不含药/快速交换/半 顺应性,002116,外周血管球囊扩张导管（不 含药）,鼎科医疗技术（苏州）有限公司,,
C0206180021500512339,02-血管介入治疗类材料,06-外周血管介入治疗材料,18-外周血管球囊扩张导管,002-球囊类,15-聚合物,005-不含药/快速交换/半 顺应性,002116,外周血管球囊扩张导管（不 含药）,心凯诺医疗科技（上海）有限公司,,
C0206180021500512602,02-血管介入治疗类材料,06-外周血管介入治疗材料,18-外周血管球囊扩张导管,002-球囊类,15-聚合物,005-不含药/快速交换/半 顺应性,002116,外周血管球囊扩张导管（不 含药）,苏州中天医疗器械科技有限公司,,
C0206180021500514695,02-血管介入治疗类材料,06-外周血管介入治疗材料,18-外周血管球囊扩张导管,002-球囊类,15-聚合物,005-不含药/快速交换/半 顺应性,002116,外周血管球囊扩张导管（不 含药）,玮铭医疗器械(上海)有限公司,,
C0206180021500518573,02-血管介入治疗类材料,06-外周血管介入治疗材料,18-外周血管球囊扩张导管,002-球囊类,15-聚合物,005-不含药/快速交换/半 顺应性,002116,外周血管球囊扩张导管（不 含药）,谱高医疗科技(南京)有限公司,,
C0206180021500518717,02-血管介入治疗类材料,06-外周血管介入治疗材料,18-外周血管球囊扩张导管,002-球囊类,15-聚合物,005-不含药/快速交换/半 顺应性,002116,外周血管球囊扩张导管（不 含药）,东莞天天向上医疗科技有限公司,,
C0206180021500520969,02-血管介入治疗类材料,06-外周血管介入治疗材料,18-外周血管球囊扩张导管,002-球囊类,15-聚合物,005-不含药/快速交换/半 顺应性,002116,外周血管球囊扩张导管（不 含药）,河北康誉医疗器械有限公司,,
C0206180021500521026,02-血管介入治疗类材料,06-外周血管介入治疗材料,18-外周血管球囊扩张导管,002-球囊类,15-聚合物,005-不含药/快速交换/半 顺应性,002116,外周血管球囊扩张导管（不 含药）,钟化企业管理（上海）有限公司,,
C0206180021500521117,02-血管介入治疗类材料,06-外周血管介入治疗材料,18-外周血管球囊扩张导管,002-球囊类,15-聚合物,005-不含药/快速交换/半 顺应性,002116,外周血管球囊扩张导管（不 含药）,神途医疗科技（上海）有限公司,,
C0206180021500603780,02-血管介入治疗类材料,06-外周血管介入治疗材料,18-外周血管球囊扩张导管,002-球囊类,15-聚合物,006-不含药/快速交换/非 顺应性,002116,外周血管球囊扩张导管（不 含药）,广东博迈医疗科技股份有限公司,,
C0206180021500604338,02-血管介入治疗类材料,06-外周血管介入治疗材料,18-外周血管球囊扩张导管,002-球囊类,15-聚合物,006-不含药/快速交换/非 顺应性,002116,外周血管球囊扩张导管（不 含药）,业聚医疗器械（深圳）有限公司,,
C0206180021500621026,02-血管介入治疗类材料,06-外周血管介入治疗材料,18-外周血管球囊扩张导管,002-球囊类,15-聚合物,006-不含药/快速交换/非 顺应性,002116,外周血管球囊扩张导管（不 含药）,钟化企业管理（上海）有限公司,,
C0206180021500700423,02-血管介入治疗类材料,06-外周血管介入治疗材料,18-外周血管球囊扩张导管,002-球囊类,15-聚合物,007-不含药/非快速交换/ 半顺应性,002116,外周血管球囊扩张导管（不 含药）,深圳市顺美医疗股份有限公司,,
C0206180021500700446,02-血管介入治疗类材料,06-外周血管介入治疗材料,18-外周血管球囊扩张导管,002-球囊类,15-聚合物,007-不含药/非快速交换/ 半顺应性,002116,外周血管球囊扩张导管（不 含药）,湖南埃普特医疗器械有限公司,,
C0206180021500700476,02-血管介入治疗类材料,06-外周血管介入治疗材料,18-外周血管球囊扩张导管,002-球囊类,15-聚合物,007-不含药/非快速交换/ 半顺应性,002116,外周血管球囊扩张导管（不 含药）,普利瑞医疗科技（苏州）有限公司,,
C0206180021500700848,02-血管介入治疗类材料,06-外周血管介入治疗材料,18-外周血管球囊扩张导管,002-球囊类,15-聚合物,007-不含药/非快速交换/ 半顺应性,002116,外周血管球囊扩张导管（不 含药）,苏州恒瑞迪生医疗科技有限公司,,
C0206180021500700928,02-血管介入治疗类材料,06-外周血管介入治疗材料,18-外周血管球囊扩张导管,002-球囊类,15-聚合物,007-不含药/非快速交换/ 半顺应性,002116,外周血管球囊扩张导管（不 含药）,南京友德邦医疗科技有限公司,,
C0206180021500701554,02-血管介入治疗类材料,06-外周血管介入治疗材料,18-外周血管球囊扩张导管,002-球囊类,15-聚合物,007-不含药/非快速交换/ 半顺应性,002116,外周血管球囊扩张导管（不 含药）,北京迪玛克医药科技有限公司,,
C0206180021500702261,02-血管介入治疗类材料,06-外周血管介入治疗材料,18-外周血管球囊扩张导管,002-球囊类,15-聚合物,007-不含药/非快速交换/ 半顺应性,002116,外周血管球囊扩张导管（不 含药）,北京先瑞达医疗科技有限公司,,
C0206180021500702446,02-血管介入治疗类材料,06-外周血管介入治疗材料,18-外周血管球囊扩张导管,002-球囊类,15-聚合物,007-不含药/非快速交换/ 半顺应性,002116,外周血管球囊扩张导管（不 含药）,江苏脉动医疗器械科技有限公司,,
C0206180021500702501,02-血管介入治疗类材料,06-外周血管介入治疗材料,18-外周血管球囊扩张导管,002-球囊类,15-聚合物,007-不含药/非快速交换/ 半顺应性,002116,外周血管球囊扩张导管（不 含药）,上海微创心脉医疗科技（集团）股 份有限公司,,
C0206180021500702638,02-血管介入治疗类材料,06-外周血管介入治疗材料,18-外周血管球囊扩张导管,002-球囊类,15-聚合物,007-不含药/非快速交换/ 半顺应性,002116,外周血管球囊扩张导管（不 含药）,柏为（武汉）医疗科技股份有限公 司,,
C0206180021500703089,02-血管介入治疗类材料,06-外周血管介入治疗材料,18-外周血管球囊扩张导管,002-球囊类,15-聚合物,007-不含药/非快速交换/ 半顺应性,002116,外周血管球囊扩张导管（不 含药）,库克（中国）医疗贸易有限公司,,
C0206180021500703199,02-血管介入治疗类材料,06-外周血管介入治疗材料,18-外周血管球囊扩张导管,002-球囊类,15-聚合物,007-不含药/非快速交换/ 半顺应性,002116,外周血管球囊扩张导管（不 含药）,百多力（北京）医疗器械有限公司,,
C0206180021500703377,02-血管介入治疗类材料,06-外周血管介入治疗材料,18-外周血管球囊扩张导管,002-球囊类,15-聚合物,007-不含药/非快速交换/ 半顺应性,002116,外周血管球囊扩张导管（不 含药）,先健科技（深圳）有限公司,,
C0206180021500703797,02-血管介入治疗类材料,06-外周血管介入治疗材料,18-外周血管球囊扩张导管,002-球囊类,15-聚合物,007-不含药/非快速交换/ 半顺应性,002116,外周血管球囊扩张导管（不 含药）,上海美创医疗器械有限公司,,
C0206180021500704254,02-血管介入治疗类材料,06-外周血管介入治疗材料,18-外周血管球囊扩张导管,002-球囊类,15-聚合物,007-不含药/非快速交换/ 半顺应性,002116,外周血管球囊扩张导管（不 含药）,美敦力（上海）管理有限公司,,
C0206180021500704697,02-血管介入治疗类材料,06-外周血管介入治疗材料,18-外周血管球囊扩张导管,002-球囊类,15-聚合物,007-不含药/非快速交换/ 半顺应性,002116,外周血管球囊扩张导管（不 含药）,归创通桥医疗科技股份有限公司,,
C0206180021500706823,02-血管介入治疗类材料,06-外周血管介入治疗材料,18-外周血管球囊扩张导管,002-球囊类,15-聚合物,007-不含药/非快速交换/ 半顺应性,002116,外周血管球囊扩张导管（不 含药）,柯惠医疗器材国际贸易（上海）有 限公司,,
C0206180021500707674,02-血管介入治疗类材料,06-外周血管介入治疗材料,18-外周血管球囊扩张导管,002-球囊类,15-聚合物,007-不含药/非快速交换/ 半顺应性,002116,外周血管球囊扩张导管（不 含药）,广州启骏生物科技有限公司,,
C0206180021500708037,02-血管介入治疗类材料,06-外周血管介入治疗材料,18-外周血管球囊扩张导管,002-球囊类,15-聚合物,007-不含药/非快速交换/ 半顺应性,002116,外周血管球囊扩张导管（不 含药）,苏州莱诺医疗器械有限公司,,
C0206180021500708229,02-血管介入治疗类材料,06-外周血管介入治疗材料,18-外周血管球囊扩张导管,002-球囊类,15-聚合物,007-不含药/非快速交换/ 半顺应性,002116,外周血管球囊扩张导管（不 含药）,济南正邦医学技术有限公司,,
C0206180021500708427,02-血管介入治疗类材料,06-外周血管介入治疗材料,18-外周血管球囊扩张导管,002-球囊类,15-聚合物,007-不含药/非快速交换/ 半顺应性,002116,外周血管球囊扩张导管（不 含药）,普霖医疗科技（广州）有限公司,,
C0206180021500708905,02-血管介入治疗类材料,06-外周血管介入治疗材料,18-外周血管球囊扩张导管,002-球囊类,15-聚合物,007-不含药/非快速交换/ 半顺应性,002116,外周血管球囊扩张导管（不 含药）,康蒂思（上海）医疗器械有限公司,,
C0206180021500709124,02-血管介入治疗类材料,06-外周血管介入治疗材料,18-外周血管球囊扩张导管,002-球囊类,15-聚合物,007-不含药/非快速交换/ 半顺应性,002116,外周血管球囊扩张导管（不 含药）,乐普（北京）医疗器械股份有限公 司,,
C0206180021500709675,02-血管介入治疗类材料,06-外周血管介入治疗材料,18-外周血管球囊扩张导管,002-球囊类,15-聚合物,007-不含药/非快速交换/ 半顺应性,002116,外周血管球囊扩张导管（不 含药）,浙江巴泰医疗科技有限公司,,
C0206180021500709741,02-血管介入治疗类材料,06-外周血管介入治疗材料,18-外周血管球囊扩张导管,002-球囊类,15-聚合物,007-不含药/非快速交换/ 半顺应性,002116,外周血管球囊扩张导管（不 含药）,科塞尔医疗科技（苏州）有限公司,,
C0206180021500710290,02-血管介入治疗类材料,06-外周血管介入治疗材料,18-外周血管球囊扩张导管,002-球囊类,15-聚合物,007-不含药/非快速交换/ 半顺应性,002116,外周血管球囊扩张导管（不 含药）,巴德医疗科技（上海）有限公司,,
C0206180021500710690,02-血管介入治疗类材料,06-外周血管介入治疗材料,18-外周血管球囊扩张导管,002-球囊类,15-聚合物,007-不含药/非快速交换/ 半顺应性,002116,外周血管球囊扩张导管（不 含药）,雅培医疗器械贸易（上海）有限公 司,,
C0206180021500711285,02-血管介入治疗类材料,06-外周血管介入治疗材料,18-外周血管球囊扩张导管,002-球囊类,15-聚合物,007-不含药/非快速交换/ 半顺应性,002116,外周血管球囊扩张导管（不 含药）,苏州恒瑞迦俐生生物医药科技有限 公司,,
C0206180021500711325,02-血管介入治疗类材料,06-外周血管介入治疗材料,18-外周血管球囊扩张导管,002-球囊类,15-聚合物,007-不含药/非快速交换/ 半顺应性,002116,外周血管球囊扩张导管（不 含药）,波科国际医疗贸易（上海）有限公 司,,
C0206180021500711671,02-血管介入治疗类材料,06-外周血管介入治疗材料,18-外周血管球囊扩张导管,002-球囊类,15-聚合物,007-不含药/非快速交换/ 半顺应性,002116,外周血管球囊扩张导管（不 含药）,深圳信立泰医疗器械股份有限公司,,
C0206180021500711758,02-血管介入治疗类材料,06-外周血管介入治疗材料,18-外周血管球囊扩张导管,002-球囊类,15-聚合物,007-不含药/非快速交换/ 半顺应性,002116,外周血管球囊扩张导管（不 含药）,安吉特（天津）科技有限公司,,
C0206180021500713938,02-血管介入治疗类材料,06-外周血管介入治疗材料,18-外周血管球囊扩张导管,002-球囊类,15-聚合物,007-不含药/非快速交换/ 半顺应性,002116,外周血管球囊扩张导管（不 含药）,北京永益润成科技有限公司,,
C0206180021500717569,02-血管介入治疗类材料,06-外周血管介入治疗材料,18-外周血管球囊扩张导管,002-球囊类,15-聚合物,007-不含药/非快速交换/ 半顺应性,002116,外周血管球囊扩张导管（不 含药）,江苏金泰医疗器械有限公司,,
C0206180021500718594,02-血管介入治疗类材料,06-外周血管介入治疗材料,18-外周血管球囊扩张导管,002-球囊类,15-聚合物,007-不含药/非快速交换/ 半顺应性,002116,外周血管球囊扩张导管（不 含药）,为泰医疗器械（深圳）有限公司,,
C0206180021500719366,02-血管介入治疗类材料,06-外周血管介入治疗材料,18-外周血管球囊扩张导管,002-球囊类,15-聚合物,007-不含药/非快速交换/ 半顺应性,002116,外周血管球囊扩张导管（不 含药）,维泰医疗科技（常州）有限公司,,
C0206180021500719705,02-血管介入治疗类材料,06-外周血管介入治疗材料,18-外周血管球囊扩张导管,002-球囊类,15-聚合物,007-不含药/非快速交换/ 半顺应性,002116,外周血管球囊扩张导管（不 含药）,上海博脉安医疗科技有限公司,,
C0206180021500719927,02-血管介入治疗类材料,06-外周血管介入治疗材料,18-外周血管球囊扩张导管,002-球囊类,15-聚合物,007-不含药/非快速交换/ 半顺应性,002116,外周血管球囊扩张导管（不 含药）,浙江归创医疗科技有限公司,,
C0206180021500720000,02-血管介入治疗类材料,06-外周血管介入治疗材料,18-外周血管球囊扩张导管,002-球囊类,15-聚合物,007-不含药/非快速交换/ 半顺应性,002116,外周血管球囊扩张导管（不 含药）,浙江桐轩医疗科技有限公司,,
C0206180021500720537,02-血管介入治疗类材料,06-外周血管介入治疗材料,18-外周血管球囊扩张导管,002-球囊类,15-聚合物,007-不含药/非快速交换/ 半顺应性,002116,外周血管球囊扩张导管（不 含药）,杭州亿科医疗科技有限公司,,
C0206180021500720969,02-血管介入治疗类材料,06-外周血管介入治疗材料,18-外周血管球囊扩张导管,002-球囊类,15-聚合物,007-不含药/非快速交换/ 半顺应性,002116,外周血管球囊扩张导管（不 含药）,河北康誉医疗器械有限公司,,
C0206180021500721026,02-血管介入治疗类材料,06-外周血管介入治疗材料,18-外周血管球囊扩张导管,002-球囊类,15-聚合物,007-不含药/非快速交换/ 半顺应性,002116,外周血管球囊扩张导管（不 含药）,钟化企业管理（上海）有限公司,,
C0206180021500722199,02-血管介入治疗类材料,06-外周血管介入治疗材料,18-外周血管球囊扩张导管,002-球囊类,15-聚合物,007-不含药/非快速交换/ 半顺应性,002116,外周血管球囊扩张导管（不 含药）,上海鸿脉医疗科技有限公司,,
C0206180021500800446,02-血管介入治疗类材料,06-外周血管介入治疗材料,18-外周血管球囊扩张导管,002-球囊类,15-聚合物,008-不含药/非快速交换/ 非顺应性,002116,外周血管球囊扩张导管（不 含药）,湖南埃普特医疗器械有限公司,,
C0206180021500800928,02-血管介入治疗类材料,06-外周血管介入治疗材料,18-外周血管球囊扩张导管,002-球囊类,15-聚合物,008-不含药/非快速交换/ 非顺应性,002116,外周血管球囊扩张导管（不 含药）,南京友德邦医疗科技有限公司,,
C0206180021500801657,02-血管介入治疗类材料,06-外周血管介入治疗材料,18-外周血管球囊扩张导管,002-球囊类,15-聚合物,008-不含药/非快速交换/ 非顺应性,002116,外周血管球囊扩张导管（不 含药）,江西三鑫医疗科技股份有限公司,,
C0206180021500802501,02-血管介入治疗类材料,06-外周血管介入治疗材料,18-外周血管球囊扩张导管,002-球囊类,15-聚合物,008-不含药/非快速交换/ 非顺应性,002116,外周血管球囊扩张导管（不 含药）,上海微创心脉医疗科技（集团）股 份有限公司,,
C0206180021500802638,02-血管介入治疗类材料,06-外周血管介入治疗材料,18-外周血管球囊扩张导管,002-球囊类,15-聚合物,008-不含药/非快速交换/ 非顺应性,002116,外周血管球囊扩张导管（不 含药）,柏为（武汉）医疗科技股份有限公 司,,
C0206180021500803089,02-血管介入治疗类材料,06-外周血管介入治疗材料,18-外周血管球囊扩张导管,002-球囊类,15-聚合物,008-不含药/非快速交换/ 非顺应性,002116,外周血管球囊扩张导管（不 含药）,库克（中国）医疗贸易有限公司,,
C0206180021500803199,02-血管介入治疗类材料,06-外周血管介入治疗材料,18-外周血管球囊扩张导管,002-球囊类,15-聚合物,008-不含药/非快速交换/ 非顺应性,002116,外周血管球囊扩张导管（不 含药）,百多力（北京）医疗器械有限公司,,
C0206180021500803302,02-血管介入治疗类材料,06-外周血管介入治疗材料,18-外周血管球囊扩张导管,002-球囊类,15-聚合物,008-不含药/非快速交换/ 非顺应性,002116,外周血管球囊扩张导管（不 含药）,辽宁垠艺生物科技股份有限公司,,
C0206180021500803780,02-血管介入治疗类材料,06-外周血管介入治疗材料,18-外周血管球囊扩张导管,002-球囊类,15-聚合物,008-不含药/非快速交换/ 非顺应性,002116,外周血管球囊扩张导管（不 含药）,广东博迈医疗科技股份有限公司,,
C0206180021500804697,02-血管介入治疗类材料,06-外周血管介入治疗材料,18-外周血管球囊扩张导管,002-球囊类,15-聚合物,008-不含药/非快速交换/ 非顺应性,002116,外周血管球囊扩张导管（不 含药）,归创通桥医疗科技股份有限公司,,
C0206180021500804740,02-血管介入治疗类材料,06-外周血管介入治疗材料,18-外周血管球囊扩张导管,002-球囊类,15-聚合物,008-不含药/非快速交换/ 非顺应性,002116,外周血管球囊扩张导管（不 含药）,河南驼人贝斯特医疗器械有限公司,,
C0206180021500804940,02-血管介入治疗类材料,06-外周血管介入治疗材料,18-外周血管球囊扩张导管,002-球囊类,15-聚合物,008-不含药/非快速交换/ 非顺应性,002116,外周血管球囊扩张导管（不 含药）,北京诚诺美迪科技有限公司,,
C0206180021500807761,02-血管介入治疗类材料,06-外周血管介入治疗材料,18-外周血管球囊扩张导管,002-球囊类,15-聚合物,008-不含药/非快速交换/ 非顺应性,002116,外周血管球囊扩张导管（不 含药）,苏州天鸿盛捷医疗器械有限公司,,
C0206180021500807816,02-血管介入治疗类材料,06-外周血管介入治疗材料,18-外周血管球囊扩张导管,002-球囊类,15-聚合物,008-不含药/非快速交换/ 非顺应性,002116,外周血管球囊扩张导管（不 含药）,迪泰医学科技（苏州）有限公司,,
C0206180021500808752,02-血管介入治疗类材料,06-外周血管介入治疗材料,18-外周血管球囊扩张导管,002-球囊类,15-聚合物,008-不含药/非快速交换/ 非顺应性,002116,外周血管球囊扩张导管（不 含药）,常州乐奥医疗科技股份有限公司,,
C0206180021500808905,02-血管介入治疗类材料,06-外周血管介入治疗材料,18-外周血管球囊扩张导管,002-球囊类,15-聚合物,008-不含药/非快速交换/ 非顺应性,002116,外周血管球囊扩张导管（不 含药）,康蒂思（上海）医疗器械有限公司,,
C0206180021500809124,02-血管介入治疗类材料,06-外周血管介入治疗材料,18-外周血管球囊扩张导管,002-球囊类,15-聚合物,008-不含药/非快速交换/ 非顺应性,002116,外周血管球囊扩张导管（不 含药）,乐普（北京）医疗器械股份有限公 司,,
C0206180021500809675,02-血管介入治疗类材料,06-外周血管介入治疗材料,18-外周血管球囊扩张导管,002-球囊类,15-聚合物,008-不含药/非快速交换/ 非顺应性,002116,外周血管球囊扩张导管（不 含药）,浙江巴泰医疗科技有限公司,,
C0206180021500809741,02-血管介入治疗类材料,06-外周血管介入治疗材料,18-外周血管球囊扩张导管,002-球囊类,15-聚合物,008-不含药/非快速交换/ 非顺应性,002116,外周血管球囊扩张导管（不 含药）,科塞尔医疗科技（苏州）有限公司,,
C0206180021500810156,02-血管介入治疗类材料,06-外周血管介入治疗材料,18-外周血管球囊扩张导管,002-球囊类,15-聚合物,008-不含药/非快速交换/ 非顺应性,002116,外周血管球囊扩张导管（不 含药）,杭州唯强医疗科技有限公司,,
C0206180021500810290,02-血管介入治疗类材料,06-外周血管介入治疗材料,18-外周血管球囊扩张导管,002-球囊类,15-聚合物,008-不含药/非快速交换/ 非顺应性,002116,外周血管球囊扩张导管（不 含药）,巴德医疗科技（上海）有限公司,,
C0206180021500810690,02-血管介入治疗类材料,06-外周血管介入治疗材料,18-外周血管球囊扩张导管,002-球囊类,15-聚合物,008-不含药/非快速交换/ 非顺应性,002116,外周血管球囊扩张导管（不 含药）,雅培医疗器械贸易（上海）有限公 司,,
C0206180021500811051,02-血管介入治疗类材料,06-外周血管介入治疗材料,18-外周血管球囊扩张导管,002-球囊类,15-聚合物,008-不含药/非快速交换/ 非顺应性,002116,外周血管球囊扩张导管（不 含药）,北京美中双和医疗器械股份有限公 司,,
C0206180021500811325,02-血管介入治疗类材料,06-外周血管介入治疗材料,18-外周血管球囊扩张导管,002-球囊类,15-聚合物,008-不含药/非快速交换/ 非顺应性,002116,外周血管球囊扩张导管（不 含药）,波科国际医疗贸易（上海）有限公 司,,
C0206180021500811441,02-血管介入治疗类材料,06-外周血管介入治疗材料,18-外周血管球囊扩张导管,002-球囊类,15-聚合物,008-不含药/非快速交换/ 非顺应性,002116,外周血管球囊扩张导管（不 含药）,鼎科医疗技术（苏州）有限公司,,
C0206180021500811509,02-血管介入治疗类材料,06-外周血管介入治疗材料,18-外周血管球囊扩张导管,002-球囊类,15-聚合物,008-不含药/非快速交换/ 非顺应性,002116,外周血管球囊扩张导管（不 含药）,科睿驰（深圳）医疗科技发展有限 公司,,
C0206180021500811671,02-血管介入治疗类材料,06-外周血管介入治疗材料,18-外周血管球囊扩张导管,002-球囊类,15-聚合物,008-不含药/非快速交换/ 非顺应性,002116,外周血管球囊扩张导管（不 含药）,深圳信立泰医疗器械股份有限公司,,
C0206180021500812339,02-血管介入治疗类材料,06-外周血管介入治疗材料,18-外周血管球囊扩张导管,002-球囊类,15-聚合物,008-不含药/非快速交换/ 非顺应性,002116,外周血管球囊扩张导管（不 含药）,心凯诺医疗科技（上海）有限公司,,
C0206180021500813938,02-血管介入治疗类材料,06-外周血管介入治疗材料,18-外周血管球囊扩张导管,002-球囊类,15-聚合物,008-不含药/非快速交换/ 非顺应性,002116,外周血管球囊扩张导管（不 含药）,北京永益润成科技有限公司,,
C0206180021500817807,02-血管介入治疗类材料,06-外周血管介入治疗材料,18-外周血管球囊扩张导管,002-球囊类,15-聚合物,008-不含药/非快速交换/ 非顺应性,002116,外周血管球囊扩张导管（不 含药）,健源医疗科技（无锡）有限公司,,
C0206180021500818594,02-血管介入治疗类材料,06-外周血管介入治疗材料,18-外周血管球囊扩张导管,002-球囊类,15-聚合物,008-不含药/非快速交换/ 非顺应性,002116,外周血管球囊扩张导管（不 含药）,为泰医疗器械（深圳）有限公司,,
C0206180021500819705,02-血管介入治疗类材料,06-外周血管介入治疗材料,18-外周血管球囊扩张导管,002-球囊类,15-聚合物,008-不含药/非快速交换/ 非顺应性,002116,外周血管球囊扩张导管（不 含药）,上海博脉安医疗科技有限公司,,
C0206180021500820969,02-血管介入治疗类材料,06-外周血管介入治疗材料,18-外周血管球囊扩张导管,002-球囊类,15-聚合物,008-不含药/非快速交换/ 非顺应性,002116,外周血管球囊扩张导管（不 含药）,河北康誉医疗器械有限公司,,
C0206180021500822198,02-血管介入治疗类材料,06-外周血管介入治疗材料,18-外周血管球囊扩张导管,002-球囊类,15-聚合物,008-不含药/非快速交换/ 非顺应性,002116,外周血管球囊扩张导管（不 含药）,上海蓝脉医疗科技有限公司,,
C0206180021500822329,02-血管介入治疗类材料,06-外周血管介入治疗材料,18-外周血管球囊扩张导管,002-球囊类,15-聚合物,008-不含药/非快速交换/ 非顺应性,002116,外周血管球囊扩张导管（不 含药）,深圳市新业聚介入医学科技有限公 司,,
C0206180021500822491,02-血管介入治疗类材料,06-外周血管介入治疗材料,18-外周血管球囊扩张导管,002-球囊类,15-聚合物,008-不含药/非快速交换/ 非顺应性,002116,外周血管球囊扩张导管（不 含药）,天翊永聚医疗科技（苏州）有限公 司,,
C0206180021500822800,02-血管介入治疗类材料,06-外周血管介入治疗材料,18-外周血管球囊扩张导管,002-球囊类,15-聚合物,008-不含药/非快速交换/ 非顺应性,002116,外周血管球囊扩张导管（不 含药）,苏州汇智赢华医疗科技有限公司,,
C0206180021501602501,02-血管介入治疗类材料,06-外周血管介入治疗材料,18-外周血管球囊扩张导管,002-球囊类,15-聚合物,016-不含药/非快速交换/ 顺应性,002116,外周血管球囊扩张导管（不 含药）,上海微创心脉医疗科技（集团）股 份有限公司,,
C0206180021501603377,02-血管介入治疗类材料,06-外周血管介入治疗材料,18-外周血管球囊扩张导管,002-球囊类,15-聚合物,016-不含药/非快速交换/ 顺应性,002116,外周血管球囊扩张导管（不 含药）,先健科技（深圳）有限公司,,
C0206180021501604254,02-血管介入治疗类材料,06-外周血管介入治疗材料,18-外周血管球囊扩张导管,002-球囊类,15-聚合物,016-不含药/非快速交换/ 顺应性,002116,外周血管球囊扩张导管（不 含药）,美敦力（上海）管理有限公司,,
C0206180021501609202,02-血管介入治疗类材料,06-外周血管介入治疗材料,18-外周血管球囊扩张导管,002-球囊类,15-聚合物,016-不含药/非快速交换/ 顺应性,002116,外周血管球囊扩张导管（不 含药）,戈尔工业品贸易（上海）有限公司,,
C0206180021501610690,02-血管介入治疗类材料,06-外周血管介入治疗材料,18-外周血管球囊扩张导管,002-球囊类,15-聚合物,016-不含药/非快速交换/ 顺应性,002116,外周血管球囊扩张导管（不 含药）,雅培医疗器械贸易（上海）有限公 司,,
C0206180021501611509,02-血管介入治疗类材料,06-外周血管介入治疗材料,18-外周血管球囊扩张导管,002-球囊类,15-聚合物,016-不含药/非快速交换/ 顺应性,002116,外周血管球囊扩张导管（不 含药）,科睿驰（深圳）医疗科技发展有限 公司,,
C0206180021501611618,02-血管介入治疗类材料,06-外周血管介入治疗材料,18-外周血管球囊扩张导管,002-球囊类,15-聚合物,016-不含药/非快速交换/ 顺应性,002116,外周血管球囊扩张导管（不 含药）,克莱立夫（北京）医疗器械有限公 司,,
C0206180021501620958,02-血管介入治疗类材料,06-外周血管介入治疗材料,18-外周血管球囊扩张导管,002-球囊类,15-聚合物,016-不含药/非快速交换/ 顺应性,002116,外周血管球囊扩张导管（不 含药）,深圳佰特微医疗科技有限公司,,
C0206210021500009124,02-血管介入治疗类材料,06-外周血管介入治疗材料,21-外周血管切割球囊导管,002-球囊类,15-聚合物,000--,002117,外周血管切割球囊导管,乐普（北京）医疗器械股份有限公 司,,
C0206210021500011325,02-血管介入治疗类材料,06-外周血管介入治疗材料,21-外周血管切割球囊导管,002-球囊类,15-聚合物,000--,002117,外周血管切割球囊导管,波科国际医疗贸易（上海）有限公 司,,
C0206210021500011857,02-血管介入治疗类材料,06-外周血管介入治疗材料,21-外周血管切割球囊导管,002-球囊类,15-聚合物,000--,002117,外周血管切割球囊导管,上海申淇医疗科技有限公司,,
C0206210021500017569,02-血管介入治疗类材料,06-外周血管介入治疗材料,21-外周血管切割球囊导管,002-球囊类,15-聚合物,000--,002117,外周血管切割球囊导管,江苏金泰医疗器械有限公司,,
C0206210021500023441,02-血管介入治疗类材料,06-外周血管介入治疗材料,21-外周血管切割球囊导管,002-球囊类,15-聚合物,000--,002117,外周血管切割球囊导管,成都虹途医疗科技有限公司,,
C0206510021501803780,02-血管介入治疗类材料,06-外周血管介入治疗材料,51-外周血管刻痕球囊扩张导管,002-球囊类,15-聚合物,018-不含药,002119,外周血管刻痕球囊扩张导管 （不含药）,广东博迈医疗科技股份有限公司,,
C0206510021501804338,02-血管介入治疗类材料,06-外周血管介入治疗材料,51-外周血管刻痕球囊扩张导管,002-球囊类,15-聚合物,018-不含药,002119,外周血管刻痕球囊扩张导管 （不含药）,业聚医疗器械（深圳）有限公司,,
C0206510021501810264,02-血管介入治疗类材料,06-外周血管介入治疗材料,51-外周血管刻痕球囊扩张导管,002-球囊类,15-聚合物,018-不含药,002119,外周血管刻痕球囊扩张导管 （不含药）,飞利浦（中国）投资有限公司,,
C0206510021501810290,02-血管介入治疗类材料,06-外周血管介入治疗材料,51-外周血管刻痕球囊扩张导管,002-球囊类,15-聚合物,018-不含药,002119,外周血管刻痕球囊扩张导管 （不含药）,巴德医疗科技（上海）有限公司,,
C0206510021501811441,02-血管介入治疗类材料,06-外周血管介入治疗材料,51-外周血管刻痕球囊扩张导管,002-球囊类,15-聚合物,018-不含药,002119,外周血管刻痕球囊扩张导管 （不含药）,鼎科医疗技术（苏州）有限公司,,
C0206510021501818594,02-血管介入治疗类材料,06-外周血管介入治疗材料,51-外周血管刻痕球囊扩张导管,002-球囊类,15-聚合物,018-不含药,002119,外周血管刻痕球囊扩张导管 （不含药）,为泰医疗器械（深圳）有限公司,,
C0206510021501819705,02-血管介入治疗类材料,06-外周血管介入治疗材料,51-外周血管刻痕球囊扩张导管,002-球囊类,15-聚合物,018-不含药,002119,外周血管刻痕球囊扩张导管 （不含药）,上海博脉安医疗科技有限公司,,
C0206510021501822004,02-血管介入治疗类材料,06-外周血管介入治疗材料,51-外周血管刻痕球囊扩张导管,002-球囊类,15-聚合物,018-不含药,002119,外周血管刻痕球囊扩张导管 （不含药）,飞利浦医疗器械（上海）有限公司,,
C0206520021500009124,02-血管介入治疗类材料,06-外周血管介入治疗材料,52-外周血管冲击波球囊扩张导管,002-球囊类,15-聚合物,000--,002120,外周血管冲击波球囊扩张导 管,乐普（北京）医疗器械股份有限公 司,,
C0206520021500017755,02-血管介入治疗类材料,06-外周血管介入治疗材料,52-外周血管冲击波球囊扩张导管,002-球囊类,15-聚合物,000--,002120,外周血管冲击波球囊扩张导 管,健维医疗科技（无锡）有限公司,,
C0206520021500020899,02-血管介入治疗类材料,06-外周血管介入治疗材料,52-外周血管冲击波球囊扩张导管,002-球囊类,15-聚合物,000--,002120,外周血管冲击波球囊扩张导 管,苏州中荟医疗科技有限公司,,
C0206520021500021373,02-血管介入治疗类材料,06-外周血管介入治疗材料,52-外周血管冲击波球囊扩张导管,002-球囊类,15-聚合物,000--,002120,外周血管冲击波球囊扩张导 管,深圳市赛禾医疗技术有限公司,,
C0206520021500022013,02-血管介入治疗类材料,06-外周血管介入治疗材料,52-外周血管冲击波球囊扩张导管,002-球囊类,15-聚合物,000--,002120,外周血管冲击波球囊扩张导 管,江苏朴芃医疗科技有限公司,,
C0206530021501717807,02-血管介入治疗类材料,06-外周血管介入治疗材料,53-外周血管约束型球囊扩张导管,002-球囊类,15-聚合物,017-含药,002121,外周血管约束型球囊扩张导 管（含药）,健源医疗科技（无锡）有限公司,,
C0206530021501721263,02-血管介入治疗类材料,06-外周血管介入治疗材料,53-外周血管约束型球囊扩张导管,002-球囊类,15-聚合物,017-含药,002121,外周血管约束型球囊扩张导 管（含药）,杭州巴泰医疗器械有限公司,,
C0206530021501804254,02-血管介入治疗类材料,06-外周血管介入治疗材料,53-外周血管约束型球囊扩张导管,002-球囊类,15-聚合物,018-不含药,002122,外周血管约束型球囊扩张导 管（不含药）,美敦力（上海）管理有限公司,,
C0206530021501809741,02-血管介入治疗类材料,06-外周血管介入治疗材料,53-外周血管约束型球囊扩张导管,002-球囊类,15-聚合物,018-不含药,002122,外周血管约束型球囊扩张导 管（不含药）,科塞尔医疗科技（苏州）有限公司,,
C0206530021501812761,02-血管介入治疗类材料,06-外周血管介入治疗材料,53-外周血管约束型球囊扩张导管,002-球囊类,15-聚合物,018-不含药,002122,外周血管约束型球囊扩张导 管（不含药）,苏州恒瑞宏远医疗科技有限公司,,
C0206530021501819705,02-血管介入治疗类材料,06-外周血管介入治疗材料,53-外周血管约束型球囊扩张导管,002-球囊类,15-聚合物,018-不含药,002122,外周血管约束型球囊扩张导 管（不含药）,上海博脉安医疗科技有限公司,,
C0206530021501821263,02-血管介入治疗类材料,06-外周血管介入治疗材料,53-外周血管约束型球囊扩张导管,002-球囊类,15-聚合物,018-不含药,002122,外周血管约束型球囊扩张导 管（不含药）,杭州巴泰医疗器械有限公司,,
C0206530021501821902,02-血管介入治疗类材料,06-外周血管介入治疗材料,53-外周血管约束型球囊扩张导管,002-球囊类,15-聚合物,018-不含药,002122,外周血管约束型球囊扩张导 管（不含药）,上海畅德医疗科技有限公司,,
C0206540021500019927,02-血管介入治疗类材料,06-外周血管介入治疗材料,54-外周血管棘/乳突球囊扩张导管,002-球囊类,15-聚合物,000--,002123,外周血管棘/乳突球囊扩张导 管,浙江归创医疗科技有限公司,,
C0206540021500023441,02-血管介入治疗类材料,06-外周血管介入治疗材料,54-外周血管棘/乳突球囊扩张导管,002-球囊类,15-聚合物,000--,002123,外周血管棘/乳突球囊扩张导 管,成都虹途医疗科技有限公司,,
C0207240021501905918,02-血管介入治疗类材料,07-通用介入治疗材料,24-血管介入封堵球囊导管,002-球囊类,15-聚合物,019-单腔,002125,血管介入封堵球囊导管,乐脉医疗科技（上海）有限公司,,
C0207240021501906823,02-血管介入治疗类材料,07-通用介入治疗材料,24-血管介入封堵球囊导管,002-球囊类,15-聚合物,019-单腔,002125,血管介入封堵球囊导管,柯惠医疗器材国际贸易（上海）有 限公司,,
C0207240021501911837,02-血管介入治疗类材料,07-通用介入治疗材料,24-血管介入封堵球囊导管,002-球囊类,15-聚合物,019-单腔,002125,血管介入封堵球囊导管,湖南瑞康通科技发展有限公司,,
C0207240021501911851,02-血管介入治疗类材料,07-通用介入治疗材料,24-血管介入封堵球囊导管,002-球囊类,15-聚合物,019-单腔,002125,血管介入封堵球囊导管,上海心玮医疗科技股份有限公司,,
C0207240021501918573,02-血管介入治疗类材料,07-通用介入治疗材料,24-血管介入封堵球囊导管,002-球囊类,15-聚合物,019-单腔,002125,血管介入封堵球囊导管,谱高医疗科技(南京)有限公司,,
C0207240021501918594,02-血管介入治疗类材料,07-通用介入治疗材料,24-血管介入封堵球囊导管,002-球囊类,15-聚合物,019-单腔,002125,血管介入封堵球囊导管,为泰医疗器械（深圳）有限公司,,
C0207240021501920582,02-血管介入治疗类材料,07-通用介入治疗材料,24-血管介入封堵球囊导管,002-球囊类,15-聚合物,019-单腔,002125,血管介入封堵球囊导管,上海微密医疗科技有限公司,,
C0207240021502000184,02-血管介入治疗类材料,07-通用介入治疗材料,24-血管介入封堵球囊导管,002-球囊类,15-聚合物,020-双腔,002125,血管介入封堵球囊导管,北京泰杰伟业科技股份有限公司,,
C0207240021502000446,02-血管介入治疗类材料,07-通用介入治疗材料,24-血管介入封堵球囊导管,002-球囊类,15-聚合物,020-双腔,002125,血管介入封堵球囊导管,湖南埃普特医疗器械有限公司,,
C0207240021502000848,02-血管介入治疗类材料,07-通用介入治疗材料,24-血管介入封堵球囊导管,002-球囊类,15-聚合物,020-双腔,002125,血管介入封堵球囊导管,苏州恒瑞迪生医疗科技有限公司,,
C0207240021502002501,02-血管介入治疗类材料,07-通用介入治疗材料,24-血管介入封堵球囊导管,002-球囊类,15-聚合物,020-双腔,002125,血管介入封堵球囊导管,上海微创心脉医疗科技（集团）股 份有限公司,,
C0207240021502003089,02-血管介入治疗类材料,07-通用介入治疗材料,24-血管介入封堵球囊导管,002-球囊类,15-聚合物,020-双腔,002125,血管介入封堵球囊导管,库克（中国）医疗贸易有限公司,,
C0207240021502003600,02-血管介入治疗类材料,07-通用介入治疗材料,24-血管介入封堵球囊导管,002-球囊类,15-聚合物,020-双腔,002125,血管介入封堵球囊导管,巴尔特科贸(北京)有限公司,,
C0207240021502003633,02-血管介入治疗类材料,07-通用介入治疗材料,24-血管介入封堵球囊导管,002-球囊类,15-聚合物,020-双腔,002125,血管介入封堵球囊导管,史赛克（北京）医疗器械有限公司,,
C0207240021502004697,02-血管介入治疗类材料,07-通用介入治疗材料,24-血管介入封堵球囊导管,002-球囊类,15-聚合物,020-双腔,002125,血管介入封堵球囊导管,归创通桥医疗科技股份有限公司,,
C0207240021502005918,02-血管介入治疗类材料,07-通用介入治疗材料,24-血管介入封堵球囊导管,002-球囊类,15-聚合物,020-双腔,002125,血管介入封堵球囊导管,乐脉医疗科技（上海）有限公司,,
C0207240021502009098,02-血管介入治疗类材料,07-通用介入治疗材料,24-血管介入封堵球囊导管,002-球囊类,15-聚合物,020-双腔,002125,血管介入封堵球囊导管,强生（上海）医疗器材有限公司,,
C0207240021502011535,02-血管介入治疗类材料,07-通用介入治疗材料,24-血管介入封堵球囊导管,002-球囊类,15-聚合物,020-双腔,002125,血管介入封堵球囊导管,上海加奇生物科技苏州有限公司,,
C0207240021502011837,02-血管介入治疗类材料,07-通用介入治疗材料,24-血管介入封堵球囊导管,002-球囊类,15-聚合物,020-双腔,002125,血管介入封堵球囊导管,湖南瑞康通科技发展有限公司,,
C0207240021502011851,02-血管介入治疗类材料,07-通用介入治疗材料,24-血管介入封堵球囊导管,002-球囊类,15-聚合物,020-双腔,002125,血管介入封堵球囊导管,上海心玮医疗科技股份有限公司,,
C0207240021502012227,02-血管介入治疗类材料,07-通用介入治疗材料,24-血管介入封堵球囊导管,002-球囊类,15-聚合物,020-双腔,002125,血管介入封堵球囊导管,禾木（中国）生物工程有限公司,,
C0207240021502012339,02-血管介入治疗类材料,07-通用介入治疗材料,24-血管介入封堵球囊导管,002-球囊类,15-聚合物,020-双腔,002125,血管介入封堵球囊导管,心凯诺医疗科技（上海）有限公司,,
C0207240021502012483,02-血管介入治疗类材料,07-通用介入治疗材料,24-血管介入封堵球囊导管,002-球囊类,15-聚合物,020-双腔,002125,血管介入封堵球囊导管,北京微仙医疗科技有限公司,,
C0207240021502012585,02-血管介入治疗类材料,07-通用介入治疗材料,24-血管介入封堵球囊导管,002-球囊类,15-聚合物,020-双腔,002125,血管介入封堵球囊导管,上海沃比医疗科技有限公司,,
C0207240021502012946,02-血管介入治疗类材料,07-通用介入治疗材料,24-血管介入封堵球囊导管,002-球囊类,15-聚合物,020-双腔,002125,血管介入封堵球囊导管,上海璞慧医疗器械有限公司,,
C0207240021502014045,02-血管介入治疗类材料,07-通用介入治疗材料,24-血管介入封堵球囊导管,002-球囊类,15-聚合物,020-双腔,002125,血管介入封堵球囊导管,北京久事神康医疗科技有限公司,,
C0207240021502014610,02-血管介入治疗类材料,07-通用介入治疗材料,24-血管介入封堵球囊导管,002-球囊类,15-聚合物,020-双腔,002125,血管介入封堵球囊导管,深圳美诺微创医疗科技有限公司,,
C0207240021502016211,02-血管介入治疗类材料,07-通用介入治疗材料,24-血管介入封堵球囊导管,002-球囊类,15-聚合物,020-双腔,002125,血管介入封堵球囊导管,北京深瑞达医疗科技有限公司,,
C0207240021502017752,02-血管介入治疗类材料,07-通用介入治疗材料,24-血管介入封堵球囊导管,002-球囊类,15-聚合物,020-双腔,002125,血管介入封堵球囊导管,赛诺神畅医疗科技有限公司,,
C0207240021502017807,02-血管介入治疗类材料,07-通用介入治疗材料,24-血管介入封堵球囊导管,002-球囊类,15-聚合物,020-双腔,002125,血管介入封堵球囊导管,健源医疗科技（无锡）有限公司,,
C0207240021502018513,02-血管介入治疗类材料,07-通用介入治疗材料,24-血管介入封堵球囊导管,002-球囊类,15-聚合物,020-双腔,002125,血管介入封堵球囊导管,成都纽创医疗器械有限公司,,
C0207240021502018579,02-血管介入治疗类材料,07-通用介入治疗材料,24-血管介入封堵球囊导管,002-球囊类,15-聚合物,020-双腔,002125,血管介入封堵球囊导管,常州凯尼特医疗科技有限公司,,
C0207240021502018717,02-血管介入治疗类材料,07-通用介入治疗材料,24-血管介入封堵球囊导管,002-球囊类,15-聚合物,020-双腔,002125,血管介入封堵球囊导管,东莞天天向上医疗科技有限公司,,
C0207240021502019570,02-血管介入治疗类材料,07-通用介入治疗材料,24-血管介入封堵球囊导管,002-球囊类,15-聚合物,020-双腔,002125,血管介入封堵球囊导管,广东博迈元通医疗科技有限公司,,
C0207240021502020537,02-血管介入治疗类材料,07-通用介入治疗材料,24-血管介入封堵球囊导管,002-球囊类,15-聚合物,020-双腔,002125,血管介入封堵球囊导管,杭州亿科医疗科技有限公司,,
C0207240021502020650,02-血管介入治疗类材料,07-通用介入治疗材料,24-血管介入封堵球囊导管,002-球囊类,15-聚合物,020-双腔,002125,血管介入封堵球囊导管,上海英威思医疗科技有限公司,,
C0207240021502020996,02-血管介入治疗类材料,07-通用介入治疗材料,24-血管介入封堵球囊导管,002-球囊类,15-聚合物,020-双腔,002125,血管介入封堵球囊导管,环心医疗科技（苏州）有限公司,,
C0207240021502021248,02-血管介入治疗类材料,07-通用介入治疗材料,24-血管介入封堵球囊导管,002-球囊类,15-聚合物,020-双腔,002125,血管介入封堵球囊导管,神遁医疗科技（上海）有限公司,,
C0207240021502022481,02-血管介入治疗类材料,07-通用介入治疗材料,24-血管介入封堵球囊导管,002-球囊类,15-聚合物,020-双腔,002125,血管介入封堵球囊导管,苏州浩微生物医疗科技有限公司,,
C0207240021502022575,02-血管介入治疗类材料,07-通用介入治疗材料,24-血管介入封堵球囊导管,002-球囊类,15-聚合物,020-双腔,002125,血管介入封堵球囊导管,深圳市先健神康医疗有限公司,,
C0601011331000101391,06-人工器官、组织及配套材 料,01-感觉器官、组织及配套材 料,01-人工耳蜗,133-人工器官类,10-不区分,001-植入体,133001,人工耳蜗（植入体）,领先仿生医疗器械（上海）有限公 司,,
C0601011331000102094,06-人工器官、组织及配套材 料,01-感觉器官、组织及配套材 料,01-人工耳蜗,133-人工器官类,10-不区分,001-植入体,133001,人工耳蜗（植入体）,美笛乐听力植入技术服务（北京） 有限公司,,
C0601011331000104989,06-人工器官、组织及配套材 料,01-感觉器官、组织及配套材 料,01-人工耳蜗,133-人工器官类,10-不区分,001-植入体,133001,人工耳蜗（植入体）,澳科利耳医疗器械（北京）有限公 司,,
C0601011331000105203,06-人工器官、组织及配套材 料,01-感觉器官、组织及配套材 料,01-人工耳蜗,133-人工器官类,10-不区分,001-植入体,133001,人工耳蜗（植入体）,浙江诺尔康神经电子科技股份有限 公司,,
C0601011331000111356,06-人工器官、组织及配套材 料,01-感觉器官、组织及配套材 料,01-人工耳蜗,133-人工器官类,10-不区分,001-植入体,133001,人工耳蜗（植入体）,上海力声特医学科技有限公司,,
C0601011331000119939,06-人工器官、组织及配套材 料,01-感觉器官、组织及配套材 料,01-人工耳蜗,133-人工器官类,10-不区分,001-植入体,133001,人工耳蜗（植入体）,澳科利耳医疗器械（成都）有限公 司,,
C0601011331000120947,06-人工器官、组织及配套材 料,01-感觉器官、组织及配套材 料,01-人工耳蜗,133-人工器官类,10-不区分,001-植入体,133001,人工耳蜗（植入体）,中山大学附属第一医院,,
C0601011331000121569,06-人工器官、组织及配套材 料,01-感觉器官、组织及配套材 料,01-人工耳蜗,133-人工器官类,10-不区分,001-植入体,133001,人工耳蜗（植入体）,中山大学孙逸仙纪念医院,,
C0601011331000121758,06-人工器官、组织及配套材 料,01-感觉器官、组织及配套材 料,01-人工耳蜗,133-人工器官类,10-不区分,001-植入体,133001,人工耳蜗（植入体）,广东省人民医院,,
C0601011331000122618,06-人工器官、组织及配套材 料,01-感觉器官、组织及配套材 料,01-人工耳蜗,133-人工器官类,10-不区分,001-植入体,133001,人工耳蜗（植入体）,海南树兰博鳌医院有限公司,,
C0601011331000122651,06-人工器官、组织及配套材 料,01-感觉器官、组织及配套材 料,01-人工耳蜗,133-人工器官类,10-不区分,001-植入体,133001,人工耳蜗（植入体）,海南博鳌超级医院有限公司,,
C0601011331000123273,06-人工器官、组织及配套材 料,01-感觉器官、组织及配套材 料,01-人工耳蜗,133-人工器官类,10-不区分,001-植入体,133001,人工耳蜗（植入体）,怡然（海南）医院有限公司,,
C0601011331000123727,06-人工器官、组织及配套材 料,01-感觉器官、组织及配套材 料,01-人工耳蜗,133-人工器官类,10-不区分,001-植入体,133001,人工耳蜗（植入体）,上海交通大学医学院附属瑞金医院 海南医院（海南博鳌研究型医院）,,
C0601011331000201391,06-人工器官、组织及配套材 料,01-感觉器官、组织及配套材 料,01-人工耳蜗,133-人工器官类,10-不区分,002-声音处理器,133002,人工耳蜗（声音处理器）,领先仿生医疗器械（上海）有限公 司,,
C0601011331000202094,06-人工器官、组织及配套材 料,01-感觉器官、组织及配套材 料,01-人工耳蜗,133-人工器官类,10-不区分,002-声音处理器,133002,人工耳蜗（声音处理器）,美笛乐听力植入技术服务（北京） 有限公司,,
C0601011331000204989,06-人工器官、组织及配套材 料,01-感觉器官、组织及配套材 料,01-人工耳蜗,133-人工器官类,10-不区分,002-声音处理器,133002,人工耳蜗（声音处理器）,澳科利耳医疗器械（北京）有限公 司,,
C0601011331000205203,06-人工器官、组织及配套材 料,01-感觉器官、组织及配套材 料,01-人工耳蜗,133-人工器官类,10-不区分,002-声音处理器,133002,人工耳蜗（声音处理器）,浙江诺尔康神经电子科技股份有限 公司,,
C0601011331000211356,06-人工器官、组织及配套材 料,01-感觉器官、组织及配套材 料,01-人工耳蜗,133-人工器官类,10-不区分,002-声音处理器,133002,人工耳蜗（声音处理器）,上海力声特医学科技有限公司,,
C0601011331000219939,06-人工器官、组织及配套材 料,01-感觉器官、组织及配套材 料,01-人工耳蜗,133-人工器官类,10-不区分,002-声音处理器,133002,人工耳蜗（声音处理器）,澳科利耳医疗器械（成都）有限公 司,,
C0601011331000220947,06-人工器官、组织及配套材 料,01-感觉器官、组织及配套材 料,01-人工耳蜗,133-人工器官类,10-不区分,002-声音处理器,133002,人工耳蜗（声音处理器）,中山大学附属第一医院,,
C0601011331000221569,06-人工器官、组织及配套材 料,01-感觉器官、组织及配套材 料,01-人工耳蜗,133-人工器官类,10-不区分,002-声音处理器,133002,人工耳蜗（声音处理器）,中山大学孙逸仙纪念医院,,
C0601011331000221758,06-人工器官、组织及配套材 料,01-感觉器官、组织及配套材 料,01-人工耳蜗,133-人工器官类,10-不区分,002-声音处理器,133002,人工耳蜗（声音处理器）,广东省人民医院,,
C0601011331000222618,06-人工器官、组织及配套材 料,01-感觉器官、组织及配套材 料,01-人工耳蜗,133-人工器官类,10-不区分,002-声音处理器,133002,人工耳蜗（声音处理器）,海南树兰博鳌医院有限公司,,
C0601011331000222651,06-人工器官、组织及配套材 料,01-感觉器官、组织及配套材 料,01-人工耳蜗,133-人工器官类,10-不区分,002-声音处理器,133002,人工耳蜗（声音处理器）,海南博鳌超级医院有限公司,,
C0601011331000223273,06-人工器官、组织及配套材 料,01-感觉器官、组织及配套材 料,01-人工耳蜗,133-人工器官类,10-不区分,002-声音处理器,133002,人工耳蜗（声音处理器）,怡然（海南）医院有限公司,,
C0601011331000223727,06-人工器官、组织及配套材 料,01-感觉器官、组织及配套材 料,01-人工耳蜗,133-人工器官类,10-不区分,002-声音处理器,133002,人工耳蜗（声音处理器）,上海交通大学医学院附属瑞金医院 海南医院（海南博鳌研究型医院）,,
C0601021331100002387,06-人工器官、组织及配套材 料,01-感觉器官、组织及配套材 料,02-听小骨假体,133-人工器官类,11-纯钛,000--,133003,听小骨假体,北京龙泰洋健商贸有限公司,,
C0601021331100002481,06-人工器官、组织及配套材 料,01-感觉器官、组织及配套材 料,02-听小骨假体,133-人工器官类,11-纯钛,000--,133003,听小骨假体,保佳力科技（北京）有限公司,,
C0601021331100004254,06-人工器官、组织及配套材 料,01-感觉器官、组织及配套材 料,02-听小骨假体,133-人工器官类,11-纯钛,000--,133003,听小骨假体,美敦力（上海）管理有限公司,,
C0601021331100006236,06-人工器官、组织及配套材 料,01-感觉器官、组织及配套材 料,02-听小骨假体,133-人工器官类,11-纯钛,000--,133003,听小骨假体,上海倡粼医疗器械有限公司,,
C0601021331100019009,06-人工器官、组织及配套材 料,01-感觉器官、组织及配套材 料,02-听小骨假体,133-人工器官类,11-纯钛,000--,133003,听小骨假体,伽俐略（厦门）科技有限公司,,
C0601021331400002638,06-人工器官、组织及配套材 料,01-感觉器官、组织及配套材 料,02-听小骨假体,133-人工器官类,14-合金,000--,133003,听小骨假体,柏为（武汉）医疗科技股份有限公 司,,
C0601021331400004254,06-人工器官、组织及配套材 料,01-感觉器官、组织及配套材 料,02-听小骨假体,133-人工器官类,14-合金,000--,133003,听小骨假体,美敦力（上海）管理有限公司,,
C0601021331600004254,06-人工器官、组织及配套材 料,01-感觉器官、组织及配套材 料,02-听小骨假体,133-人工器官类,16-复合材料,000--,133003,听小骨假体,美敦力（上海）管理有限公司,,
C0601021331600004440,06-人工器官、组织及配套材 料,01-感觉器官、组织及配套材 料,02-听小骨假体,133-人工器官类,16-复合材料,000--,133003,听小骨假体,武汉华威生物材料工程有限公司,,
C0601031331000002094,06-人工器官、组织及配套材 料,01-感觉器官、组织及配套材 料,03-植入式骨导助听器,133-人工器官类,10-不区分,000--,133004,植入式骨导助听器,美笛乐听力植入技术服务（北京） 有限公司,,
C0601041331000102094,06-人工器官、组织及配套材 料,01-感觉器官、组织及配套材 料,04-振动声桥,133-人工器官类,10-不区分,001-植入体,133005,振动声桥（植入体）,美笛乐听力植入技术服务（北京） 有限公司,,
C0601041331000202094,06-人工器官、组织及配套材 料,01-感觉器官、组织及配套材 料,04-振动声桥,133-人工器官类,10-不区分,002-声音处理器,133006,振动声桥（声音处理器）,美笛乐听力植入技术服务（北京） 有限公司,,
C0602021331000302501,06-人工器官、组织及配套材 料,02-血液循环、净化系统人工 器官、组织及配套材料,02-人工血管,133-人工器官类,10-不区分,003-无涂层/分支型,133007,人工血管（分支型）,上海微创心脉医疗科技（集团）股 份有限公司,,
C0602021331000309202,06-人工器官、组织及配套材 料,02-血液循环、净化系统人工 器官、组织及配套材料,02-人工血管,133-人工器官类,10-不区分,003-无涂层/分支型,133007,人工血管（分支型）,戈尔工业品贸易（上海）有限公司,,
C0602021331000313720,06-人工器官、组织及配套材 料,02-血液循环、净化系统人工 器官、组织及配套材料,02-人工血管,133-人工器官类,10-不区分,003-无涂层/分支型,133007,人工血管（分支型）,上海契斯特医疗器械有限公司,,
C0602021331000405686,06-人工器官、组织及配套材 料,02-血液循环、净化系统人工 器官、组织及配套材料,02-人工血管,133-人工器官类,10-不区分,004-无涂层/非分支型,133008,人工血管（非分支型）,迈柯唯（上海）医疗设备有限公司,,
C0602021331000405918,06-人工器官、组织及配套材 料,02-血液循环、净化系统人工 器官、组织及配套材料,02-人工血管,133-人工器官类,10-不区分,004-无涂层/非分支型,133008,人工血管（非分支型）,乐脉医疗科技（上海）有限公司,,
C0602021331000409202,06-人工器官、组织及配套材 料,02-血液循环、净化系统人工 器官、组织及配套材料,02-人工血管,133-人工器官类,10-不区分,004-无涂层/非分支型,133008,人工血管（非分支型）,戈尔工业品贸易（上海）有限公司,,
C0602021331000411618,06-人工器官、组织及配套材 料,02-血液循环、净化系统人工 器官、组织及配套材料,02-人工血管,133-人工器官类,10-不区分,004-无涂层/非分支型,133008,人工血管（非分支型）,克莱立夫（北京）医疗器械有限公 司,,
C0602021331000413720,06-人工器官、组织及配套材 料,02-血液循环、净化系统人工 器官、组织及配套材料,02-人工血管,133-人工器官类,10-不区分,004-无涂层/非分支型,133008,人工血管（非分支型）,上海契斯特医疗器械有限公司,,
C0602021331000423724,06-人工器官、组织及配套材 料,02-血液循环、净化系统人工 器官、组织及配套材料,02-人工血管,133-人工器官类,10-不区分,004-无涂层/非分支型,133008,人工血管（非分支型）,上海畅迪医疗科技有限公司,,
C0602021331000501466,06-人工器官、组织及配套材 料,02-血液循环、净化系统人工 器官、组织及配套材料,02-人工血管,133-人工器官类,10-不区分,005-带涂层/分支型,133007,人工血管（分支型）,北京华脉泰科医疗器械股份有限公 司,,
C0602021331000502501,06-人工器官、组织及配套材 料,02-血液循环、净化系统人工 器官、组织及配套材料,02-人工血管,133-人工器官类,10-不区分,005-带涂层/分支型,133007,人工血管（分支型）,上海微创心脉医疗科技（集团）股 份有限公司,,
C0602021331000503133,06-人工器官、组织及配套材 料,02-血液循环、净化系统人工 器官、组织及配套材料,02-人工血管,133-人工器官类,10-不区分,005-带涂层/分支型,133007,人工血管（分支型）,泰尔茂医疗产品（上海）有限公司,,
C0602021331000505686,06-人工器官、组织及配套材 料,02-血液循环、净化系统人工 器官、组织及配套材料,02-人工血管,133-人工器官类,10-不区分,005-带涂层/分支型,133007,人工血管（分支型）,迈柯唯（上海）医疗设备有限公司,,
C0602021331000518737,06-人工器官、组织及配套材 料,02-血液循环、净化系统人工 器官、组织及配套材料,02-人工血管,133-人工器官类,10-不区分,005-带涂层/分支型,133007,人工血管（分支型）,江苏百优达生命科技有限公司,,
C0602021331000603133,06-人工器官、组织及配套材 料,02-血液循环、净化系统人工 器官、组织及配套材料,02-人工血管,133-人工器官类,10-不区分,006-带涂层/非分支型,133008,人工血管（非分支型）,泰尔茂医疗产品（上海）有限公司,,
C0602021331000605686,06-人工器官、组织及配套材 料,02-血液循环、净化系统人工 器官、组织及配套材料,02-人工血管,133-人工器官类,10-不区分,006-带涂层/非分支型,133008,人工血管（非分支型）,迈柯唯（上海）医疗设备有限公司,,
C0602021331000609202,06-人工器官、组织及配套材 料,02-血液循环、净化系统人工 器官、组织及配套材料,02-人工血管,133-人工器官类,10-不区分,006-带涂层/非分支型,133008,人工血管（非分支型）,戈尔工业品贸易（上海）有限公司,,
C0602021331000610290,06-人工器官、组织及配套材 料,02-血液循环、净化系统人工 器官、组织及配套材料,02-人工血管,133-人工器官类,10-不区分,006-带涂层/非分支型,133008,人工血管（非分支型）,巴德医疗科技（上海）有限公司,,
C0602021331000618737,06-人工器官、组织及配套材 料,02-血液循环、净化系统人工 器官、组织及配套材料,02-人工血管,133-人工器官类,10-不区分,006-带涂层/非分支型,133008,人工血管（非分支型）,江苏百优达生命科技有限公司,,
C0603021331000001530,06-人工器官、组织及配套材 料,03-呼吸系统人工器官、组织 及配套材料,02-植入式人工喉,133-人工器官类,10-不区分,000--,133009,植入式人工喉,广州东合伟信医疗科技发展有限公 司,,
C0603021331000006535,06-人工器官、组织及配套材 料,03-呼吸系统人工器官、组织 及配套材料,02-植入式人工喉,133-人工器官类,10-不区分,000--,133009,植入式人工喉,康乐保（中国）医疗用品有限公司,,
C0604011331000011325,06-人工器官、组织及配套材 料,04-泌尿系统人工器官、组织 及配套材料,01-尿路控制系统,133-人工器官类,10-不区分,000--,133010,尿路控制系统,波科国际医疗贸易（上海）有限公 司,,
C0605011331000007747,06-人工器官、组织及配套材 料,05-生殖系统人工器官、组织 及配套材料,01-人工阴茎假体,133-人工器官类,10-不区分,000--,133011,人工阴茎假体,上海依红科技工程有限公司,,
C0605011331000011325,06-人工器官、组织及配套材 料,05-生殖系统人工器官、组织 及配套材料,01-人工阴茎假体,133-人工器官类,10-不区分,000--,133011,人工阴茎假体,波科国际医疗贸易（上海）有限公 司,,
C0606030371000709098,06-人工器官、组织及配套材 料,06-其他人工器官、组织及配 套材料,03-软组织扩张器,037-扩张器类,10-不区分,007-乳房,037001,软组织扩张器,强生（上海）医疗器材有限公司,,
C0606030371000801827,06-人工器官、组织及配套材 料,06-其他人工器官、组织及配 套材料,03-软组织扩张器,037-扩张器类,10-不区分,008-皮肤,037001,软组织扩张器,余姚市久盛医疗用品厂,,
C0607011351000901827,06-人工器官、组织及配套材 料,07-人体器官、组织填充材料,01-乳房填充物,135-填充材料类,10-不区分,009-圆形/毛面,135001,乳房填充物,余姚市久盛医疗用品厂,,
C0607011351000904314,06-人工器官、组织及配套材 料,07-人体器官、组织填充材料,01-乳房填充物,135-填充材料类,10-不区分,009-圆形/毛面,135001,乳房填充物,广州市万和整形材料有限公司,,
C0607011351000907721,06-人工器官、组织及配套材 料,07-人体器官、组织填充材料,01-乳房填充物,135-填充材料类,10-不区分,009-圆形/毛面,135001,乳房填充物,上海东月医疗保健用品有限公司,,
C0607011351000909098,06-人工器官、组织及配套材 料,07-人体器官、组织填充材料,01-乳房填充物,135-填充材料类,10-不区分,009-圆形/毛面,135001,乳房填充物,强生（上海）医疗器材有限公司,,
C0607011351000914526,06-人工器官、组织及配套材 料,07-人体器官、组织填充材料,01-乳房填充物,135-填充材料类,10-不区分,009-圆形/毛面,135001,乳房填充物,上海康奥医疗科技有限公司,,
C0607011351001001827,06-人工器官、组织及配套材 料,07-人体器官、组织填充材料,01-乳房填充物,135-填充材料类,10-不区分,010-圆形/光面,135001,乳房填充物,余姚市久盛医疗用品厂,,
C0607011351001004314,06-人工器官、组织及配套材 料,07-人体器官、组织填充材料,01-乳房填充物,135-填充材料类,10-不区分,010-圆形/光面,135001,乳房填充物,广州市万和整形材料有限公司,,
C0607011351001009098,06-人工器官、组织及配套材 料,07-人体器官、组织填充材料,01-乳房填充物,135-填充材料类,10-不区分,010-圆形/光面,135001,乳房填充物,强生（上海）医疗器材有限公司,,
C0607011351001014526,06-人工器官、组织及配套材 料,07-人体器官、组织填充材料,01-乳房填充物,135-填充材料类,10-不区分,010-圆形/光面,135001,乳房填充物,上海康奥医疗科技有限公司,,
C0607011351001023071,06-人工器官、组织及配套材 料,07-人体器官、组织填充材料,01-乳房填充物,135-填充材料类,10-不区分,010-圆形/光面,135001,乳房填充物,北京梦萦医疗器材有限公司,,
C0607011351001101827,06-人工器官、组织及配套材 料,07-人体器官、组织填充材料,01-乳房填充物,135-填充材料类,10-不区分,011-解剖（自然）型/毛面,135001,乳房填充物,余姚市久盛医疗用品厂,,
C0607011351001104314,06-人工器官、组织及配套材 料,07-人体器官、组织填充材料,01-乳房填充物,135-填充材料类,10-不区分,011-解剖（自然）型/毛面,135001,乳房填充物,广州市万和整形材料有限公司,,
C0607011351001106614,06-人工器官、组织及配套材 料,07-人体器官、组织填充材料,01-乳房填充物,135-填充材料类,10-不区分,011-解剖（自然）型/毛面,135001,乳房填充物,上海威宁整形制品有限公司,,
C0607011351001109098,06-人工器官、组织及配套材 料,07-人体器官、组织填充材料,01-乳房填充物,135-填充材料类,10-不区分,011-解剖（自然）型/毛面,135001,乳房填充物,强生（上海）医疗器材有限公司,,
C0607011351001114526,06-人工器官、组织及配套材 料,07-人体器官、组织填充材料,01-乳房填充物,135-填充材料类,10-不区分,011-解剖（自然）型/毛面,135001,乳房填充物,上海康奥医疗科技有限公司,,
C0607021351000001990,06-人工器官、组织及配套材 料,07-人体器官、组织填充材料,02-耳廓填充物,135-填充材料类,10-不区分,000--,135002,耳廓填充物,上海申旭仪器有限公司,,
C0607021351000003633,06-人工器官、组织及配套材 料,07-人体器官、组织填充材料,02-耳廓填充物,135-填充材料类,10-不区分,000--,135002,耳廓填充物,史赛克（北京）医疗器械有限公司,,
C0607061351000001827,06-人工器官、组织及配套材 料,07-人体器官、组织填充材料,06-鼻假体填充物,135-填充材料类,10-不区分,000--,135003,鼻假体填充物,余姚市久盛医疗用品厂,,
C0607061351000007721,06-人工器官、组织及配套材 料,07-人体器官、组织填充材料,06-鼻假体填充物,135-填充材料类,10-不区分,000--,135003,鼻假体填充物,上海东月医疗保健用品有限公司,,
C1101011721000100013,11-吻（缝）合器及附件,01-开放及微创手术通用吻 （缝）合器及附件,01-管型吻合器,172-吻合器类,10-不区分,001-一次性使用/手动,172001,管型吻合器（一次性使用/手 动）,常州安康医疗器械有限公司,,
C1101011721000100680,11-吻（缝）合器及附件,01-开放及微创手术通用吻 （缝）合器及附件,01-管型吻合器,172-吻合器类,10-不区分,001-一次性使用/手动,172001,管型吻合器（一次性使用/手 动）,奥亿康医疗科技无锡有限公司,,
C1101011721000100841,11-吻（缝）合器及附件,01-开放及微创手术通用吻 （缝）合器及附件,01-管型吻合器,172-吻合器类,10-不区分,001-一次性使用/手动,172001,管型吻合器（一次性使用/手 动）,苏州法兰克曼医疗器械有限公司,,
C1101011721000100942,11-吻（缝）合器及附件,01-开放及微创手术通用吻 （缝）合器及附件,01-管型吻合器,172-吻合器类,10-不区分,001-一次性使用/手动,172001,管型吻合器（一次性使用/手 动）,无锡市宇寿医疗器械有限公司,,
C1101011721000100943,11-吻（缝）合器及附件,01-开放及微创手术通用吻 （缝）合器及附件,01-管型吻合器,172-吻合器类,10-不区分,001-一次性使用/手动,172001,管型吻合器（一次性使用/手 动）,天津瑞奇外科器械股份有限公司,,
C1101011721000100977,11-吻（缝）合器及附件,01-开放及微创手术通用吻 （缝）合器及附件,01-管型吻合器,172-吻合器类,10-不区分,001-一次性使用/手动,172001,管型吻合器（一次性使用/手 动）,施爱德（厦门）医疗器材有限公司,,
C1101011721000101105,11-吻（缝）合器及附件,01-开放及微创手术通用吻 （缝）合器及附件,01-管型吻合器,172-吻合器类,10-不区分,001-一次性使用/手动,172001,管型吻合器（一次性使用/手 动）,常州贺利氏微创医疗器械有限公司,,
C1101011721000101174,11-吻（缝）合器及附件,01-开放及微创手术通用吻 （缝）合器及附件,01-管型吻合器,172-吻合器类,10-不区分,001-一次性使用/手动,172001,管型吻合器（一次性使用/手 动）,上海迈诺仕医疗器械有限公司,,
C1101011721000101321,11-吻（缝）合器及附件,01-开放及微创手术通用吻 （缝）合器及附件,01-管型吻合器,172-吻合器类,10-不区分,001-一次性使用/手动,172001,管型吻合器（一次性使用/手 动）,江苏华夏医疗器械有限公司,,
C1101011721000101458,11-吻（缝）合器及附件,01-开放及微创手术通用吻 （缝）合器及附件,01-管型吻合器,172-吻合器类,10-不区分,001-一次性使用/手动,172001,管型吻合器（一次性使用/手 动）,无锡贝恩外科器械有限公司,,
C1101011721000101564,11-吻（缝）合器及附件,01-开放及微创手术通用吻 （缝）合器及附件,01-管型吻合器,172-吻合器类,10-不区分,001-一次性使用/手动,172001,管型吻合器（一次性使用/手 动）,江苏三联星海医疗器械有限公司,,
C1101011721000101600,11-吻（缝）合器及附件,01-开放及微创手术通用吻 （缝）合器及附件,01-管型吻合器,172-吻合器类,10-不区分,001-一次性使用/手动,172001,管型吻合器（一次性使用/手 动）,常州市久成电子设备有限公司,,
C1101011721000101933,11-吻（缝）合器及附件,01-开放及微创手术通用吻 （缝）合器及附件,01-管型吻合器,172-吻合器类,10-不区分,001-一次性使用/手动,172001,管型吻合器（一次性使用/手 动）,安徽国泰国瑞医疗科技有限公司,,
C1101011721000101959,11-吻（缝）合器及附件,01-开放及微创手术通用吻 （缝）合器及附件,01-管型吻合器,172-吻合器类,10-不区分,001-一次性使用/手动,172001,管型吻合器（一次性使用/手 动）,江苏博朗森思医疗器械有限公司,,
C1101011721000102088,11-吻（缝）合器及附件,01-开放及微创手术通用吻 （缝）合器及附件,01-管型吻合器,172-吻合器类,10-不区分,001-一次性使用/手动,172001,管型吻合器（一次性使用/手 动）,苏州贝诺医疗器械有限公司,,
C1101011721000102176,11-吻（缝）合器及附件,01-开放及微创手术通用吻 （缝）合器及附件,01-管型吻合器,172-吻合器类,10-不区分,001-一次性使用/手动,172001,管型吻合器（一次性使用/手 动）,无锡东峰怡和科技发展有限公司,,
C1101011721000102228,11-吻（缝）合器及附件,01-开放及微创手术通用吻 （缝）合器及附件,01-管型吻合器,172-吻合器类,10-不区分,001-一次性使用/手动,172001,管型吻合器（一次性使用/手 动）,常州科峰医疗科技有限公司,,
C1101011721000102275,11-吻（缝）合器及附件,01-开放及微创手术通用吻 （缝）合器及附件,01-管型吻合器,172-吻合器类,10-不区分,001-一次性使用/手动,172001,管型吻合器（一次性使用/手 动）,江苏特普优微创医疗科技有限公司,,
C1101011721000102326,11-吻（缝）合器及附件,01-开放及微创手术通用吻 （缝）合器及附件,01-管型吻合器,172-吻合器类,10-不区分,001-一次性使用/手动,172001,管型吻合器（一次性使用/手 动）,常州创捷微创医疗器械有限公司,,
C1101011721000102412,11-吻（缝）合器及附件,01-开放及微创手术通用吻 （缝）合器及附件,01-管型吻合器,172-吻合器类,10-不区分,001-一次性使用/手动,172001,管型吻合器（一次性使用/手 动）,常州生物医学工程有限公司,,
C1101011721000102486,11-吻（缝）合器及附件,01-开放及微创手术通用吻 （缝）合器及附件,01-管型吻合器,172-吻合器类,10-不区分,001-一次性使用/手动,172001,管型吻合器（一次性使用/手 动）,河南省驼人医疗科技有限公司,,
C1101011721000102494,11-吻（缝）合器及附件,01-开放及微创手术通用吻 （缝）合器及附件,01-管型吻合器,172-吻合器类,10-不区分,001-一次性使用/手动,172001,管型吻合器（一次性使用/手 动）,北京天助畅运医疗技术股份有限公 司,,
C1101011721000102573,11-吻（缝）合器及附件,01-开放及微创手术通用吻 （缝）合器及附件,01-管型吻合器,172-吻合器类,10-不区分,001-一次性使用/手动,172001,管型吻合器（一次性使用/手 动）,普瑞斯星（常州）医疗器械有限公 司,,
C1101011721000102600,11-吻（缝）合器及附件,01-开放及微创手术通用吻 （缝）合器及附件,01-管型吻合器,172-吻合器类,10-不区分,001-一次性使用/手动,172001,管型吻合器（一次性使用/手 动）,重庆西山科技股份有限公司,,
C1101011721000102601,11-吻（缝）合器及附件,01-开放及微创手术通用吻 （缝）合器及附件,01-管型吻合器,172-吻合器类,10-不区分,001-一次性使用/手动,172001,管型吻合器（一次性使用/手 动）,常州洛克曼医疗器械有限公司,,
C1101011721000102707,11-吻（缝）合器及附件,01-开放及微创手术通用吻 （缝）合器及附件,01-管型吻合器,172-吻合器类,10-不区分,001-一次性使用/手动,172001,管型吻合器（一次性使用/手 动）,常州安克医疗科技有限公司,,
C1101011721000102762,11-吻（缝）合器及附件,01-开放及微创手术通用吻 （缝）合器及附件,01-管型吻合器,172-吻合器类,10-不区分,001-一次性使用/手动,172001,管型吻合器（一次性使用/手 动）,河北瑞诺医疗器械股份有限公司,,
C1101011721000102776,11-吻（缝）合器及附件,01-开放及微创手术通用吻 （缝）合器及附件,01-管型吻合器,172-吻合器类,10-不区分,001-一次性使用/手动,172001,管型吻合器（一次性使用/手 动）,江苏钱璟医疗器械有限公司,,
C1101011721000102842,11-吻（缝）合器及附件,01-开放及微创手术通用吻 （缝）合器及附件,01-管型吻合器,172-吻合器类,10-不区分,001-一次性使用/手动,172001,管型吻合器（一次性使用/手 动）,江苏瑞安贝医疗器械有限公司,,
C1101011721000103052,11-吻（缝）合器及附件,01-开放及微创手术通用吻 （缝）合器及附件,01-管型吻合器,172-吻合器类,10-不区分,001-一次性使用/手动,172001,管型吻合器（一次性使用/手 动）,杭州申科医疗器械有限公司,,
C1101011721000103237,11-吻（缝）合器及附件,01-开放及微创手术通用吻 （缝）合器及附件,01-管型吻合器,172-吻合器类,10-不区分,001-一次性使用/手动,172001,管型吻合器（一次性使用/手 动）,宝玛医疗科技（无锡）有限公司,,
C1101011721000103365,11-吻（缝）合器及附件,01-开放及微创手术通用吻 （缝）合器及附件,01-管型吻合器,172-吻合器类,10-不区分,001-一次性使用/手动,172001,管型吻合器（一次性使用/手 动）,上海迈思强医疗器械有限公司,,
C1101011721000103370,11-吻（缝）合器及附件,01-开放及微创手术通用吻 （缝）合器及附件,01-管型吻合器,172-吻合器类,10-不区分,001-一次性使用/手动,172001,管型吻合器（一次性使用/手 动）,泰戈斯医疗器械（江苏）有限公司,,
C1101011721000103585,11-吻（缝）合器及附件,01-开放及微创手术通用吻 （缝）合器及附件,01-管型吻合器,172-吻合器类,10-不区分,001-一次性使用/手动,172001,管型吻合器（一次性使用/手 动）,常州市微凯医疗科技有限公司,,
C1101011721000103595,11-吻（缝）合器及附件,01-开放及微创手术通用吻 （缝）合器及附件,01-管型吻合器,172-吻合器类,10-不区分,001-一次性使用/手动,172001,管型吻合器（一次性使用/手 动）,杭州圣石科技股份有限公司,,
C1101011721000103675,11-吻（缝）合器及附件,01-开放及微创手术通用吻 （缝）合器及附件,01-管型吻合器,172-吻合器类,10-不区分,001-一次性使用/手动,172001,管型吻合器（一次性使用/手 动）,江苏海泽医疗科技发展有限公司,,
C1101011721000103800,11-吻（缝）合器及附件,01-开放及微创手术通用吻 （缝）合器及附件,01-管型吻合器,172-吻合器类,10-不区分,001-一次性使用/手动,172001,管型吻合器（一次性使用/手 动）,河北诺盛科创生物科技有限公司,,
C1101011721000104021,11-吻（缝）合器及附件,01-开放及微创手术通用吻 （缝）合器及附件,01-管型吻合器,172-吻合器类,10-不区分,001-一次性使用/手动,172001,管型吻合器（一次性使用/手 动）,无锡市瑞源普斯医疗器械有限公司,,
C1101011721000104119,11-吻（缝）合器及附件,01-开放及微创手术通用吻 （缝）合器及附件,01-管型吻合器,172-吻合器类,10-不区分,001-一次性使用/手动,172001,管型吻合器（一次性使用/手 动）,盈甲医疗器械制造（上海）有限公 司,,
C1101011721000104330,11-吻（缝）合器及附件,01-开放及微创手术通用吻 （缝）合器及附件,01-管型吻合器,172-吻合器类,10-不区分,001-一次性使用/手动,172001,管型吻合器（一次性使用/手 动）,常州市迈迪医疗器械有限公司,,
C1101011721000104389,11-吻（缝）合器及附件,01-开放及微创手术通用吻 （缝）合器及附件,01-管型吻合器,172-吻合器类,10-不区分,001-一次性使用/手动,172001,管型吻合器（一次性使用/手 动）,威海威高富森医用材料有限公司,,
C1101011721000104638,11-吻（缝）合器及附件,01-开放及微创手术通用吻 （缝）合器及附件,01-管型吻合器,172-吻合器类,10-不区分,001-一次性使用/手动,172001,管型吻合器（一次性使用/手 动）,常州威克医疗器械有限公司,,
C1101011721000104690,11-吻（缝）合器及附件,01-开放及微创手术通用吻 （缝）合器及附件,01-管型吻合器,172-吻合器类,10-不区分,001-一次性使用/手动,172001,管型吻合器（一次性使用/手 动）,常州纳森医疗器械有限公司,,
C1101011721000105107,11-吻（缝）合器及附件,01-开放及微创手术通用吻 （缝）合器及附件,01-管型吻合器,172-吻合器类,10-不区分,001-一次性使用/手动,172001,管型吻合器（一次性使用/手 动）,常州市新能源吻合器总厂有限公司,,
C1101011721000106224,11-吻（缝）合器及附件,01-开放及微创手术通用吻 （缝）合器及附件,01-管型吻合器,172-吻合器类,10-不区分,001-一次性使用/手动,172001,管型吻合器（一次性使用/手 动）,江苏风和医疗器材股份有限公司,,
C1101011721000106352,11-吻（缝）合器及附件,01-开放及微创手术通用吻 （缝）合器及附件,01-管型吻合器,172-吻合器类,10-不区分,001-一次性使用/手动,172001,管型吻合器（一次性使用/手 动）,江苏通达医疗器械有限公司,,
C1101011721000106410,11-吻（缝）合器及附件,01-开放及微创手术通用吻 （缝）合器及附件,01-管型吻合器,172-吻合器类,10-不区分,001-一次性使用/手动,172001,管型吻合器（一次性使用/手 动）,常州华森医疗器械股份有限公司,,
C1101011721000106452,11-吻（缝）合器及附件,01-开放及微创手术通用吻 （缝）合器及附件,01-管型吻合器,172-吻合器类,10-不区分,001-一次性使用/手动,172001,管型吻合器（一次性使用/手 动）,无锡市神康医疗器械设备有限公司,,
C1101011721000106512,11-吻（缝）合器及附件,01-开放及微创手术通用吻 （缝）合器及附件,01-管型吻合器,172-吻合器类,10-不区分,001-一次性使用/手动,172001,管型吻合器（一次性使用/手 动）,柯惠医疗器材制造（上海）有限公 司,,
C1101011721000106618,11-吻（缝）合器及附件,01-开放及微创手术通用吻 （缝）合器及附件,01-管型吻合器,172-吻合器类,10-不区分,001-一次性使用/手动,172001,管型吻合器（一次性使用/手 动）,江苏健瑞宝医疗科技股份有限公司,,
C1101011721000106759,11-吻（缝）合器及附件,01-开放及微创手术通用吻 （缝）合器及附件,01-管型吻合器,172-吻合器类,10-不区分,001-一次性使用/手动,172001,管型吻合器（一次性使用/手 动）,宁波维尔凯迪医疗器械有限公司,,
C1101011721000106823,11-吻（缝）合器及附件,01-开放及微创手术通用吻 （缝）合器及附件,01-管型吻合器,172-吻合器类,10-不区分,001-一次性使用/手动,172001,管型吻合器（一次性使用/手 动）,柯惠医疗器材国际贸易（上海）有 限公司,,
C1101011721000106855,11-吻（缝）合器及附件,01-开放及微创手术通用吻 （缝）合器及附件,01-管型吻合器,172-吻合器类,10-不区分,001-一次性使用/手动,172001,管型吻合器（一次性使用/手 动）,山东威瑞外科医用制品有限公司,,
C1101011721000106894,11-吻（缝）合器及附件,01-开放及微创手术通用吻 （缝）合器及附件,01-管型吻合器,172-吻合器类,10-不区分,001-一次性使用/手动,172001,管型吻合器（一次性使用/手 动）,南京迈迪欣医疗器械有限公司,,
C1101011721000106962,11-吻（缝）合器及附件,01-开放及微创手术通用吻 （缝）合器及附件,01-管型吻合器,172-吻合器类,10-不区分,001-一次性使用/手动,172001,管型吻合器（一次性使用/手 动）,浙江天松医疗器械股份有限公司,,
C1101011721000107013,11-吻（缝）合器及附件,01-开放及微创手术通用吻 （缝）合器及附件,01-管型吻合器,172-吻合器类,10-不区分,001-一次性使用/手动,172001,管型吻合器（一次性使用/手 动）,无锡市舒康医疗器械有限公司,,
C1101011721000107030,11-吻（缝）合器及附件,01-开放及微创手术通用吻 （缝）合器及附件,01-管型吻合器,172-吻合器类,10-不区分,001-一次性使用/手动,172001,管型吻合器（一次性使用/手 动）,江苏凯尔特医疗科技有限公司,,
C1101011721000107079,11-吻（缝）合器及附件,01-开放及微创手术通用吻 （缝）合器及附件,01-管型吻合器,172-吻合器类,10-不区分,001-一次性使用/手动,172001,管型吻合器（一次性使用/手 动）,常州同创医疗器械科技有限公司,,
C1101011721000107185,11-吻（缝）合器及附件,01-开放及微创手术通用吻 （缝）合器及附件,01-管型吻合器,172-吻合器类,10-不区分,001-一次性使用/手动,172001,管型吻合器（一次性使用/手 动）,常州伊沃特医疗器械有限公司,,
C1101011721000107197,11-吻（缝）合器及附件,01-开放及微创手术通用吻 （缝）合器及附件,01-管型吻合器,172-吻合器类,10-不区分,001-一次性使用/手动,172001,管型吻合器（一次性使用/手 动）,常州海尔斯医疗器械科技有限公司,,
C1101011721000107284,11-吻（缝）合器及附件,01-开放及微创手术通用吻 （缝）合器及附件,01-管型吻合器,172-吻合器类,10-不区分,001-一次性使用/手动,172001,管型吻合器（一次性使用/手 动）,微至（苏州）医疗科技有限公司,,
C1101011721000107341,11-吻（缝）合器及附件,01-开放及微创手术通用吻 （缝）合器及附件,01-管型吻合器,172-吻合器类,10-不区分,001-一次性使用/手动,172001,管型吻合器（一次性使用/手 动）,无锡博康医疗器械有限公司,,
C1101011721000107429,11-吻（缝）合器及附件,01-开放及微创手术通用吻 （缝）合器及附件,01-管型吻合器,172-吻合器类,10-不区分,001-一次性使用/手动,172001,管型吻合器（一次性使用/手 动）,天臣国际医疗科技股份有限公司,,
C1101011721000107507,11-吻（缝）合器及附件,01-开放及微创手术通用吻 （缝）合器及附件,01-管型吻合器,172-吻合器类,10-不区分,001-一次性使用/手动,172001,管型吻合器（一次性使用/手 动）,北京博辉瑞进生物科技有限公司,,
C1101011721000107722,11-吻（缝）合器及附件,01-开放及微创手术通用吻 （缝）合器及附件,01-管型吻合器,172-吻合器类,10-不区分,001-一次性使用/手动,172001,管型吻合器（一次性使用/手 动）,常州瑞索斯医疗设备有限公司,,
C1101011721000107805,11-吻（缝）合器及附件,01-开放及微创手术通用吻 （缝）合器及附件,01-管型吻合器,172-吻合器类,10-不区分,001-一次性使用/手动,172001,管型吻合器（一次性使用/手 动）,湖南豌豆医疗用品有限公司,,
C1101011721000108019,11-吻（缝）合器及附件,01-开放及微创手术通用吻 （缝）合器及附件,01-管型吻合器,172-吻合器类,10-不区分,001-一次性使用/手动,172001,管型吻合器（一次性使用/手 动）,江苏瑞普医疗器械科技有限公司,,
C1101011721000108284,11-吻（缝）合器及附件,01-开放及微创手术通用吻 （缝）合器及附件,01-管型吻合器,172-吻合器类,10-不区分,001-一次性使用/手动,172001,管型吻合器（一次性使用/手 动）,泰州市恩良医疗器械设备厂,,
C1101011721000108340,11-吻（缝）合器及附件,01-开放及微创手术通用吻 （缝）合器及附件,01-管型吻合器,172-吻合器类,10-不区分,001-一次性使用/手动,172001,管型吻合器（一次性使用/手 动）,振德医疗用品股份有限公司,,
C1101011721000108414,11-吻（缝）合器及附件,01-开放及微创手术通用吻 （缝）合器及附件,01-管型吻合器,172-吻合器类,10-不区分,001-一次性使用/手动,172001,管型吻合器（一次性使用/手 动）,北京派尔特医疗科技股份有限公司,,
C1101011721000108471,11-吻（缝）合器及附件,01-开放及微创手术通用吻 （缝）合器及附件,01-管型吻合器,172-吻合器类,10-不区分,001-一次性使用/手动,172001,管型吻合器（一次性使用/手 动）,江苏明朗医疗器械科技有限公司,,
C1101011721000108486,11-吻（缝）合器及附件,01-开放及微创手术通用吻 （缝）合器及附件,01-管型吻合器,172-吻合器类,10-不区分,001-一次性使用/手动,172001,管型吻合器（一次性使用/手 动）,浙江格宜医疗器械有限公司,,
C1101011721000108631,11-吻（缝）合器及附件,01-开放及微创手术通用吻 （缝）合器及附件,01-管型吻合器,172-吻合器类,10-不区分,001-一次性使用/手动,172001,管型吻合器（一次性使用/手 动）,河南省健琪医疗器械有限公司,,
C1101011721000108889,11-吻（缝）合器及附件,01-开放及微创手术通用吻 （缝）合器及附件,01-管型吻合器,172-吻合器类,10-不区分,001-一次性使用/手动,172001,管型吻合器（一次性使用/手 动）,湖南康呈医疗科技有限公司,,
C1101011721000109051,11-吻（缝）合器及附件,01-开放及微创手术通用吻 （缝）合器及附件,01-管型吻合器,172-吻合器类,10-不区分,001-一次性使用/手动,172001,管型吻合器（一次性使用/手 动）,江苏冠创医疗科技有限公司,,
C1101011721000109071,11-吻（缝）合器及附件,01-开放及微创手术通用吻 （缝）合器及附件,01-管型吻合器,172-吻合器类,10-不区分,001-一次性使用/手动,172001,管型吻合器（一次性使用/手 动）,江苏泓正医疗科技有限公司,,
C1101011721000109098,11-吻（缝）合器及附件,01-开放及微创手术通用吻 （缝）合器及附件,01-管型吻合器,172-吻合器类,10-不区分,001-一次性使用/手动,172001,管型吻合器（一次性使用/手 动）,强生（上海）医疗器材有限公司,,
C1101011721000109495,11-吻（缝）合器及附件,01-开放及微创手术通用吻 （缝）合器及附件,01-管型吻合器,172-吻合器类,10-不区分,001-一次性使用/手动,172001,管型吻合器（一次性使用/手 动）,常州医疗器材总厂股份有限公司,,
C1101011721000109550,11-吻（缝）合器及附件,01-开放及微创手术通用吻 （缝）合器及附件,01-管型吻合器,172-吻合器类,10-不区分,001-一次性使用/手动,172001,管型吻合器（一次性使用/手 动）,江苏臣诺医疗器械有限公司,,
C1101011721000109709,11-吻（缝）合器及附件,01-开放及微创手术通用吻 （缝）合器及附件,01-管型吻合器,172-吻合器类,10-不区分,001-一次性使用/手动,172001,管型吻合器（一次性使用/手 动）,常州市海达医疗器械有限公司,,
C1101011721000109820,11-吻（缝）合器及附件,01-开放及微创手术通用吻 （缝）合器及附件,01-管型吻合器,172-吻合器类,10-不区分,001-一次性使用/手动,172001,管型吻合器（一次性使用/手 动）,常州市智业医疗仪器研究所有限公 司,,
C1101011721000109869,11-吻（缝）合器及附件,01-开放及微创手术通用吻 （缝）合器及附件,01-管型吻合器,172-吻合器类,10-不区分,001-一次性使用/手动,172001,管型吻合器（一次性使用/手 动）,江苏芸众医疗科技有限公司,,
C1101011721000109927,11-吻（缝）合器及附件,01-开放及微创手术通用吻 （缝）合器及附件,01-管型吻合器,172-吻合器类,10-不区分,001-一次性使用/手动,172001,管型吻合器（一次性使用/手 动）,湖北瑞沃医药材料有限公司,,
C1101011721000109979,11-吻（缝）合器及附件,01-开放及微创手术通用吻 （缝）合器及附件,01-管型吻合器,172-吻合器类,10-不区分,001-一次性使用/手动,172001,管型吻合器（一次性使用/手 动）,上海逸思医疗科技股份有限公司,,
C1101011721000110084,11-吻（缝）合器及附件,01-开放及微创手术通用吻 （缝）合器及附件,01-管型吻合器,172-吻合器类,10-不区分,001-一次性使用/手动,172001,管型吻合器（一次性使用/手 动）,宁波海泰科迈医疗器械有限公司,,
C1101011721000110088,11-吻（缝）合器及附件,01-开放及微创手术通用吻 （缝）合器及附件,01-管型吻合器,172-吻合器类,10-不区分,001-一次性使用/手动,172001,管型吻合器（一次性使用/手 动）,青岛中惠圣熙生物工程有限公司,,
C1101011721000110203,11-吻（缝）合器及附件,01-开放及微创手术通用吻 （缝）合器及附件,01-管型吻合器,172-吻合器类,10-不区分,001-一次性使用/手动,172001,管型吻合器（一次性使用/手 动）,普瑞德医疗器械科技江苏有限公司,,
C1101011721000110208,11-吻（缝）合器及附件,01-开放及微创手术通用吻 （缝）合器及附件,01-管型吻合器,172-吻合器类,10-不区分,001-一次性使用/手动,172001,管型吻合器（一次性使用/手 动）,杭州康基医疗器械有限公司,,
C1101011721000110236,11-吻（缝）合器及附件,01-开放及微创手术通用吻 （缝）合器及附件,01-管型吻合器,172-吻合器类,10-不区分,001-一次性使用/手动,172001,管型吻合器（一次性使用/手 动）,湖南三瑞生物科技有限责任公司,,
C1101011721000110320,11-吻（缝）合器及附件,01-开放及微创手术通用吻 （缝）合器及附件,01-管型吻合器,172-吻合器类,10-不区分,001-一次性使用/手动,172001,管型吻合器（一次性使用/手 动）,联合微创医疗器械（深圳）有限公 司,,
C1101011721000110372,11-吻（缝）合器及附件,01-开放及微创手术通用吻 （缝）合器及附件,01-管型吻合器,172-吻合器类,10-不区分,001-一次性使用/手动,172001,管型吻合器（一次性使用/手 动）,逸思（苏州）医疗科技有限公司,,
C1101011721000110394,11-吻（缝）合器及附件,01-开放及微创手术通用吻 （缝）合器及附件,01-管型吻合器,172-吻合器类,10-不区分,001-一次性使用/手动,172001,管型吻合器（一次性使用/手 动）,重庆迈科唯医疗科技有限公司,,
C1101011721000110420,11-吻（缝）合器及附件,01-开放及微创手术通用吻 （缝）合器及附件,01-管型吻合器,172-吻合器类,10-不区分,001-一次性使用/手动,172001,管型吻合器（一次性使用/手 动）,常州市康迪医用吻合器有限公司,,
C1101011721000110562,11-吻（缝）合器及附件,01-开放及微创手术通用吻 （缝）合器及附件,01-管型吻合器,172-吻合器类,10-不区分,001-一次性使用/手动,172001,管型吻合器（一次性使用/手 动）,南京嘉威医疗器械有限责任公司,,
C1101011721000110602,11-吻（缝）合器及附件,01-开放及微创手术通用吻 （缝）合器及附件,01-管型吻合器,172-吻合器类,10-不区分,001-一次性使用/手动,172001,管型吻合器（一次性使用/手 动）,常州智力微创医疗器械有限公司,,
C1101011721000110705,11-吻（缝）合器及附件,01-开放及微创手术通用吻 （缝）合器及附件,01-管型吻合器,172-吻合器类,10-不区分,001-一次性使用/手动,172001,管型吻合器（一次性使用/手 动）,河南盛华医疗器械有限公司,,
C1101011721000111155,11-吻（缝）合器及附件,01-开放及微创手术通用吻 （缝）合器及附件,01-管型吻合器,172-吻合器类,10-不区分,001-一次性使用/手动,172001,管型吻合器（一次性使用/手 动）,欣瑞德（江苏）医疗科技有限公司,,
C1101011721000111178,11-吻（缝）合器及附件,01-开放及微创手术通用吻 （缝）合器及附件,01-管型吻合器,172-吻合器类,10-不区分,001-一次性使用/手动,172001,管型吻合器（一次性使用/手 动）,北京普润医疗器械有限公司,,
C1101011721000111352,11-吻（缝）合器及附件,01-开放及微创手术通用吻 （缝）合器及附件,01-管型吻合器,172-吻合器类,10-不区分,001-一次性使用/手动,172001,管型吻合器（一次性使用/手 动）,苏州朗特斯医疗科技有限公司,,
C1101011721000111432,11-吻（缝）合器及附件,01-开放及微创手术通用吻 （缝）合器及附件,01-管型吻合器,172-吻合器类,10-不区分,001-一次性使用/手动,172001,管型吻合器（一次性使用/手 动）,江苏康赛医疗器械科技有限公司,,
C1101011721000111452,11-吻（缝）合器及附件,01-开放及微创手术通用吻 （缝）合器及附件,01-管型吻合器,172-吻合器类,10-不区分,001-一次性使用/手动,172001,管型吻合器（一次性使用/手 动）,江苏百纳医疗科技有限公司,,
C1101011721000111492,11-吻（缝）合器及附件,01-开放及微创手术通用吻 （缝）合器及附件,01-管型吻合器,172-吻合器类,10-不区分,001-一次性使用/手动,172001,管型吻合器（一次性使用/手 动）,江苏柯汇医疗科技有限公司,,
C1101011721000111552,11-吻（缝）合器及附件,01-开放及微创手术通用吻 （缝）合器及附件,01-管型吻合器,172-吻合器类,10-不区分,001-一次性使用/手动,172001,管型吻合器（一次性使用/手 动）,重庆德川医疗器械有限公司,,
C1101011721000111594,11-吻（缝）合器及附件,01-开放及微创手术通用吻 （缝）合器及附件,01-管型吻合器,172-吻合器类,10-不区分,001-一次性使用/手动,172001,管型吻合器（一次性使用/手 动）,河北卫崭医疗科技有限公司,,
C1101011721000111673,11-吻（缝）合器及附件,01-开放及微创手术通用吻 （缝）合器及附件,01-管型吻合器,172-吻合器类,10-不区分,001-一次性使用/手动,172001,管型吻合器（一次性使用/手 动）,扬州中桓医疗科技有限公司,,
C1101011721000111713,11-吻（缝）合器及附件,01-开放及微创手术通用吻 （缝）合器及附件,01-管型吻合器,172-吻合器类,10-不区分,001-一次性使用/手动,172001,管型吻合器（一次性使用/手 动）,南京竹海生物科技有限公司,,
C1101011721000111721,11-吻（缝）合器及附件,01-开放及微创手术通用吻 （缝）合器及附件,01-管型吻合器,172-吻合器类,10-不区分,001-一次性使用/手动,172001,管型吻合器（一次性使用/手 动）,四川双陆医疗器械有限公司,,
C1101011721000111809,11-吻（缝）合器及附件,01-开放及微创手术通用吻 （缝）合器及附件,01-管型吻合器,172-吻合器类,10-不区分,001-一次性使用/手动,172001,管型吻合器（一次性使用/手 动）,湖南思捷泰克医疗科技有限公司,,
C1101011721000111953,11-吻（缝）合器及附件,01-开放及微创手术通用吻 （缝）合器及附件,01-管型吻合器,172-吻合器类,10-不区分,001-一次性使用/手动,172001,管型吻合器（一次性使用/手 动）,康晴（江苏）医疗科技有限公司,,
C1101011721000112276,11-吻（缝）合器及附件,01-开放及微创手术通用吻 （缝）合器及附件,01-管型吻合器,172-吻合器类,10-不区分,001-一次性使用/手动,172001,管型吻合器（一次性使用/手 动）,镁格生物科技（江苏）有限公司,,
C1101011721000112320,11-吻（缝）合器及附件,01-开放及微创手术通用吻 （缝）合器及附件,01-管型吻合器,172-吻合器类,10-不区分,001-一次性使用/手动,172001,管型吻合器（一次性使用/手 动）,常州哈福医疗器械有限公司,,
C1101011721000112643,11-吻（缝）合器及附件,01-开放及微创手术通用吻 （缝）合器及附件,01-管型吻合器,172-吻合器类,10-不区分,001-一次性使用/手动,172001,管型吻合器（一次性使用/手 动）,江苏瑞晟医疗器械有限公司,,
C1101011721000112680,11-吻（缝）合器及附件,01-开放及微创手术通用吻 （缝）合器及附件,01-管型吻合器,172-吻合器类,10-不区分,001-一次性使用/手动,172001,管型吻合器（一次性使用/手 动）,江苏宝多利亚医疗科技有限公司,,
C1101011721000113266,11-吻（缝）合器及附件,01-开放及微创手术通用吻 （缝）合器及附件,01-管型吻合器,172-吻合器类,10-不区分,001-一次性使用/手动,172001,管型吻合器（一次性使用/手 动）,正合医疗科技（常州）有限公司,,
C1101011721000113633,11-吻（缝）合器及附件,01-开放及微创手术通用吻 （缝）合器及附件,01-管型吻合器,172-吻合器类,10-不区分,001-一次性使用/手动,172001,管型吻合器（一次性使用/手 动）,湖南浣然医疗科技有限公司,,
C1101011721000113748,11-吻（缝）合器及附件,01-开放及微创手术通用吻 （缝）合器及附件,01-管型吻合器,172-吻合器类,10-不区分,001-一次性使用/手动,172001,管型吻合器（一次性使用/手 动）,江苏乾康医疗器械有限公司,,
C1101011721000113944,11-吻（缝）合器及附件,01-开放及微创手术通用吻 （缝）合器及附件,01-管型吻合器,172-吻合器类,10-不区分,001-一次性使用/手动,172001,管型吻合器（一次性使用/手 动）,泰州艾贝医疗科技有限公司,,
C1101011721000114250,11-吻（缝）合器及附件,01-开放及微创手术通用吻 （缝）合器及附件,01-管型吻合器,172-吻合器类,10-不区分,001-一次性使用/手动,172001,管型吻合器（一次性使用/手 动）,江苏诚普医疗器械有限公司,,
C1101011721000114419,11-吻（缝）合器及附件,01-开放及微创手术通用吻 （缝）合器及附件,01-管型吻合器,172-吻合器类,10-不区分,001-一次性使用/手动,172001,管型吻合器（一次性使用/手 动）,江西汉普医疗科技有限公司,,
C1101011721000115743,11-吻（缝）合器及附件,01-开放及微创手术通用吻 （缝）合器及附件,01-管型吻合器,172-吻合器类,10-不区分,001-一次性使用/手动,172001,管型吻合器（一次性使用/手 动）,施爱德（长沙）医疗器材有限公司,,
C1101011721000115948,11-吻（缝）合器及附件,01-开放及微创手术通用吻 （缝）合器及附件,01-管型吻合器,172-吻合器类,10-不区分,001-一次性使用/手动,172001,管型吻合器（一次性使用/手 动）,善彤医疗科技（湖南）有限公司,,
C1101011721000116022,11-吻（缝）合器及附件,01-开放及微创手术通用吻 （缝）合器及附件,01-管型吻合器,172-吻合器类,10-不区分,001-一次性使用/手动,172001,管型吻合器（一次性使用/手 动）,江苏京品医疗科技有限公司,,
C1101011721000116882,11-吻（缝）合器及附件,01-开放及微创手术通用吻 （缝）合器及附件,01-管型吻合器,172-吻合器类,10-不区分,001-一次性使用/手动,172001,管型吻合器（一次性使用/手 动）,长沙乐普外科医疗器械有限公司,,
C1101011721000117064,11-吻（缝）合器及附件,01-开放及微创手术通用吻 （缝）合器及附件,01-管型吻合器,172-吻合器类,10-不区分,001-一次性使用/手动,172001,管型吻合器（一次性使用/手 动）,湖南辰润医疗科技有限公司,,
C1101011721000117344,11-吻（缝）合器及附件,01-开放及微创手术通用吻 （缝）合器及附件,01-管型吻合器,172-吻合器类,10-不区分,001-一次性使用/手动,172001,管型吻合器（一次性使用/手 动）,福建善慈乐生物科技有限公司,,
C1101011721000117734,11-吻（缝）合器及附件,01-开放及微创手术通用吻 （缝）合器及附件,01-管型吻合器,172-吻合器类,10-不区分,001-一次性使用/手动,172001,管型吻合器（一次性使用/手 动）,江苏安欣医疗科技有限公司,,
C1101011721000118059,11-吻（缝）合器及附件,01-开放及微创手术通用吻 （缝）合器及附件,01-管型吻合器,172-吻合器类,10-不区分,001-一次性使用/手动,172001,管型吻合器（一次性使用/手 动）,美科特医疗科技（苏州）有限公司,,
C1101011721000119595,11-吻（缝）合器及附件,01-开放及微创手术通用吻 （缝）合器及附件,01-管型吻合器,172-吻合器类,10-不区分,001-一次性使用/手动,172001,管型吻合器（一次性使用/手 动）,厦门星火微光医疗器械制造有限公 司,,
C1101011721000119946,11-吻（缝）合器及附件,01-开放及微创手术通用吻 （缝）合器及附件,01-管型吻合器,172-吻合器类,10-不区分,001-一次性使用/手动,172001,管型吻合器（一次性使用/手 动）,苏州科曼医疗器械有限公司,,
C1101011721000121161,11-吻（缝）合器及附件,01-开放及微创手术通用吻 （缝）合器及附件,01-管型吻合器,172-吻合器类,10-不区分,001-一次性使用/手动,172001,管型吻合器（一次性使用/手 动）,江苏泰科博曼医疗器械有限公司,,
C1101011721000123434,11-吻（缝）合器及附件,01-开放及微创手术通用吻 （缝）合器及附件,01-管型吻合器,172-吻合器类,10-不区分,001-一次性使用/手动,172001,管型吻合器（一次性使用/手 动）,江苏芙肽生物科技有限公司,,
C1101011721000124436,11-吻（缝）合器及附件,01-开放及微创手术通用吻 （缝）合器及附件,01-管型吻合器,172-吻合器类,10-不区分,001-一次性使用/手动,172001,管型吻合器（一次性使用/手 动）,大瓷生物医疗科技（江苏）有限公 司,,
C1101011721000200977,11-吻（缝）合器及附件,01-开放及微创手术通用吻 （缝）合器及附件,01-管型吻合器,172-吻合器类,10-不区分,002-一次性使用/电动,172003,管型吻合器（一次性使用/电 动）,施爱德（厦门）医疗器材有限公司,,
C1101011721000206759,11-吻（缝）合器及附件,01-开放及微创手术通用吻 （缝）合器及附件,01-管型吻合器,172-吻合器类,10-不区分,002-一次性使用/电动,172003,管型吻合器（一次性使用/电 动）,宁波维尔凯迪医疗器械有限公司,,
C1101011721000208414,11-吻（缝）合器及附件,01-开放及微创手术通用吻 （缝）合器及附件,01-管型吻合器,172-吻合器类,10-不区分,002-一次性使用/电动,172003,管型吻合器（一次性使用/电 动）,北京派尔特医疗科技股份有限公司,,
C1101011721000209098,11-吻（缝）合器及附件,01-开放及微创手术通用吻 （缝）合器及附件,01-管型吻合器,172-吻合器类,10-不区分,002-一次性使用/电动,172003,管型吻合器（一次性使用/电 动）,强生（上海）医疗器材有限公司,,
C1101011721000210203,11-吻（缝）合器及附件,01-开放及微创手术通用吻 （缝）合器及附件,01-管型吻合器,172-吻合器类,10-不区分,002-一次性使用/电动,172003,管型吻合器（一次性使用/电 动）,普瑞德医疗器械科技江苏有限公司,,
C1101011721000211432,11-吻（缝）合器及附件,01-开放及微创手术通用吻 （缝）合器及附件,01-管型吻合器,172-吻合器类,10-不区分,002-一次性使用/电动,172003,管型吻合器（一次性使用/电 动）,江苏康赛医疗器械科技有限公司,,
C1101011721000212160,11-吻（缝）合器及附件,01-开放及微创手术通用吻 （缝）合器及附件,01-管型吻合器,172-吻合器类,10-不区分,002-一次性使用/电动,172003,管型吻合器（一次性使用/电 动）,苏州英途康医疗科技有限公司,,
C1101011721000215743,11-吻（缝）合器及附件,01-开放及微创手术通用吻 （缝）合器及附件,01-管型吻合器,172-吻合器类,10-不区分,002-一次性使用/电动,172003,管型吻合器（一次性使用/电 动）,施爱德（长沙）医疗器材有限公司,,
C1101011721000216417,11-吻（缝）合器及附件,01-开放及微创手术通用吻 （缝）合器及附件,01-管型吻合器,172-吻合器类,10-不区分,002-一次性使用/电动,172003,管型吻合器（一次性使用/电 动）,瑞迈康（山东）医疗器械有限责任 公司,,
C1101011721000216882,11-吻（缝）合器及附件,01-开放及微创手术通用吻 （缝）合器及附件,01-管型吻合器,172-吻合器类,10-不区分,002-一次性使用/电动,172003,管型吻合器（一次性使用/电 动）,长沙乐普外科医疗器械有限公司,,
C1101011721000217125,11-吻（缝）合器及附件,01-开放及微创手术通用吻 （缝）合器及附件,01-管型吻合器,172-吻合器类,10-不区分,002-一次性使用/电动,172003,管型吻合器（一次性使用/电 动）,英途康医疗科技（长沙）有限公司,,
C1101011721000219590,11-吻（缝）合器及附件,01-开放及微创手术通用吻 （缝）合器及附件,01-管型吻合器,172-吻合器类,10-不区分,002-一次性使用/电动,172003,管型吻合器（一次性使用/电 动）,上际医疗科技（浙江）有限公司,,
C1101011721000219861,11-吻（缝）合器及附件,01-开放及微创手术通用吻 （缝）合器及附件,01-管型吻合器,172-吻合器类,10-不区分,002-一次性使用/电动,172003,管型吻合器（一次性使用/电 动）,以诺康医疗科技（合肥）有限公司,,
C1101011721000221309,11-吻（缝）合器及附件,01-开放及微创手术通用吻 （缝）合器及附件,01-管型吻合器,172-吻合器类,10-不区分,002-一次性使用/电动,172003,管型吻合器（一次性使用/电 动）,派尔特（苏州）医疗科技有限公司,,
C1101011721000221860,11-吻（缝）合器及附件,01-开放及微创手术通用吻 （缝）合器及附件,01-管型吻合器,172-吻合器类,10-不区分,002-一次性使用/电动,172003,管型吻合器（一次性使用/电 动）,江苏奕龙微创医疗科技有限公司,,
C1101011721000223665,11-吻（缝）合器及附件,01-开放及微创手术通用吻 （缝）合器及附件,01-管型吻合器,172-吻合器类,10-不区分,002-一次性使用/电动,172003,管型吻合器（一次性使用/电 动）,江西金湛医疗科技有限公司,,
C1101011721000225129,11-吻（缝）合器及附件,01-开放及微创手术通用吻 （缝）合器及附件,01-管型吻合器,172-吻合器类,10-不区分,002-一次性使用/电动,172003,管型吻合器（一次性使用/电 动）,星桓(安徽)医疗器械有限公司,,
C1101011721000305107,11-吻（缝）合器及附件,01-开放及微创手术通用吻 （缝）合器及附件,01-管型吻合器,172-吻合器类,10-不区分,003-可重复使用/手动,172002,管型吻合器（可重复使用/手 动）,常州市新能源吻合器总厂有限公司,,
C1101011721000307722,11-吻（缝）合器及附件,01-开放及微创手术通用吻 （缝）合器及附件,01-管型吻合器,172-吻合器类,10-不区分,003-可重复使用/手动,172002,管型吻合器（可重复使用/手 动）,常州瑞索斯医疗设备有限公司,,
C1101011721000309820,11-吻（缝）合器及附件,01-开放及微创手术通用吻 （缝）合器及附件,01-管型吻合器,172-吻合器类,10-不区分,003-可重复使用/手动,172002,管型吻合器（可重复使用/手 动）,常州市智业医疗仪器研究所有限公 司,,
C1101011721000412160,11-吻（缝）合器及附件,01-开放及微创手术通用吻 （缝）合器及附件,01-管型吻合器,172-吻合器类,10-不区分,004-可重复使用/电动,172004,管型吻合器（可重复使用/电 动）,苏州英途康医疗科技有限公司,,
C1101021721000700013,11-吻（缝）合器及附件,01-开放及微创手术通用吻 （缝）合器及附件,02-腔镜切割吻合器,172-吻合器类,10-不区分,007-一次性使用/手动/直 线,172005,腔镜直线型切割吻合器（一 次性使用/手动）,常州安康医疗器械有限公司,,
C1101021721000700680,11-吻（缝）合器及附件,01-开放及微创手术通用吻 （缝）合器及附件,02-腔镜切割吻合器,172-吻合器类,10-不区分,007-一次性使用/手动/直 线,172005,腔镜直线型切割吻合器（一 次性使用/手动）,奥亿康医疗科技无锡有限公司,,
C1101021721000700841,11-吻（缝）合器及附件,01-开放及微创手术通用吻 （缝）合器及附件,02-腔镜切割吻合器,172-吻合器类,10-不区分,007-一次性使用/手动/直 线,172005,腔镜直线型切割吻合器（一 次性使用/手动）,苏州法兰克曼医疗器械有限公司,,
C1101021721000700942,11-吻（缝）合器及附件,01-开放及微创手术通用吻 （缝）合器及附件,02-腔镜切割吻合器,172-吻合器类,10-不区分,007-一次性使用/手动/直 线,172005,腔镜直线型切割吻合器（一 次性使用/手动）,无锡市宇寿医疗器械有限公司,,
C1101021721000700943,11-吻（缝）合器及附件,01-开放及微创手术通用吻 （缝）合器及附件,02-腔镜切割吻合器,172-吻合器类,10-不区分,007-一次性使用/手动/直 线,172005,腔镜直线型切割吻合器（一 次性使用/手动）,天津瑞奇外科器械股份有限公司,,
C1101021721000700977,11-吻（缝）合器及附件,01-开放及微创手术通用吻 （缝）合器及附件,02-腔镜切割吻合器,172-吻合器类,10-不区分,007-一次性使用/手动/直 线,172005,腔镜直线型切割吻合器（一 次性使用/手动）,施爱德（厦门）医疗器材有限公司,,
C1101021721000701098,11-吻（缝）合器及附件,01-开放及微创手术通用吻 （缝）合器及附件,02-腔镜切割吻合器,172-吻合器类,10-不区分,007-一次性使用/手动/直 线,172005,腔镜直线型切割吻合器（一 次性使用/手动）,长沙瑞泰医学科技有限公司,,
C1101021721000701105,11-吻（缝）合器及附件,01-开放及微创手术通用吻 （缝）合器及附件,02-腔镜切割吻合器,172-吻合器类,10-不区分,007-一次性使用/手动/直 线,172005,腔镜直线型切割吻合器（一 次性使用/手动）,常州贺利氏微创医疗器械有限公司,,
C1101021721000701174,11-吻（缝）合器及附件,01-开放及微创手术通用吻 （缝）合器及附件,02-腔镜切割吻合器,172-吻合器类,10-不区分,007-一次性使用/手动/直 线,172005,腔镜直线型切割吻合器（一 次性使用/手动）,上海迈诺仕医疗器械有限公司,,
C1101021721000701321,11-吻（缝）合器及附件,01-开放及微创手术通用吻 （缝）合器及附件,02-腔镜切割吻合器,172-吻合器类,10-不区分,007-一次性使用/手动/直 线,172005,腔镜直线型切割吻合器（一 次性使用/手动）,江苏华夏医疗器械有限公司,,
C1101021721000701458,11-吻（缝）合器及附件,01-开放及微创手术通用吻 （缝）合器及附件,02-腔镜切割吻合器,172-吻合器类,10-不区分,007-一次性使用/手动/直 线,172005,腔镜直线型切割吻合器（一 次性使用/手动）,无锡贝恩外科器械有限公司,,
C1101021721000701564,11-吻（缝）合器及附件,01-开放及微创手术通用吻 （缝）合器及附件,02-腔镜切割吻合器,172-吻合器类,10-不区分,007-一次性使用/手动/直 线,172005,腔镜直线型切割吻合器（一 次性使用/手动）,江苏三联星海医疗器械有限公司,,
C1101021721000701600,11-吻（缝）合器及附件,01-开放及微创手术通用吻 （缝）合器及附件,02-腔镜切割吻合器,172-吻合器类,10-不区分,007-一次性使用/手动/直 线,172005,腔镜直线型切割吻合器（一 次性使用/手动）,常州市久成电子设备有限公司,,
C1101021721000701772,11-吻（缝）合器及附件,01-开放及微创手术通用吻 （缝）合器及附件,02-腔镜切割吻合器,172-吻合器类,10-不区分,007-一次性使用/手动/直 线,172005,腔镜直线型切割吻合器（一 次性使用/手动）,江西佰氏康医疗器械有限公司,,
C1101021721000701933,11-吻（缝）合器及附件,01-开放及微创手术通用吻 （缝）合器及附件,02-腔镜切割吻合器,172-吻合器类,10-不区分,007-一次性使用/手动/直 线,172005,腔镜直线型切割吻合器（一 次性使用/手动）,安徽国泰国瑞医疗科技有限公司,,
C1101021721000701959,11-吻（缝）合器及附件,01-开放及微创手术通用吻 （缝）合器及附件,02-腔镜切割吻合器,172-吻合器类,10-不区分,007-一次性使用/手动/直 线,172005,腔镜直线型切割吻合器（一 次性使用/手动）,江苏博朗森思医疗器械有限公司,,
C1101021721000702088,11-吻（缝）合器及附件,01-开放及微创手术通用吻 （缝）合器及附件,02-腔镜切割吻合器,172-吻合器类,10-不区分,007-一次性使用/手动/直 线,172005,腔镜直线型切割吻合器（一 次性使用/手动）,苏州贝诺医疗器械有限公司,,
C1101021721000702176,11-吻（缝）合器及附件,01-开放及微创手术通用吻 （缝）合器及附件,02-腔镜切割吻合器,172-吻合器类,10-不区分,007-一次性使用/手动/直 线,172005,腔镜直线型切割吻合器（一 次性使用/手动）,无锡东峰怡和科技发展有限公司,,
C1101021721000702228,11-吻（缝）合器及附件,01-开放及微创手术通用吻 （缝）合器及附件,02-腔镜切割吻合器,172-吻合器类,10-不区分,007-一次性使用/手动/直 线,172005,腔镜直线型切割吻合器（一 次性使用/手动）,常州科峰医疗科技有限公司,,
C1101021721000702236,11-吻（缝）合器及附件,01-开放及微创手术通用吻 （缝）合器及附件,02-腔镜切割吻合器,172-吻合器类,10-不区分,007-一次性使用/手动/直 线,172005,腔镜直线型切割吻合器（一 次性使用/手动）,江苏优耐特生物科技有限公司,,
C1101021721000702242,11-吻（缝）合器及附件,01-开放及微创手术通用吻 （缝）合器及附件,02-腔镜切割吻合器,172-吻合器类,10-不区分,007-一次性使用/手动/直 线,172005,腔镜直线型切割吻合器（一 次性使用/手动）,江苏盛纳凯尔医用科技有限公司,,
C1101021721000702275,11-吻（缝）合器及附件,01-开放及微创手术通用吻 （缝）合器及附件,02-腔镜切割吻合器,172-吻合器类,10-不区分,007-一次性使用/手动/直 线,172005,腔镜直线型切割吻合器（一 次性使用/手动）,江苏特普优微创医疗科技有限公司,,
C1101021721000702326,11-吻（缝）合器及附件,01-开放及微创手术通用吻 （缝）合器及附件,02-腔镜切割吻合器,172-吻合器类,10-不区分,007-一次性使用/手动/直 线,172005,腔镜直线型切割吻合器（一 次性使用/手动）,常州创捷微创医疗器械有限公司,,
C1101021721000702412,11-吻（缝）合器及附件,01-开放及微创手术通用吻 （缝）合器及附件,02-腔镜切割吻合器,172-吻合器类,10-不区分,007-一次性使用/手动/直 线,172005,腔镜直线型切割吻合器（一 次性使用/手动）,常州生物医学工程有限公司,,
C1101021721000702486,11-吻（缝）合器及附件,01-开放及微创手术通用吻 （缝）合器及附件,02-腔镜切割吻合器,172-吻合器类,10-不区分,007-一次性使用/手动/直 线,172005,腔镜直线型切割吻合器（一 次性使用/手动）,河南省驼人医疗科技有限公司,,
C1101021721000702494,11-吻（缝）合器及附件,01-开放及微创手术通用吻 （缝）合器及附件,02-腔镜切割吻合器,172-吻合器类,10-不区分,007-一次性使用/手动/直 线,172005,腔镜直线型切割吻合器（一 次性使用/手动）,北京天助畅运医疗技术股份有限公 司,,
C1101021721000702573,11-吻（缝）合器及附件,01-开放及微创手术通用吻 （缝）合器及附件,02-腔镜切割吻合器,172-吻合器类,10-不区分,007-一次性使用/手动/直 线,172005,腔镜直线型切割吻合器（一 次性使用/手动）,普瑞斯星（常州）医疗器械有限公 司,,
C1101021721000702600,11-吻（缝）合器及附件,01-开放及微创手术通用吻 （缝）合器及附件,02-腔镜切割吻合器,172-吻合器类,10-不区分,007-一次性使用/手动/直 线,172005,腔镜直线型切割吻合器（一 次性使用/手动）,重庆西山科技股份有限公司,,
C1101021721000702601,11-吻（缝）合器及附件,01-开放及微创手术通用吻 （缝）合器及附件,02-腔镜切割吻合器,172-吻合器类,10-不区分,007-一次性使用/手动/直 线,172005,腔镜直线型切割吻合器（一 次性使用/手动）,常州洛克曼医疗器械有限公司,,
C1101021721000702707,11-吻（缝）合器及附件,01-开放及微创手术通用吻 （缝）合器及附件,02-腔镜切割吻合器,172-吻合器类,10-不区分,007-一次性使用/手动/直 线,172005,腔镜直线型切割吻合器（一 次性使用/手动）,常州安克医疗科技有限公司,,
C1101021721000702776,11-吻（缝）合器及附件,01-开放及微创手术通用吻 （缝）合器及附件,02-腔镜切割吻合器,172-吻合器类,10-不区分,007-一次性使用/手动/直 线,172005,腔镜直线型切割吻合器（一 次性使用/手动）,江苏钱璟医疗器械有限公司,,
C1101021721000702842,11-吻（缝）合器及附件,01-开放及微创手术通用吻 （缝）合器及附件,02-腔镜切割吻合器,172-吻合器类,10-不区分,007-一次性使用/手动/直 线,172005,腔镜直线型切割吻合器（一 次性使用/手动）,江苏瑞安贝医疗器械有限公司,,
C1101021721000703052,11-吻（缝）合器及附件,01-开放及微创手术通用吻 （缝）合器及附件,02-腔镜切割吻合器,172-吻合器类,10-不区分,007-一次性使用/手动/直 线,172005,腔镜直线型切割吻合器（一 次性使用/手动）,杭州申科医疗器械有限公司,,
C1101021721000703370,11-吻（缝）合器及附件,01-开放及微创手术通用吻 （缝）合器及附件,02-腔镜切割吻合器,172-吻合器类,10-不区分,007-一次性使用/手动/直 线,172005,腔镜直线型切割吻合器（一 次性使用/手动）,泰戈斯医疗器械（江苏）有限公司,,
C1101021721000703585,11-吻（缝）合器及附件,01-开放及微创手术通用吻 （缝）合器及附件,02-腔镜切割吻合器,172-吻合器类,10-不区分,007-一次性使用/手动/直 线,172005,腔镜直线型切割吻合器（一 次性使用/手动）,常州市微凯医疗科技有限公司,,
C1101021721000703675,11-吻（缝）合器及附件,01-开放及微创手术通用吻 （缝）合器及附件,02-腔镜切割吻合器,172-吻合器类,10-不区分,007-一次性使用/手动/直 线,172005,腔镜直线型切割吻合器（一 次性使用/手动）,江苏海泽医疗科技发展有限公司,,
C1101021721000703800,11-吻（缝）合器及附件,01-开放及微创手术通用吻 （缝）合器及附件,02-腔镜切割吻合器,172-吻合器类,10-不区分,007-一次性使用/手动/直 线,172005,腔镜直线型切割吻合器（一 次性使用/手动）,河北诺盛科创生物科技有限公司,,
C1101021721000704021,11-吻（缝）合器及附件,01-开放及微创手术通用吻 （缝）合器及附件,02-腔镜切割吻合器,172-吻合器类,10-不区分,007-一次性使用/手动/直 线,172005,腔镜直线型切割吻合器（一 次性使用/手动）,无锡市瑞源普斯医疗器械有限公司,,
C1101021721000704119,11-吻（缝）合器及附件,01-开放及微创手术通用吻 （缝）合器及附件,02-腔镜切割吻合器,172-吻合器类,10-不区分,007-一次性使用/手动/直 线,172005,腔镜直线型切割吻合器（一 次性使用/手动）,盈甲医疗器械制造（上海）有限公 司,,
C1101021721000704330,11-吻（缝）合器及附件,01-开放及微创手术通用吻 （缝）合器及附件,02-腔镜切割吻合器,172-吻合器类,10-不区分,007-一次性使用/手动/直 线,172005,腔镜直线型切割吻合器（一 次性使用/手动）,常州市迈迪医疗器械有限公司,,
C1101021721000704638,11-吻（缝）合器及附件,01-开放及微创手术通用吻 （缝）合器及附件,02-腔镜切割吻合器,172-吻合器类,10-不区分,007-一次性使用/手动/直 线,172005,腔镜直线型切割吻合器（一 次性使用/手动）,常州威克医疗器械有限公司,,
C1101021721000704690,11-吻（缝）合器及附件,01-开放及微创手术通用吻 （缝）合器及附件,02-腔镜切割吻合器,172-吻合器类,10-不区分,007-一次性使用/手动/直 线,172005,腔镜直线型切割吻合器（一 次性使用/手动）,常州纳森医疗器械有限公司,,
C1101021721000704716,11-吻（缝）合器及附件,01-开放及微创手术通用吻 （缝）合器及附件,02-腔镜切割吻合器,172-吻合器类,10-不区分,007-一次性使用/手动/直 线,172005,腔镜直线型切割吻合器（一 次性使用/手动）,宁波甬星医疗仪器有限公司,,
C1101021721000705107,11-吻（缝）合器及附件,01-开放及微创手术通用吻 （缝）合器及附件,02-腔镜切割吻合器,172-吻合器类,10-不区分,007-一次性使用/手动/直 线,172005,腔镜直线型切割吻合器（一 次性使用/手动）,常州市新能源吻合器总厂有限公司,,
C1101021721000705587,11-吻（缝）合器及附件,01-开放及微创手术通用吻 （缝）合器及附件,02-腔镜切割吻合器,172-吻合器类,10-不区分,007-一次性使用/手动/直 线,172005,腔镜直线型切割吻合器（一 次性使用/手动）,武汉君安友联医疗科技有限责任公 司,,
C1101021721000706146,11-吻（缝）合器及附件,01-开放及微创手术通用吻 （缝）合器及附件,02-腔镜切割吻合器,172-吻合器类,10-不区分,007-一次性使用/手动/直 线,172005,腔镜直线型切割吻合器（一 次性使用/手动）,西安外科医学科技有限公司,,
C1101021721000706224,11-吻（缝）合器及附件,01-开放及微创手术通用吻 （缝）合器及附件,02-腔镜切割吻合器,172-吻合器类,10-不区分,007-一次性使用/手动/直 线,172005,腔镜直线型切割吻合器（一 次性使用/手动）,江苏风和医疗器材股份有限公司,,
C1101021721000706352,11-吻（缝）合器及附件,01-开放及微创手术通用吻 （缝）合器及附件,02-腔镜切割吻合器,172-吻合器类,10-不区分,007-一次性使用/手动/直 线,172005,腔镜直线型切割吻合器（一 次性使用/手动）,江苏通达医疗器械有限公司,,
C1101021721000706410,11-吻（缝）合器及附件,01-开放及微创手术通用吻 （缝）合器及附件,02-腔镜切割吻合器,172-吻合器类,10-不区分,007-一次性使用/手动/直 线,172005,腔镜直线型切割吻合器（一 次性使用/手动）,常州华森医疗器械股份有限公司,,
C1101021721000706452,11-吻（缝）合器及附件,01-开放及微创手术通用吻 （缝）合器及附件,02-腔镜切割吻合器,172-吻合器类,10-不区分,007-一次性使用/手动/直 线,172005,腔镜直线型切割吻合器（一 次性使用/手动）,无锡市神康医疗器械设备有限公司,,
C1101021721000706618,11-吻（缝）合器及附件,01-开放及微创手术通用吻 （缝）合器及附件,02-腔镜切割吻合器,172-吻合器类,10-不区分,007-一次性使用/手动/直 线,172005,腔镜直线型切割吻合器（一 次性使用/手动）,江苏健瑞宝医疗科技股份有限公司,,
C1101021721000706759,11-吻（缝）合器及附件,01-开放及微创手术通用吻 （缝）合器及附件,02-腔镜切割吻合器,172-吻合器类,10-不区分,007-一次性使用/手动/直 线,172005,腔镜直线型切割吻合器（一 次性使用/手动）,宁波维尔凯迪医疗器械有限公司,,
C1101021721000706823,11-吻（缝）合器及附件,01-开放及微创手术通用吻 （缝）合器及附件,02-腔镜切割吻合器,172-吻合器类,10-不区分,007-一次性使用/手动/直 线,172005,腔镜直线型切割吻合器（一 次性使用/手动）,柯惠医疗器材国际贸易（上海）有 限公司,,
C1101021721000706855,11-吻（缝）合器及附件,01-开放及微创手术通用吻 （缝）合器及附件,02-腔镜切割吻合器,172-吻合器类,10-不区分,007-一次性使用/手动/直 线,172005,腔镜直线型切割吻合器（一 次性使用/手动）,山东威瑞外科医用制品有限公司,,
C1101021721000706894,11-吻（缝）合器及附件,01-开放及微创手术通用吻 （缝）合器及附件,02-腔镜切割吻合器,172-吻合器类,10-不区分,007-一次性使用/手动/直 线,172005,腔镜直线型切割吻合器（一 次性使用/手动）,南京迈迪欣医疗器械有限公司,,
C1101021721000707013,11-吻（缝）合器及附件,01-开放及微创手术通用吻 （缝）合器及附件,02-腔镜切割吻合器,172-吻合器类,10-不区分,007-一次性使用/手动/直 线,172005,腔镜直线型切割吻合器（一 次性使用/手动）,无锡市舒康医疗器械有限公司,,
C1101021721000707030,11-吻（缝）合器及附件,01-开放及微创手术通用吻 （缝）合器及附件,02-腔镜切割吻合器,172-吻合器类,10-不区分,007-一次性使用/手动/直 线,172005,腔镜直线型切割吻合器（一 次性使用/手动）,江苏凯尔特医疗科技有限公司,,
C1101021721000707079,11-吻（缝）合器及附件,01-开放及微创手术通用吻 （缝）合器及附件,02-腔镜切割吻合器,172-吻合器类,10-不区分,007-一次性使用/手动/直 线,172005,腔镜直线型切割吻合器（一 次性使用/手动）,常州同创医疗器械科技有限公司,,
C1101021721000707185,11-吻（缝）合器及附件,01-开放及微创手术通用吻 （缝）合器及附件,02-腔镜切割吻合器,172-吻合器类,10-不区分,007-一次性使用/手动/直 线,172005,腔镜直线型切割吻合器（一 次性使用/手动）,常州伊沃特医疗器械有限公司,,
C1101021721000707197,11-吻（缝）合器及附件,01-开放及微创手术通用吻 （缝）合器及附件,02-腔镜切割吻合器,172-吻合器类,10-不区分,007-一次性使用/手动/直 线,172005,腔镜直线型切割吻合器（一 次性使用/手动）,常州海尔斯医疗器械科技有限公司,,
C1101021721000707284,11-吻（缝）合器及附件,01-开放及微创手术通用吻 （缝）合器及附件,02-腔镜切割吻合器,172-吻合器类,10-不区分,007-一次性使用/手动/直 线,172005,腔镜直线型切割吻合器（一 次性使用/手动）,微至（苏州）医疗科技有限公司,,
C1101021721000707341,11-吻（缝）合器及附件,01-开放及微创手术通用吻 （缝）合器及附件,02-腔镜切割吻合器,172-吻合器类,10-不区分,007-一次性使用/手动/直 线,172005,腔镜直线型切割吻合器（一 次性使用/手动）,无锡博康医疗器械有限公司,,
C1101021721000707429,11-吻（缝）合器及附件,01-开放及微创手术通用吻 （缝）合器及附件,02-腔镜切割吻合器,172-吻合器类,10-不区分,007-一次性使用/手动/直 线,172005,腔镜直线型切割吻合器（一 次性使用/手动）,天臣国际医疗科技股份有限公司,,
C1101021721000707507,11-吻（缝）合器及附件,01-开放及微创手术通用吻 （缝）合器及附件,02-腔镜切割吻合器,172-吻合器类,10-不区分,007-一次性使用/手动/直 线,172005,腔镜直线型切割吻合器（一 次性使用/手动）,北京博辉瑞进生物科技有限公司,,
C1101021721000707722,11-吻（缝）合器及附件,01-开放及微创手术通用吻 （缝）合器及附件,02-腔镜切割吻合器,172-吻合器类,10-不区分,007-一次性使用/手动/直 线,172005,腔镜直线型切割吻合器（一 次性使用/手动）,常州瑞索斯医疗设备有限公司,,
C1101021721000707805,11-吻（缝）合器及附件,01-开放及微创手术通用吻 （缝）合器及附件,02-腔镜切割吻合器,172-吻合器类,10-不区分,007-一次性使用/手动/直 线,172005,腔镜直线型切割吻合器（一 次性使用/手动）,湖南豌豆医疗用品有限公司,,
C1101021721000707975,11-吻（缝）合器及附件,01-开放及微创手术通用吻 （缝）合器及附件,02-腔镜切割吻合器,172-吻合器类,10-不区分,007-一次性使用/手动/直 线,172005,腔镜直线型切割吻合器（一 次性使用/手动）,杭州迈瑞医疗科技有限公司,,
C1101021721000708019,11-吻（缝）合器及附件,01-开放及微创手术通用吻 （缝）合器及附件,02-腔镜切割吻合器,172-吻合器类,10-不区分,007-一次性使用/手动/直 线,172005,腔镜直线型切割吻合器（一 次性使用/手动）,江苏瑞普医疗器械科技有限公司,,
C1101021721000708304,11-吻（缝）合器及附件,01-开放及微创手术通用吻 （缝）合器及附件,02-腔镜切割吻合器,172-吻合器类,10-不区分,007-一次性使用/手动/直 线,172005,腔镜直线型切割吻合器（一 次性使用/手动）,强生（苏州）医疗器材有限公司,,
C1101021721000708340,11-吻（缝）合器及附件,01-开放及微创手术通用吻 （缝）合器及附件,02-腔镜切割吻合器,172-吻合器类,10-不区分,007-一次性使用/手动/直 线,172005,腔镜直线型切割吻合器（一 次性使用/手动）,振德医疗用品股份有限公司,,
C1101021721000708414,11-吻（缝）合器及附件,01-开放及微创手术通用吻 （缝）合器及附件,02-腔镜切割吻合器,172-吻合器类,10-不区分,007-一次性使用/手动/直 线,172005,腔镜直线型切割吻合器（一 次性使用/手动）,北京派尔特医疗科技股份有限公司,,
C1101021721000708471,11-吻（缝）合器及附件,01-开放及微创手术通用吻 （缝）合器及附件,02-腔镜切割吻合器,172-吻合器类,10-不区分,007-一次性使用/手动/直 线,172005,腔镜直线型切割吻合器（一 次性使用/手动）,江苏明朗医疗器械科技有限公司,,
C1101021721000708486,11-吻（缝）合器及附件,01-开放及微创手术通用吻 （缝）合器及附件,02-腔镜切割吻合器,172-吻合器类,10-不区分,007-一次性使用/手动/直 线,172005,腔镜直线型切割吻合器（一 次性使用/手动）,浙江格宜医疗器械有限公司,,
C1101021721000708889,11-吻（缝）合器及附件,01-开放及微创手术通用吻 （缝）合器及附件,02-腔镜切割吻合器,172-吻合器类,10-不区分,007-一次性使用/手动/直 线,172005,腔镜直线型切割吻合器（一 次性使用/手动）,湖南康呈医疗科技有限公司,,
C1101021721000709051,11-吻（缝）合器及附件,01-开放及微创手术通用吻 （缝）合器及附件,02-腔镜切割吻合器,172-吻合器类,10-不区分,007-一次性使用/手动/直 线,172005,腔镜直线型切割吻合器（一 次性使用/手动）,江苏冠创医疗科技有限公司,,
C1101021721000709071,11-吻（缝）合器及附件,01-开放及微创手术通用吻 （缝）合器及附件,02-腔镜切割吻合器,172-吻合器类,10-不区分,007-一次性使用/手动/直 线,172005,腔镜直线型切割吻合器（一 次性使用/手动）,江苏泓正医疗科技有限公司,,
C1101021721000709098,11-吻（缝）合器及附件,01-开放及微创手术通用吻 （缝）合器及附件,02-腔镜切割吻合器,172-吻合器类,10-不区分,007-一次性使用/手动/直 线,172005,腔镜直线型切割吻合器（一 次性使用/手动）,强生（上海）医疗器材有限公司,,
C1101021721000709550,11-吻（缝）合器及附件,01-开放及微创手术通用吻 （缝）合器及附件,02-腔镜切割吻合器,172-吻合器类,10-不区分,007-一次性使用/手动/直 线,172005,腔镜直线型切割吻合器（一 次性使用/手动）,江苏臣诺医疗器械有限公司,,
C1101021721000709709,11-吻（缝）合器及附件,01-开放及微创手术通用吻 （缝）合器及附件,02-腔镜切割吻合器,172-吻合器类,10-不区分,007-一次性使用/手动/直 线,172005,腔镜直线型切割吻合器（一 次性使用/手动）,常州市海达医疗器械有限公司,,
C1101021721000709820,11-吻（缝）合器及附件,01-开放及微创手术通用吻 （缝）合器及附件,02-腔镜切割吻合器,172-吻合器类,10-不区分,007-一次性使用/手动/直 线,172005,腔镜直线型切割吻合器（一 次性使用/手动）,常州市智业医疗仪器研究所有限公 司,,
C1101021721000709869,11-吻（缝）合器及附件,01-开放及微创手术通用吻 （缝）合器及附件,02-腔镜切割吻合器,172-吻合器类,10-不区分,007-一次性使用/手动/直 线,172005,腔镜直线型切割吻合器（一 次性使用/手动）,江苏芸众医疗科技有限公司,,
C1101021721000709979,11-吻（缝）合器及附件,01-开放及微创手术通用吻 （缝）合器及附件,02-腔镜切割吻合器,172-吻合器类,10-不区分,007-一次性使用/手动/直 线,172005,腔镜直线型切割吻合器（一 次性使用/手动）,上海逸思医疗科技股份有限公司,,
C1101021721000710084,11-吻（缝）合器及附件,01-开放及微创手术通用吻 （缝）合器及附件,02-腔镜切割吻合器,172-吻合器类,10-不区分,007-一次性使用/手动/直 线,172005,腔镜直线型切割吻合器（一 次性使用/手动）,宁波海泰科迈医疗器械有限公司,,
C1101021721000710203,11-吻（缝）合器及附件,01-开放及微创手术通用吻 （缝）合器及附件,02-腔镜切割吻合器,172-吻合器类,10-不区分,007-一次性使用/手动/直 线,172005,腔镜直线型切割吻合器（一 次性使用/手动）,普瑞德医疗器械科技江苏有限公司,,
C1101021721000710208,11-吻（缝）合器及附件,01-开放及微创手术通用吻 （缝）合器及附件,02-腔镜切割吻合器,172-吻合器类,10-不区分,007-一次性使用/手动/直 线,172005,腔镜直线型切割吻合器（一 次性使用/手动）,杭州康基医疗器械有限公司,,
C1101021721000710236,11-吻（缝）合器及附件,01-开放及微创手术通用吻 （缝）合器及附件,02-腔镜切割吻合器,172-吻合器类,10-不区分,007-一次性使用/手动/直 线,172005,腔镜直线型切割吻合器（一 次性使用/手动）,湖南三瑞生物科技有限责任公司,,
C1101021721000710320,11-吻（缝）合器及附件,01-开放及微创手术通用吻 （缝）合器及附件,02-腔镜切割吻合器,172-吻合器类,10-不区分,007-一次性使用/手动/直 线,172005,腔镜直线型切割吻合器（一 次性使用/手动）,联合微创医疗器械（深圳）有限公 司,,
C1101021721000710372,11-吻（缝）合器及附件,01-开放及微创手术通用吻 （缝）合器及附件,02-腔镜切割吻合器,172-吻合器类,10-不区分,007-一次性使用/手动/直 线,172005,腔镜直线型切割吻合器（一 次性使用/手动）,逸思（苏州）医疗科技有限公司,,
C1101021721000710394,11-吻（缝）合器及附件,01-开放及微创手术通用吻 （缝）合器及附件,02-腔镜切割吻合器,172-吻合器类,10-不区分,007-一次性使用/手动/直 线,172005,腔镜直线型切割吻合器（一 次性使用/手动）,重庆迈科唯医疗科技有限公司,,
C1101021721000710420,11-吻（缝）合器及附件,01-开放及微创手术通用吻 （缝）合器及附件,02-腔镜切割吻合器,172-吻合器类,10-不区分,007-一次性使用/手动/直 线,172005,腔镜直线型切割吻合器（一 次性使用/手动）,常州市康迪医用吻合器有限公司,,
C1101021721000710602,11-吻（缝）合器及附件,01-开放及微创手术通用吻 （缝）合器及附件,02-腔镜切割吻合器,172-吻合器类,10-不区分,007-一次性使用/手动/直 线,172005,腔镜直线型切割吻合器（一 次性使用/手动）,常州智力微创医疗器械有限公司,,
C1101021721000711079,11-吻（缝）合器及附件,01-开放及微创手术通用吻 （缝）合器及附件,02-腔镜切割吻合器,172-吻合器类,10-不区分,007-一次性使用/手动/直 线,172005,腔镜直线型切割吻合器（一 次性使用/手动）,常州杰瑞尔医疗器械有限公司,,
C1101021721000711155,11-吻（缝）合器及附件,01-开放及微创手术通用吻 （缝）合器及附件,02-腔镜切割吻合器,172-吻合器类,10-不区分,007-一次性使用/手动/直 线,172005,腔镜直线型切割吻合器（一 次性使用/手动）,欣瑞德（江苏）医疗科技有限公司,,
C1101021721000711178,11-吻（缝）合器及附件,01-开放及微创手术通用吻 （缝）合器及附件,02-腔镜切割吻合器,172-吻合器类,10-不区分,007-一次性使用/手动/直 线,172005,腔镜直线型切割吻合器（一 次性使用/手动）,北京普润医疗器械有限公司,,
C1101021721000711352,11-吻（缝）合器及附件,01-开放及微创手术通用吻 （缝）合器及附件,02-腔镜切割吻合器,172-吻合器类,10-不区分,007-一次性使用/手动/直 线,172005,腔镜直线型切割吻合器（一 次性使用/手动）,苏州朗特斯医疗科技有限公司,,
C1101021721000711432,11-吻（缝）合器及附件,01-开放及微创手术通用吻 （缝）合器及附件,02-腔镜切割吻合器,172-吻合器类,10-不区分,007-一次性使用/手动/直 线,172005,腔镜直线型切割吻合器（一 次性使用/手动）,江苏康赛医疗器械科技有限公司,,
C1101021721000711452,11-吻（缝）合器及附件,01-开放及微创手术通用吻 （缝）合器及附件,02-腔镜切割吻合器,172-吻合器类,10-不区分,007-一次性使用/手动/直 线,172005,腔镜直线型切割吻合器（一 次性使用/手动）,江苏百纳医疗科技有限公司,,
C1101021721000711492,11-吻（缝）合器及附件,01-开放及微创手术通用吻 （缝）合器及附件,02-腔镜切割吻合器,172-吻合器类,10-不区分,007-一次性使用/手动/直 线,172005,腔镜直线型切割吻合器（一 次性使用/手动）,江苏柯汇医疗科技有限公司,,
C1101021721000711552,11-吻（缝）合器及附件,01-开放及微创手术通用吻 （缝）合器及附件,02-腔镜切割吻合器,172-吻合器类,10-不区分,007-一次性使用/手动/直 线,172005,腔镜直线型切割吻合器（一 次性使用/手动）,重庆德川医疗器械有限公司,,
C1101021721000711594,11-吻（缝）合器及附件,01-开放及微创手术通用吻 （缝）合器及附件,02-腔镜切割吻合器,172-吻合器类,10-不区分,007-一次性使用/手动/直 线,172005,腔镜直线型切割吻合器（一 次性使用/手动）,河北卫崭医疗科技有限公司,,
C1101021721000711640,11-吻（缝）合器及附件,01-开放及微创手术通用吻 （缝）合器及附件,02-腔镜切割吻合器,172-吻合器类,10-不区分,007-一次性使用/手动/直 线,172005,腔镜直线型切割吻合器（一 次性使用/手动）,英特姆（武汉）医疗科技有限公司,,
C1101021721000711673,11-吻（缝）合器及附件,01-开放及微创手术通用吻 （缝）合器及附件,02-腔镜切割吻合器,172-吻合器类,10-不区分,007-一次性使用/手动/直 线,172005,腔镜直线型切割吻合器（一 次性使用/手动）,扬州中桓医疗科技有限公司,,
C1101021721000711713,11-吻（缝）合器及附件,01-开放及微创手术通用吻 （缝）合器及附件,02-腔镜切割吻合器,172-吻合器类,10-不区分,007-一次性使用/手动/直 线,172005,腔镜直线型切割吻合器（一 次性使用/手动）,南京竹海生物科技有限公司,,
C1101021721000711797,11-吻（缝）合器及附件,01-开放及微创手术通用吻 （缝）合器及附件,02-腔镜切割吻合器,172-吻合器类,10-不区分,007-一次性使用/手动/直 线,172005,腔镜直线型切割吻合器（一 次性使用/手动）,江西国康实业有限公司,,
C1101021721000711809,11-吻（缝）合器及附件,01-开放及微创手术通用吻 （缝）合器及附件,02-腔镜切割吻合器,172-吻合器类,10-不区分,007-一次性使用/手动/直 线,172005,腔镜直线型切割吻合器（一 次性使用/手动）,湖南思捷泰克医疗科技有限公司,,
C1101021721000711859,11-吻（缝）合器及附件,01-开放及微创手术通用吻 （缝）合器及附件,02-腔镜切割吻合器,172-吻合器类,10-不区分,007-一次性使用/手动/直 线,172005,腔镜直线型切割吻合器（一 次性使用/手动）,常州伟普医疗器械有限公司,,
C1101021721000711860,11-吻（缝）合器及附件,01-开放及微创手术通用吻 （缝）合器及附件,02-腔镜切割吻合器,172-吻合器类,10-不区分,007-一次性使用/手动/直 线,172005,腔镜直线型切割吻合器（一 次性使用/手动）,邦尼医疗科技（常州）有限公司,,
C1101021721000711953,11-吻（缝）合器及附件,01-开放及微创手术通用吻 （缝）合器及附件,02-腔镜切割吻合器,172-吻合器类,10-不区分,007-一次性使用/手动/直 线,172005,腔镜直线型切割吻合器（一 次性使用/手动）,康晴（江苏）医疗科技有限公司,,
C1101021721000712276,11-吻（缝）合器及附件,01-开放及微创手术通用吻 （缝）合器及附件,02-腔镜切割吻合器,172-吻合器类,10-不区分,007-一次性使用/手动/直 线,172005,腔镜直线型切割吻合器（一 次性使用/手动）,镁格生物科技（江苏）有限公司,,
C1101021721000712290,11-吻（缝）合器及附件,01-开放及微创手术通用吻 （缝）合器及附件,02-腔镜切割吻合器,172-吻合器类,10-不区分,007-一次性使用/手动/直 线,172005,腔镜直线型切割吻合器（一 次性使用/手动）,湖南华外医疗科技有限公司,,
C1101021721000712320,11-吻（缝）合器及附件,01-开放及微创手术通用吻 （缝）合器及附件,02-腔镜切割吻合器,172-吻合器类,10-不区分,007-一次性使用/手动/直 线,172005,腔镜直线型切割吻合器（一 次性使用/手动）,常州哈福医疗器械有限公司,,
C1101021721000712565,11-吻（缝）合器及附件,01-开放及微创手术通用吻 （缝）合器及附件,02-腔镜切割吻合器,172-吻合器类,10-不区分,007-一次性使用/手动/直 线,172005,腔镜直线型切割吻合器（一 次性使用/手动）,武汉联影智融医疗科技有限公司,,
C1101021721000712643,11-吻（缝）合器及附件,01-开放及微创手术通用吻 （缝）合器及附件,02-腔镜切割吻合器,172-吻合器类,10-不区分,007-一次性使用/手动/直 线,172005,腔镜直线型切割吻合器（一 次性使用/手动）,江苏瑞晟医疗器械有限公司,,
C1101021721000712722,11-吻（缝）合器及附件,01-开放及微创手术通用吻 （缝）合器及附件,02-腔镜切割吻合器,172-吻合器类,10-不区分,007-一次性使用/手动/直 线,172005,腔镜直线型切割吻合器（一 次性使用/手动）,重庆大清医疗器械有限公司,,
C1101021721000713266,11-吻（缝）合器及附件,01-开放及微创手术通用吻 （缝）合器及附件,02-腔镜切割吻合器,172-吻合器类,10-不区分,007-一次性使用/手动/直 线,172005,腔镜直线型切割吻合器（一 次性使用/手动）,正合医疗科技（常州）有限公司,,
C1101021721000713633,11-吻（缝）合器及附件,01-开放及微创手术通用吻 （缝）合器及附件,02-腔镜切割吻合器,172-吻合器类,10-不区分,007-一次性使用/手动/直 线,172005,腔镜直线型切割吻合器（一 次性使用/手动）,湖南浣然医疗科技有限公司,,
C1101021721000713634,11-吻（缝）合器及附件,01-开放及微创手术通用吻 （缝）合器及附件,02-腔镜切割吻合器,172-吻合器类,10-不区分,007-一次性使用/手动/直 线,172005,腔镜直线型切割吻合器（一 次性使用/手动）,以瑞康医疗科技（长沙）有限公司,,
C1101021721000713748,11-吻（缝）合器及附件,01-开放及微创手术通用吻 （缝）合器及附件,02-腔镜切割吻合器,172-吻合器类,10-不区分,007-一次性使用/手动/直 线,172005,腔镜直线型切割吻合器（一 次性使用/手动）,江苏乾康医疗器械有限公司,,
C1101021721000713781,11-吻（缝）合器及附件,01-开放及微创手术通用吻 （缝）合器及附件,02-腔镜切割吻合器,172-吻合器类,10-不区分,007-一次性使用/手动/直 线,172005,腔镜直线型切割吻合器（一 次性使用/手动）,常州市三润医疗器械科技有限公司,,
C1101021721000713944,11-吻（缝）合器及附件,01-开放及微创手术通用吻 （缝）合器及附件,02-腔镜切割吻合器,172-吻合器类,10-不区分,007-一次性使用/手动/直 线,172005,腔镜直线型切割吻合器（一 次性使用/手动）,泰州艾贝医疗科技有限公司,,
C1101021721000714250,11-吻（缝）合器及附件,01-开放及微创手术通用吻 （缝）合器及附件,02-腔镜切割吻合器,172-吻合器类,10-不区分,007-一次性使用/手动/直 线,172005,腔镜直线型切割吻合器（一 次性使用/手动）,江苏诚普医疗器械有限公司,,
C1101021721000714419,11-吻（缝）合器及附件,01-开放及微创手术通用吻 （缝）合器及附件,02-腔镜切割吻合器,172-吻合器类,10-不区分,007-一次性使用/手动/直 线,172005,腔镜直线型切割吻合器（一 次性使用/手动）,江西汉普医疗科技有限公司,,
C1101021721000714680,11-吻（缝）合器及附件,01-开放及微创手术通用吻 （缝）合器及附件,02-腔镜切割吻合器,172-吻合器类,10-不区分,007-一次性使用/手动/直 线,172005,腔镜直线型切割吻合器（一 次性使用/手动）,湖南润蓓医疗器械有限公司,,
C1101021721000714737,11-吻（缝）合器及附件,01-开放及微创手术通用吻 （缝）合器及附件,02-腔镜切割吻合器,172-吻合器类,10-不区分,007-一次性使用/手动/直 线,172005,腔镜直线型切割吻合器（一 次性使用/手动）,麦德莱（苏州）医疗科技有限公司,,
C1101021721000715743,11-吻（缝）合器及附件,01-开放及微创手术通用吻 （缝）合器及附件,02-腔镜切割吻合器,172-吻合器类,10-不区分,007-一次性使用/手动/直 线,172005,腔镜直线型切割吻合器（一 次性使用/手动）,施爱德（长沙）医疗器材有限公司,,
C1101021721000715948,11-吻（缝）合器及附件,01-开放及微创手术通用吻 （缝）合器及附件,02-腔镜切割吻合器,172-吻合器类,10-不区分,007-一次性使用/手动/直 线,172005,腔镜直线型切割吻合器（一 次性使用/手动）,善彤医疗科技（湖南）有限公司,,
C1101021721000715965,11-吻（缝）合器及附件,01-开放及微创手术通用吻 （缝）合器及附件,02-腔镜切割吻合器,172-吻合器类,10-不区分,007-一次性使用/手动/直 线,172005,腔镜直线型切割吻合器（一 次性使用/手动）,江苏柏联医疗科技有限公司,,
C1101021721000716022,11-吻（缝）合器及附件,01-开放及微创手术通用吻 （缝）合器及附件,02-腔镜切割吻合器,172-吻合器类,10-不区分,007-一次性使用/手动/直 线,172005,腔镜直线型切割吻合器（一 次性使用/手动）,江苏京品医疗科技有限公司,,
C1101021721000716125,11-吻（缝）合器及附件,01-开放及微创手术通用吻 （缝）合器及附件,02-腔镜切割吻合器,172-吻合器类,10-不区分,007-一次性使用/手动/直 线,172005,腔镜直线型切割吻合器（一 次性使用/手动）,威海柯凡医疗器械科技有限公司,,
C1101021721000716132,11-吻（缝）合器及附件,01-开放及微创手术通用吻 （缝）合器及附件,02-腔镜切割吻合器,172-吻合器类,10-不区分,007-一次性使用/手动/直 线,172005,腔镜直线型切割吻合器（一 次性使用/手动）,湖南贝恩外科器械有限公司,,
C1101021721000716417,11-吻（缝）合器及附件,01-开放及微创手术通用吻 （缝）合器及附件,02-腔镜切割吻合器,172-吻合器类,10-不区分,007-一次性使用/手动/直 线,172005,腔镜直线型切割吻合器（一 次性使用/手动）,瑞迈康（山东）医疗器械有限责任 公司,,
C1101021721000716542,11-吻（缝）合器及附件,01-开放及微创手术通用吻 （缝）合器及附件,02-腔镜切割吻合器,172-吻合器类,10-不区分,007-一次性使用/手动/直 线,172005,腔镜直线型切割吻合器（一 次性使用/手动）,深圳市世格赛思医疗科技有限公司,,
C1101021721000716882,11-吻（缝）合器及附件,01-开放及微创手术通用吻 （缝）合器及附件,02-腔镜切割吻合器,172-吻合器类,10-不区分,007-一次性使用/手动/直 线,172005,腔镜直线型切割吻合器（一 次性使用/手动）,长沙乐普外科医疗器械有限公司,,
C1101021721000717064,11-吻（缝）合器及附件,01-开放及微创手术通用吻 （缝）合器及附件,02-腔镜切割吻合器,172-吻合器类,10-不区分,007-一次性使用/手动/直 线,172005,腔镜直线型切割吻合器（一 次性使用/手动）,湖南辰润医疗科技有限公司,,
C1101021721000717174,11-吻（缝）合器及附件,01-开放及微创手术通用吻 （缝）合器及附件,02-腔镜切割吻合器,172-吻合器类,10-不区分,007-一次性使用/手动/直 线,172005,腔镜直线型切割吻合器（一 次性使用/手动）,重庆市启创医疗器械有限公司,,
C1101021721000717344,11-吻（缝）合器及附件,01-开放及微创手术通用吻 （缝）合器及附件,02-腔镜切割吻合器,172-吻合器类,10-不区分,007-一次性使用/手动/直 线,172005,腔镜直线型切割吻合器（一 次性使用/手动）,福建善慈乐生物科技有限公司,,
C1101021721000717417,11-吻（缝）合器及附件,01-开放及微创手术通用吻 （缝）合器及附件,02-腔镜切割吻合器,172-吻合器类,10-不区分,007-一次性使用/手动/直 线,172005,腔镜直线型切割吻合器（一 次性使用/手动）,元创医学技术（江苏）有限公司,,
C1101021721000717657,11-吻（缝）合器及附件,01-开放及微创手术通用吻 （缝）合器及附件,02-腔镜切割吻合器,172-吻合器类,10-不区分,007-一次性使用/手动/直 线,172005,腔镜直线型切割吻合器（一 次性使用/手动）,苏州越众生物科技有限公司,,
C1101021721000717734,11-吻（缝）合器及附件,01-开放及微创手术通用吻 （缝）合器及附件,02-腔镜切割吻合器,172-吻合器类,10-不区分,007-一次性使用/手动/直 线,172005,腔镜直线型切割吻合器（一 次性使用/手动）,江苏安欣医疗科技有限公司,,
C1101021721000718059,11-吻（缝）合器及附件,01-开放及微创手术通用吻 （缝）合器及附件,02-腔镜切割吻合器,172-吻合器类,10-不区分,007-一次性使用/手动/直 线,172005,腔镜直线型切割吻合器（一 次性使用/手动）,美科特医疗科技（苏州）有限公司,,
C1101021721000718783,11-吻（缝）合器及附件,01-开放及微创手术通用吻 （缝）合器及附件,02-腔镜切割吻合器,172-吻合器类,10-不区分,007-一次性使用/手动/直 线,172005,腔镜直线型切割吻合器（一 次性使用/手动）,长沙润杰医疗器械有限公司,,
C1101021721000719595,11-吻（缝）合器及附件,01-开放及微创手术通用吻 （缝）合器及附件,02-腔镜切割吻合器,172-吻合器类,10-不区分,007-一次性使用/手动/直 线,172005,腔镜直线型切割吻合器（一 次性使用/手动）,厦门星火微光医疗器械制造有限公 司,,
C1101021721000719613,11-吻（缝）合器及附件,01-开放及微创手术通用吻 （缝）合器及附件,02-腔镜切割吻合器,172-吻合器类,10-不区分,007-一次性使用/手动/直 线,172005,腔镜直线型切割吻合器（一 次性使用/手动）,善彤医疗科技（苏州)有限公司,,
C1101021721000719946,11-吻（缝）合器及附件,01-开放及微创手术通用吻 （缝）合器及附件,02-腔镜切割吻合器,172-吻合器类,10-不区分,007-一次性使用/手动/直 线,172005,腔镜直线型切割吻合器（一 次性使用/手动）,苏州科曼医疗器械有限公司,,
C1101021721000720671,11-吻（缝）合器及附件,01-开放及微创手术通用吻 （缝）合器及附件,02-腔镜切割吻合器,172-吻合器类,10-不区分,007-一次性使用/手动/直 线,172005,腔镜直线型切割吻合器（一 次性使用/手动）,常州礼和医疗科技有限公司,,
C1101021721000721161,11-吻（缝）合器及附件,01-开放及微创手术通用吻 （缝）合器及附件,02-腔镜切割吻合器,172-吻合器类,10-不区分,007-一次性使用/手动/直 线,172005,腔镜直线型切割吻合器（一 次性使用/手动）,江苏泰科博曼医疗器械有限公司,,
C1101021721000722016,11-吻（缝）合器及附件,01-开放及微创手术通用吻 （缝）合器及附件,02-腔镜切割吻合器,172-吻合器类,10-不区分,007-一次性使用/手动/直 线,172005,腔镜直线型切割吻合器（一 次性使用/手动）,重庆知我者医疗科技有限公司,,
C1101021721000722058,11-吻（缝）合器及附件,01-开放及微创手术通用吻 （缝）合器及附件,02-腔镜切割吻合器,172-吻合器类,10-不区分,007-一次性使用/手动/直 线,172005,腔镜直线型切割吻合器（一 次性使用/手动）,昂韧芯格纳（浙江）医疗科技有限 公司,,
C1101021721000722273,11-吻（缝）合器及附件,01-开放及微创手术通用吻 （缝）合器及附件,02-腔镜切割吻合器,172-吻合器类,10-不区分,007-一次性使用/手动/直 线,172005,腔镜直线型切割吻合器（一 次性使用/手动）,苏州玛福乐斯医疗科技有限公司,,
C1101021721000723434,11-吻（缝）合器及附件,01-开放及微创手术通用吻 （缝）合器及附件,02-腔镜切割吻合器,172-吻合器类,10-不区分,007-一次性使用/手动/直 线,172005,腔镜直线型切割吻合器（一 次性使用/手动）,江苏芙肽生物科技有限公司,,
C1101021721000723533,11-吻（缝）合器及附件,01-开放及微创手术通用吻 （缝）合器及附件,02-腔镜切割吻合器,172-吻合器类,10-不区分,007-一次性使用/手动/直 线,172005,腔镜直线型切割吻合器（一 次性使用/手动）,武汉迈瑞生物医疗科技有限公司,,
C1101021721000723605,11-吻（缝）合器及附件,01-开放及微创手术通用吻 （缝）合器及附件,02-腔镜切割吻合器,172-吻合器类,10-不区分,007-一次性使用/手动/直 线,172005,腔镜直线型切割吻合器（一 次性使用/手动）,海南栗栗生医疗科技有限公司,,
C1101021721000723665,11-吻（缝）合器及附件,01-开放及微创手术通用吻 （缝）合器及附件,02-腔镜切割吻合器,172-吻合器类,10-不区分,007-一次性使用/手动/直 线,172005,腔镜直线型切割吻合器（一 次性使用/手动）,江西金湛医疗科技有限公司,,
C1101021721000723904,11-吻（缝）合器及附件,01-开放及微创手术通用吻 （缝）合器及附件,02-腔镜切割吻合器,172-吻合器类,10-不区分,007-一次性使用/手动/直 线,172005,腔镜直线型切割吻合器（一 次性使用/手动）,江苏以瑞医疗科技有限公司,,
C1101021721000724436,11-吻（缝）合器及附件,01-开放及微创手术通用吻 （缝）合器及附件,02-腔镜切割吻合器,172-吻合器类,10-不区分,007-一次性使用/手动/直 线,172005,腔镜直线型切割吻合器（一 次性使用/手动）,大瓷生物医疗科技（江苏）有限公 司,,
C1101021721000800013,11-吻（缝）合器及附件,01-开放及微创手术通用吻 （缝）合器及附件,02-腔镜切割吻合器,172-吻合器类,10-不区分,008-一次性使用/电动/直 线,172007,腔镜直线型切割吻合器（一 次性使用/电动）,常州安康医疗器械有限公司,,
C1101021721000800841,11-吻（缝）合器及附件,01-开放及微创手术通用吻 （缝）合器及附件,02-腔镜切割吻合器,172-吻合器类,10-不区分,008-一次性使用/电动/直 线,172007,腔镜直线型切割吻合器（一 次性使用/电动）,苏州法兰克曼医疗器械有限公司,,
C1101021721000800943,11-吻（缝）合器及附件,01-开放及微创手术通用吻 （缝）合器及附件,02-腔镜切割吻合器,172-吻合器类,10-不区分,008-一次性使用/电动/直 线,172007,腔镜直线型切割吻合器（一 次性使用/电动）,天津瑞奇外科器械股份有限公司,,
C1101021721000800977,11-吻（缝）合器及附件,01-开放及微创手术通用吻 （缝）合器及附件,02-腔镜切割吻合器,172-吻合器类,10-不区分,008-一次性使用/电动/直 线,172007,腔镜直线型切割吻合器（一 次性使用/电动）,施爱德（厦门）医疗器材有限公司,,
C1101021721000801105,11-吻（缝）合器及附件,01-开放及微创手术通用吻 （缝）合器及附件,02-腔镜切割吻合器,172-吻合器类,10-不区分,008-一次性使用/电动/直 线,172007,腔镜直线型切割吻合器（一 次性使用/电动）,常州贺利氏微创医疗器械有限公司,,
C1101021721000801298,11-吻（缝）合器及附件,01-开放及微创手术通用吻 （缝）合器及附件,02-腔镜切割吻合器,172-吻合器类,10-不区分,008-一次性使用/电动/直 线,172007,腔镜直线型切割吻合器（一 次性使用/电动）,无锡中科光远生物材料有限公司,,
C1101021721000801321,11-吻（缝）合器及附件,01-开放及微创手术通用吻 （缝）合器及附件,02-腔镜切割吻合器,172-吻合器类,10-不区分,008-一次性使用/电动/直 线,172007,腔镜直线型切割吻合器（一 次性使用/电动）,江苏华夏医疗器械有限公司,,
C1101021721000801458,11-吻（缝）合器及附件,01-开放及微创手术通用吻 （缝）合器及附件,02-腔镜切割吻合器,172-吻合器类,10-不区分,008-一次性使用/电动/直 线,172007,腔镜直线型切割吻合器（一 次性使用/电动）,无锡贝恩外科器械有限公司,,
C1101021721000801564,11-吻（缝）合器及附件,01-开放及微创手术通用吻 （缝）合器及附件,02-腔镜切割吻合器,172-吻合器类,10-不区分,008-一次性使用/电动/直 线,172007,腔镜直线型切割吻合器（一 次性使用/电动）,江苏三联星海医疗器械有限公司,,
C1101021721000801600,11-吻（缝）合器及附件,01-开放及微创手术通用吻 （缝）合器及附件,02-腔镜切割吻合器,172-吻合器类,10-不区分,008-一次性使用/电动/直 线,172007,腔镜直线型切割吻合器（一 次性使用/电动）,常州市久成电子设备有限公司,,
C1101021721000801659,11-吻（缝）合器及附件,01-开放及微创手术通用吻 （缝）合器及附件,02-腔镜切割吻合器,172-吻合器类,10-不区分,008-一次性使用/电动/直 线,172007,腔镜直线型切割吻合器（一 次性使用/电动）,南京普立蒙医疗科技有限公司,,
C1101021721000801933,11-吻（缝）合器及附件,01-开放及微创手术通用吻 （缝）合器及附件,02-腔镜切割吻合器,172-吻合器类,10-不区分,008-一次性使用/电动/直 线,172007,腔镜直线型切割吻合器（一 次性使用/电动）,安徽国泰国瑞医疗科技有限公司,,
C1101021721000801959,11-吻（缝）合器及附件,01-开放及微创手术通用吻 （缝）合器及附件,02-腔镜切割吻合器,172-吻合器类,10-不区分,008-一次性使用/电动/直 线,172007,腔镜直线型切割吻合器（一 次性使用/电动）,江苏博朗森思医疗器械有限公司,,
C1101021721000802088,11-吻（缝）合器及附件,01-开放及微创手术通用吻 （缝）合器及附件,02-腔镜切割吻合器,172-吻合器类,10-不区分,008-一次性使用/电动/直 线,172007,腔镜直线型切割吻合器（一 次性使用/电动）,苏州贝诺医疗器械有限公司,,
C1101021721000802176,11-吻（缝）合器及附件,01-开放及微创手术通用吻 （缝）合器及附件,02-腔镜切割吻合器,172-吻合器类,10-不区分,008-一次性使用/电动/直 线,172007,腔镜直线型切割吻合器（一 次性使用/电动）,无锡东峰怡和科技发展有限公司,,
C1101021721000802228,11-吻（缝）合器及附件,01-开放及微创手术通用吻 （缝）合器及附件,02-腔镜切割吻合器,172-吻合器类,10-不区分,008-一次性使用/电动/直 线,172007,腔镜直线型切割吻合器（一 次性使用/电动）,常州科峰医疗科技有限公司,,
C1101021721000802236,11-吻（缝）合器及附件,01-开放及微创手术通用吻 （缝）合器及附件,02-腔镜切割吻合器,172-吻合器类,10-不区分,008-一次性使用/电动/直 线,172007,腔镜直线型切割吻合器（一 次性使用/电动）,江苏优耐特生物科技有限公司,,
C1101021721000802242,11-吻（缝）合器及附件,01-开放及微创手术通用吻 （缝）合器及附件,02-腔镜切割吻合器,172-吻合器类,10-不区分,008-一次性使用/电动/直 线,172007,腔镜直线型切割吻合器（一 次性使用/电动）,江苏盛纳凯尔医用科技有限公司,,
C1101021721000802275,11-吻（缝）合器及附件,01-开放及微创手术通用吻 （缝）合器及附件,02-腔镜切割吻合器,172-吻合器类,10-不区分,008-一次性使用/电动/直 线,172007,腔镜直线型切割吻合器（一 次性使用/电动）,江苏特普优微创医疗科技有限公司,,
C1101021721000802326,11-吻（缝）合器及附件,01-开放及微创手术通用吻 （缝）合器及附件,02-腔镜切割吻合器,172-吻合器类,10-不区分,008-一次性使用/电动/直 线,172007,腔镜直线型切割吻合器（一 次性使用/电动）,常州创捷微创医疗器械有限公司,,
C1101021721000802412,11-吻（缝）合器及附件,01-开放及微创手术通用吻 （缝）合器及附件,02-腔镜切割吻合器,172-吻合器类,10-不区分,008-一次性使用/电动/直 线,172007,腔镜直线型切割吻合器（一 次性使用/电动）,常州生物医学工程有限公司,,
C1101021721000802601,11-吻（缝）合器及附件,01-开放及微创手术通用吻 （缝）合器及附件,02-腔镜切割吻合器,172-吻合器类,10-不区分,008-一次性使用/电动/直 线,172007,腔镜直线型切割吻合器（一 次性使用/电动）,常州洛克曼医疗器械有限公司,,
C1101021721000802707,11-吻（缝）合器及附件,01-开放及微创手术通用吻 （缝）合器及附件,02-腔镜切割吻合器,172-吻合器类,10-不区分,008-一次性使用/电动/直 线,172007,腔镜直线型切割吻合器（一 次性使用/电动）,常州安克医疗科技有限公司,,
C1101021721000802776,11-吻（缝）合器及附件,01-开放及微创手术通用吻 （缝）合器及附件,02-腔镜切割吻合器,172-吻合器类,10-不区分,008-一次性使用/电动/直 线,172007,腔镜直线型切割吻合器（一 次性使用/电动）,江苏钱璟医疗器械有限公司,,
C1101021721000802842,11-吻（缝）合器及附件,01-开放及微创手术通用吻 （缝）合器及附件,02-腔镜切割吻合器,172-吻合器类,10-不区分,008-一次性使用/电动/直 线,172007,腔镜直线型切割吻合器（一 次性使用/电动）,江苏瑞安贝医疗器械有限公司,,
C1101021721000803052,11-吻（缝）合器及附件,01-开放及微创手术通用吻 （缝）合器及附件,02-腔镜切割吻合器,172-吻合器类,10-不区分,008-一次性使用/电动/直 线,172007,腔镜直线型切割吻合器（一 次性使用/电动）,杭州申科医疗器械有限公司,,
C1101021721000803370,11-吻（缝）合器及附件,01-开放及微创手术通用吻 （缝）合器及附件,02-腔镜切割吻合器,172-吻合器类,10-不区分,008-一次性使用/电动/直 线,172007,腔镜直线型切割吻合器（一 次性使用/电动）,泰戈斯医疗器械（江苏）有限公司,,
C1101021721000804021,11-吻（缝）合器及附件,01-开放及微创手术通用吻 （缝）合器及附件,02-腔镜切割吻合器,172-吻合器类,10-不区分,008-一次性使用/电动/直 线,172007,腔镜直线型切割吻合器（一 次性使用/电动）,无锡市瑞源普斯医疗器械有限公司,,
C1101021721000804080,11-吻（缝）合器及附件,01-开放及微创手术通用吻 （缝）合器及附件,02-腔镜切割吻合器,172-吻合器类,10-不区分,008-一次性使用/电动/直 线,172007,腔镜直线型切割吻合器（一 次性使用/电动）,南京宁创医疗设备有限公司,,
C1101021721000804638,11-吻（缝）合器及附件,01-开放及微创手术通用吻 （缝）合器及附件,02-腔镜切割吻合器,172-吻合器类,10-不区分,008-一次性使用/电动/直 线,172007,腔镜直线型切割吻合器（一 次性使用/电动）,常州威克医疗器械有限公司,,
C1101021721000804716,11-吻（缝）合器及附件,01-开放及微创手术通用吻 （缝）合器及附件,02-腔镜切割吻合器,172-吻合器类,10-不区分,008-一次性使用/电动/直 线,172007,腔镜直线型切割吻合器（一 次性使用/电动）,宁波甬星医疗仪器有限公司,,
C1101021721000804927,11-吻（缝）合器及附件,01-开放及微创手术通用吻 （缝）合器及附件,02-腔镜切割吻合器,172-吻合器类,10-不区分,008-一次性使用/电动/直 线,172007,腔镜直线型切割吻合器（一 次性使用/电动）,武汉半边天医疗技术发展有限公司,,
C1101021721000805107,11-吻（缝）合器及附件,01-开放及微创手术通用吻 （缝）合器及附件,02-腔镜切割吻合器,172-吻合器类,10-不区分,008-一次性使用/电动/直 线,172007,腔镜直线型切割吻合器（一 次性使用/电动）,常州市新能源吻合器总厂有限公司,,
C1101021721000806224,11-吻（缝）合器及附件,01-开放及微创手术通用吻 （缝）合器及附件,02-腔镜切割吻合器,172-吻合器类,10-不区分,008-一次性使用/电动/直 线,172007,腔镜直线型切割吻合器（一 次性使用/电动）,江苏风和医疗器材股份有限公司,,
C1101021721000806410,11-吻（缝）合器及附件,01-开放及微创手术通用吻 （缝）合器及附件,02-腔镜切割吻合器,172-吻合器类,10-不区分,008-一次性使用/电动/直 线,172007,腔镜直线型切割吻合器（一 次性使用/电动）,常州华森医疗器械股份有限公司,,
C1101021721000806452,11-吻（缝）合器及附件,01-开放及微创手术通用吻 （缝）合器及附件,02-腔镜切割吻合器,172-吻合器类,10-不区分,008-一次性使用/电动/直 线,172007,腔镜直线型切割吻合器（一 次性使用/电动）,无锡市神康医疗器械设备有限公司,,
C1101021721000806618,11-吻（缝）合器及附件,01-开放及微创手术通用吻 （缝）合器及附件,02-腔镜切割吻合器,172-吻合器类,10-不区分,008-一次性使用/电动/直 线,172007,腔镜直线型切割吻合器（一 次性使用/电动）,江苏健瑞宝医疗科技股份有限公司,,
C1101021721000806759,11-吻（缝）合器及附件,01-开放及微创手术通用吻 （缝）合器及附件,02-腔镜切割吻合器,172-吻合器类,10-不区分,008-一次性使用/电动/直 线,172007,腔镜直线型切割吻合器（一 次性使用/电动）,宁波维尔凯迪医疗器械有限公司,,
C1101021721000806855,11-吻（缝）合器及附件,01-开放及微创手术通用吻 （缝）合器及附件,02-腔镜切割吻合器,172-吻合器类,10-不区分,008-一次性使用/电动/直 线,172007,腔镜直线型切割吻合器（一 次性使用/电动）,山东威瑞外科医用制品有限公司,,
C1101021721000806894,11-吻（缝）合器及附件,01-开放及微创手术通用吻 （缝）合器及附件,02-腔镜切割吻合器,172-吻合器类,10-不区分,008-一次性使用/电动/直 线,172007,腔镜直线型切割吻合器（一 次性使用/电动）,南京迈迪欣医疗器械有限公司,,
C1101021721000807013,11-吻（缝）合器及附件,01-开放及微创手术通用吻 （缝）合器及附件,02-腔镜切割吻合器,172-吻合器类,10-不区分,008-一次性使用/电动/直 线,172007,腔镜直线型切割吻合器（一 次性使用/电动）,无锡市舒康医疗器械有限公司,,
C1101021721000807030,11-吻（缝）合器及附件,01-开放及微创手术通用吻 （缝）合器及附件,02-腔镜切割吻合器,172-吻合器类,10-不区分,008-一次性使用/电动/直 线,172007,腔镜直线型切割吻合器（一 次性使用/电动）,江苏凯尔特医疗科技有限公司,,
C1101021721000807079,11-吻（缝）合器及附件,01-开放及微创手术通用吻 （缝）合器及附件,02-腔镜切割吻合器,172-吻合器类,10-不区分,008-一次性使用/电动/直 线,172007,腔镜直线型切割吻合器（一 次性使用/电动）,常州同创医疗器械科技有限公司,,
C1101021721000807197,11-吻（缝）合器及附件,01-开放及微创手术通用吻 （缝）合器及附件,02-腔镜切割吻合器,172-吻合器类,10-不区分,008-一次性使用/电动/直 线,172007,腔镜直线型切割吻合器（一 次性使用/电动）,常州海尔斯医疗器械科技有限公司,,
C1101021721000807284,11-吻（缝）合器及附件,01-开放及微创手术通用吻 （缝）合器及附件,02-腔镜切割吻合器,172-吻合器类,10-不区分,008-一次性使用/电动/直 线,172007,腔镜直线型切割吻合器（一 次性使用/电动）,微至（苏州）医疗科技有限公司,,
C1101021721000807429,11-吻（缝）合器及附件,01-开放及微创手术通用吻 （缝）合器及附件,02-腔镜切割吻合器,172-吻合器类,10-不区分,008-一次性使用/电动/直 线,172007,腔镜直线型切割吻合器（一 次性使用/电动）,天臣国际医疗科技股份有限公司,,
C1101021721000807975,11-吻（缝）合器及附件,01-开放及微创手术通用吻 （缝）合器及附件,02-腔镜切割吻合器,172-吻合器类,10-不区分,008-一次性使用/电动/直 线,172007,腔镜直线型切割吻合器（一 次性使用/电动）,杭州迈瑞医疗科技有限公司,,
C1101021721000808019,11-吻（缝）合器及附件,01-开放及微创手术通用吻 （缝）合器及附件,02-腔镜切割吻合器,172-吻合器类,10-不区分,008-一次性使用/电动/直 线,172007,腔镜直线型切割吻合器（一 次性使用/电动）,江苏瑞普医疗器械科技有限公司,,
C1101021721000808304,11-吻（缝）合器及附件,01-开放及微创手术通用吻 （缝）合器及附件,02-腔镜切割吻合器,172-吻合器类,10-不区分,008-一次性使用/电动/直 线,172007,腔镜直线型切割吻合器（一 次性使用/电动）,强生（苏州）医疗器材有限公司,,
C1101021721000808414,11-吻（缝）合器及附件,01-开放及微创手术通用吻 （缝）合器及附件,02-腔镜切割吻合器,172-吻合器类,10-不区分,008-一次性使用/电动/直 线,172007,腔镜直线型切割吻合器（一 次性使用/电动）,北京派尔特医疗科技股份有限公司,,
C1101021721000808471,11-吻（缝）合器及附件,01-开放及微创手术通用吻 （缝）合器及附件,02-腔镜切割吻合器,172-吻合器类,10-不区分,008-一次性使用/电动/直 线,172007,腔镜直线型切割吻合器（一 次性使用/电动）,江苏明朗医疗器械科技有限公司,,
C1101021721000808888,11-吻（缝）合器及附件,01-开放及微创手术通用吻 （缝）合器及附件,02-腔镜切割吻合器,172-吻合器类,10-不区分,008-一次性使用/电动/直 线,172007,腔镜直线型切割吻合器（一 次性使用/电动）,美敦力常州医疗器械有限公司,,
C1101021721000808889,11-吻（缝）合器及附件,01-开放及微创手术通用吻 （缝）合器及附件,02-腔镜切割吻合器,172-吻合器类,10-不区分,008-一次性使用/电动/直 线,172007,腔镜直线型切割吻合器（一 次性使用/电动）,湖南康呈医疗科技有限公司,,
C1101021721000809051,11-吻（缝）合器及附件,01-开放及微创手术通用吻 （缝）合器及附件,02-腔镜切割吻合器,172-吻合器类,10-不区分,008-一次性使用/电动/直 线,172007,腔镜直线型切割吻合器（一 次性使用/电动）,江苏冠创医疗科技有限公司,,
C1101021721000809098,11-吻（缝）合器及附件,01-开放及微创手术通用吻 （缝）合器及附件,02-腔镜切割吻合器,172-吻合器类,10-不区分,008-一次性使用/电动/直 线,172007,腔镜直线型切割吻合器（一 次性使用/电动）,强生（上海）医疗器材有限公司,,
C1101021721000809550,11-吻（缝）合器及附件,01-开放及微创手术通用吻 （缝）合器及附件,02-腔镜切割吻合器,172-吻合器类,10-不区分,008-一次性使用/电动/直 线,172007,腔镜直线型切割吻合器（一 次性使用/电动）,江苏臣诺医疗器械有限公司,,
C1101021721000809709,11-吻（缝）合器及附件,01-开放及微创手术通用吻 （缝）合器及附件,02-腔镜切割吻合器,172-吻合器类,10-不区分,008-一次性使用/电动/直 线,172007,腔镜直线型切割吻合器（一 次性使用/电动）,常州市海达医疗器械有限公司,,
C1101021721000809869,11-吻（缝）合器及附件,01-开放及微创手术通用吻 （缝）合器及附件,02-腔镜切割吻合器,172-吻合器类,10-不区分,008-一次性使用/电动/直 线,172007,腔镜直线型切割吻合器（一 次性使用/电动）,江苏芸众医疗科技有限公司,,
C1101021721000809979,11-吻（缝）合器及附件,01-开放及微创手术通用吻 （缝）合器及附件,02-腔镜切割吻合器,172-吻合器类,10-不区分,008-一次性使用/电动/直 线,172007,腔镜直线型切割吻合器（一 次性使用/电动）,上海逸思医疗科技股份有限公司,,
C1101021721000810084,11-吻（缝）合器及附件,01-开放及微创手术通用吻 （缝）合器及附件,02-腔镜切割吻合器,172-吻合器类,10-不区分,008-一次性使用/电动/直 线,172007,腔镜直线型切割吻合器（一 次性使用/电动）,宁波海泰科迈医疗器械有限公司,,
C1101021721000810203,11-吻（缝）合器及附件,01-开放及微创手术通用吻 （缝）合器及附件,02-腔镜切割吻合器,172-吻合器类,10-不区分,008-一次性使用/电动/直 线,172007,腔镜直线型切割吻合器（一 次性使用/电动）,普瑞德医疗器械科技江苏有限公司,,
C1101021721000810208,11-吻（缝）合器及附件,01-开放及微创手术通用吻 （缝）合器及附件,02-腔镜切割吻合器,172-吻合器类,10-不区分,008-一次性使用/电动/直 线,172007,腔镜直线型切割吻合器（一 次性使用/电动）,杭州康基医疗器械有限公司,,
C1101021721000810236,11-吻（缝）合器及附件,01-开放及微创手术通用吻 （缝）合器及附件,02-腔镜切割吻合器,172-吻合器类,10-不区分,008-一次性使用/电动/直 线,172007,腔镜直线型切割吻合器（一 次性使用/电动）,湖南三瑞生物科技有限责任公司,,
C1101021721000810372,11-吻（缝）合器及附件,01-开放及微创手术通用吻 （缝）合器及附件,02-腔镜切割吻合器,172-吻合器类,10-不区分,008-一次性使用/电动/直 线,172007,腔镜直线型切割吻合器（一 次性使用/电动）,逸思（苏州）医疗科技有限公司,,
C1101021721000810394,11-吻（缝）合器及附件,01-开放及微创手术通用吻 （缝）合器及附件,02-腔镜切割吻合器,172-吻合器类,10-不区分,008-一次性使用/电动/直 线,172007,腔镜直线型切割吻合器（一 次性使用/电动）,重庆迈科唯医疗科技有限公司,,
C1101021721000810420,11-吻（缝）合器及附件,01-开放及微创手术通用吻 （缝）合器及附件,02-腔镜切割吻合器,172-吻合器类,10-不区分,008-一次性使用/电动/直 线,172007,腔镜直线型切割吻合器（一 次性使用/电动）,常州市康迪医用吻合器有限公司,,
C1101021721000811079,11-吻（缝）合器及附件,01-开放及微创手术通用吻 （缝）合器及附件,02-腔镜切割吻合器,172-吻合器类,10-不区分,008-一次性使用/电动/直 线,172007,腔镜直线型切割吻合器（一 次性使用/电动）,常州杰瑞尔医疗器械有限公司,,
C1101021721000811432,11-吻（缝）合器及附件,01-开放及微创手术通用吻 （缝）合器及附件,02-腔镜切割吻合器,172-吻合器类,10-不区分,008-一次性使用/电动/直 线,172007,腔镜直线型切割吻合器（一 次性使用/电动）,江苏康赛医疗器械科技有限公司,,
C1101021721000811452,11-吻（缝）合器及附件,01-开放及微创手术通用吻 （缝）合器及附件,02-腔镜切割吻合器,172-吻合器类,10-不区分,008-一次性使用/电动/直 线,172007,腔镜直线型切割吻合器（一 次性使用/电动）,江苏百纳医疗科技有限公司,,
C1101021721000811492,11-吻（缝）合器及附件,01-开放及微创手术通用吻 （缝）合器及附件,02-腔镜切割吻合器,172-吻合器类,10-不区分,008-一次性使用/电动/直 线,172007,腔镜直线型切割吻合器（一 次性使用/电动）,江苏柯汇医疗科技有限公司,,
C1101021721000811518,11-吻（缝）合器及附件,01-开放及微创手术通用吻 （缝）合器及附件,02-腔镜切割吻合器,172-吻合器类,10-不区分,008-一次性使用/电动/直 线,172007,腔镜直线型切割吻合器（一 次性使用/电动）,赛诺微医疗科技（浙江）有限公司,,
C1101021721000811552,11-吻（缝）合器及附件,01-开放及微创手术通用吻 （缝）合器及附件,02-腔镜切割吻合器,172-吻合器类,10-不区分,008-一次性使用/电动/直 线,172007,腔镜直线型切割吻合器（一 次性使用/电动）,重庆德川医疗器械有限公司,,
C1101021721000811594,11-吻（缝）合器及附件,01-开放及微创手术通用吻 （缝）合器及附件,02-腔镜切割吻合器,172-吻合器类,10-不区分,008-一次性使用/电动/直 线,172007,腔镜直线型切割吻合器（一 次性使用/电动）,河北卫崭医疗科技有限公司,,
C1101021721000811713,11-吻（缝）合器及附件,01-开放及微创手术通用吻 （缝）合器及附件,02-腔镜切割吻合器,172-吻合器类,10-不区分,008-一次性使用/电动/直 线,172007,腔镜直线型切割吻合器（一 次性使用/电动）,南京竹海生物科技有限公司,,
C1101021721000811809,11-吻（缝）合器及附件,01-开放及微创手术通用吻 （缝）合器及附件,02-腔镜切割吻合器,172-吻合器类,10-不区分,008-一次性使用/电动/直 线,172007,腔镜直线型切割吻合器（一 次性使用/电动）,湖南思捷泰克医疗科技有限公司,,
C1101021721000811860,11-吻（缝）合器及附件,01-开放及微创手术通用吻 （缝）合器及附件,02-腔镜切割吻合器,172-吻合器类,10-不区分,008-一次性使用/电动/直 线,172007,腔镜直线型切割吻合器（一 次性使用/电动）,邦尼医疗科技（常州）有限公司,,
C1101021721000811953,11-吻（缝）合器及附件,01-开放及微创手术通用吻 （缝）合器及附件,02-腔镜切割吻合器,172-吻合器类,10-不区分,008-一次性使用/电动/直 线,172007,腔镜直线型切割吻合器（一 次性使用/电动）,康晴（江苏）医疗科技有限公司,,
C1101021721000812160,11-吻（缝）合器及附件,01-开放及微创手术通用吻 （缝）合器及附件,02-腔镜切割吻合器,172-吻合器类,10-不区分,008-一次性使用/电动/直 线,172007,腔镜直线型切割吻合器（一 次性使用/电动）,苏州英途康医疗科技有限公司,,
C1101021721000812276,11-吻（缝）合器及附件,01-开放及微创手术通用吻 （缝）合器及附件,02-腔镜切割吻合器,172-吻合器类,10-不区分,008-一次性使用/电动/直 线,172007,腔镜直线型切割吻合器（一 次性使用/电动）,镁格生物科技（江苏）有限公司,,
C1101021721000812290,11-吻（缝）合器及附件,01-开放及微创手术通用吻 （缝）合器及附件,02-腔镜切割吻合器,172-吻合器类,10-不区分,008-一次性使用/电动/直 线,172007,腔镜直线型切割吻合器（一 次性使用/电动）,湖南华外医疗科技有限公司,,
C1101021721000812565,11-吻（缝）合器及附件,01-开放及微创手术通用吻 （缝）合器及附件,02-腔镜切割吻合器,172-吻合器类,10-不区分,008-一次性使用/电动/直 线,172007,腔镜直线型切割吻合器（一 次性使用/电动）,武汉联影智融医疗科技有限公司,,
C1101021721000812680,11-吻（缝）合器及附件,01-开放及微创手术通用吻 （缝）合器及附件,02-腔镜切割吻合器,172-吻合器类,10-不区分,008-一次性使用/电动/直 线,172007,腔镜直线型切割吻合器（一 次性使用/电动）,江苏宝多利亚医疗科技有限公司,,
C1101021721000813235,11-吻（缝）合器及附件,01-开放及微创手术通用吻 （缝）合器及附件,02-腔镜切割吻合器,172-吻合器类,10-不区分,008-一次性使用/电动/直 线,172007,腔镜直线型切割吻合器（一 次性使用/电动）,弘福瑞昇（苏州）微创医疗科技有 限公司,,
C1101021721000813266,11-吻（缝）合器及附件,01-开放及微创手术通用吻 （缝）合器及附件,02-腔镜切割吻合器,172-吻合器类,10-不区分,008-一次性使用/电动/直 线,172007,腔镜直线型切割吻合器（一 次性使用/电动）,正合医疗科技（常州）有限公司,,
C1101021721000813539,11-吻（缝）合器及附件,01-开放及微创手术通用吻 （缝）合器及附件,02-腔镜切割吻合器,172-吻合器类,10-不区分,008-一次性使用/电动/直 线,172007,腔镜直线型切割吻合器（一 次性使用/电动）,湖南半陀医疗科技有限公司,,
C1101021721000813632,11-吻（缝）合器及附件,01-开放及微创手术通用吻 （缝）合器及附件,02-腔镜切割吻合器,172-吻合器类,10-不区分,008-一次性使用/电动/直 线,172007,腔镜直线型切割吻合器（一 次性使用/电动）,湖南迈科唯医疗科技有限公司,,
C1101021721000813633,11-吻（缝）合器及附件,01-开放及微创手术通用吻 （缝）合器及附件,02-腔镜切割吻合器,172-吻合器类,10-不区分,008-一次性使用/电动/直 线,172007,腔镜直线型切割吻合器（一 次性使用/电动）,湖南浣然医疗科技有限公司,,
C1101021721000813634,11-吻（缝）合器及附件,01-开放及微创手术通用吻 （缝）合器及附件,02-腔镜切割吻合器,172-吻合器类,10-不区分,008-一次性使用/电动/直 线,172007,腔镜直线型切割吻合器（一 次性使用/电动）,以瑞康医疗科技（长沙）有限公司,,
C1101021721000813748,11-吻（缝）合器及附件,01-开放及微创手术通用吻 （缝）合器及附件,02-腔镜切割吻合器,172-吻合器类,10-不区分,008-一次性使用/电动/直 线,172007,腔镜直线型切割吻合器（一 次性使用/电动）,江苏乾康医疗器械有限公司,,
C1101021721000814419,11-吻（缝）合器及附件,01-开放及微创手术通用吻 （缝）合器及附件,02-腔镜切割吻合器,172-吻合器类,10-不区分,008-一次性使用/电动/直 线,172007,腔镜直线型切割吻合器（一 次性使用/电动）,江西汉普医疗科技有限公司,,
C1101021721000814680,11-吻（缝）合器及附件,01-开放及微创手术通用吻 （缝）合器及附件,02-腔镜切割吻合器,172-吻合器类,10-不区分,008-一次性使用/电动/直 线,172007,腔镜直线型切割吻合器（一 次性使用/电动）,湖南润蓓医疗器械有限公司,,
C1101021721000814737,11-吻（缝）合器及附件,01-开放及微创手术通用吻 （缝）合器及附件,02-腔镜切割吻合器,172-吻合器类,10-不区分,008-一次性使用/电动/直 线,172007,腔镜直线型切割吻合器（一 次性使用/电动）,麦德莱（苏州）医疗科技有限公司,,
C1101021721000815153,11-吻（缝）合器及附件,01-开放及微创手术通用吻 （缝）合器及附件,02-腔镜切割吻合器,172-吻合器类,10-不区分,008-一次性使用/电动/直 线,172007,腔镜直线型切割吻合器（一 次性使用/电动）,江西瀚良生物科技有限公司,,
C1101021721000815743,11-吻（缝）合器及附件,01-开放及微创手术通用吻 （缝）合器及附件,02-腔镜切割吻合器,172-吻合器类,10-不区分,008-一次性使用/电动/直 线,172007,腔镜直线型切割吻合器（一 次性使用/电动）,施爱德（长沙）医疗器材有限公司,,
C1101021721000815948,11-吻（缝）合器及附件,01-开放及微创手术通用吻 （缝）合器及附件,02-腔镜切割吻合器,172-吻合器类,10-不区分,008-一次性使用/电动/直 线,172007,腔镜直线型切割吻合器（一 次性使用/电动）,善彤医疗科技（湖南）有限公司,,
C1101021721000816022,11-吻（缝）合器及附件,01-开放及微创手术通用吻 （缝）合器及附件,02-腔镜切割吻合器,172-吻合器类,10-不区分,008-一次性使用/电动/直 线,172007,腔镜直线型切割吻合器（一 次性使用/电动）,江苏京品医疗科技有限公司,,
C1101021721000816125,11-吻（缝）合器及附件,01-开放及微创手术通用吻 （缝）合器及附件,02-腔镜切割吻合器,172-吻合器类,10-不区分,008-一次性使用/电动/直 线,172007,腔镜直线型切割吻合器（一 次性使用/电动）,威海柯凡医疗器械科技有限公司,,
C1101021721000816132,11-吻（缝）合器及附件,01-开放及微创手术通用吻 （缝）合器及附件,02-腔镜切割吻合器,172-吻合器类,10-不区分,008-一次性使用/电动/直 线,172007,腔镜直线型切割吻合器（一 次性使用/电动）,湖南贝恩外科器械有限公司,,
C1101021721000816417,11-吻（缝）合器及附件,01-开放及微创手术通用吻 （缝）合器及附件,02-腔镜切割吻合器,172-吻合器类,10-不区分,008-一次性使用/电动/直 线,172007,腔镜直线型切割吻合器（一 次性使用/电动）,瑞迈康（山东）医疗器械有限责任 公司,,
C1101021721000816475,11-吻（缝）合器及附件,01-开放及微创手术通用吻 （缝）合器及附件,02-腔镜切割吻合器,172-吻合器类,10-不区分,008-一次性使用/电动/直 线,172007,腔镜直线型切割吻合器（一 次性使用/电动）,直观复星医疗器械技术（上海）有 限公司,,
C1101021721000816542,11-吻（缝）合器及附件,01-开放及微创手术通用吻 （缝）合器及附件,02-腔镜切割吻合器,172-吻合器类,10-不区分,008-一次性使用/电动/直 线,172007,腔镜直线型切割吻合器（一 次性使用/电动）,深圳市世格赛思医疗科技有限公司,,
C1101021721000816882,11-吻（缝）合器及附件,01-开放及微创手术通用吻 （缝）合器及附件,02-腔镜切割吻合器,172-吻合器类,10-不区分,008-一次性使用/电动/直 线,172007,腔镜直线型切割吻合器（一 次性使用/电动）,长沙乐普外科医疗器械有限公司,,
C1101021721000817064,11-吻（缝）合器及附件,01-开放及微创手术通用吻 （缝）合器及附件,02-腔镜切割吻合器,172-吻合器类,10-不区分,008-一次性使用/电动/直 线,172007,腔镜直线型切割吻合器（一 次性使用/电动）,湖南辰润医疗科技有限公司,,
C1101021721000817125,11-吻（缝）合器及附件,01-开放及微创手术通用吻 （缝）合器及附件,02-腔镜切割吻合器,172-吻合器类,10-不区分,008-一次性使用/电动/直 线,172007,腔镜直线型切割吻合器（一 次性使用/电动）,英途康医疗科技（长沙）有限公司,,
C1101021721000817174,11-吻（缝）合器及附件,01-开放及微创手术通用吻 （缝）合器及附件,02-腔镜切割吻合器,172-吻合器类,10-不区分,008-一次性使用/电动/直 线,172007,腔镜直线型切割吻合器（一 次性使用/电动）,重庆市启创医疗器械有限公司,,
C1101021721000817344,11-吻（缝）合器及附件,01-开放及微创手术通用吻 （缝）合器及附件,02-腔镜切割吻合器,172-吻合器类,10-不区分,008-一次性使用/电动/直 线,172007,腔镜直线型切割吻合器（一 次性使用/电动）,福建善慈乐生物科技有限公司,,
C1101021721000817417,11-吻（缝）合器及附件,01-开放及微创手术通用吻 （缝）合器及附件,02-腔镜切割吻合器,172-吻合器类,10-不区分,008-一次性使用/电动/直 线,172007,腔镜直线型切割吻合器（一 次性使用/电动）,元创医学技术（江苏）有限公司,,
C1101021721000817657,11-吻（缝）合器及附件,01-开放及微创手术通用吻 （缝）合器及附件,02-腔镜切割吻合器,172-吻合器类,10-不区分,008-一次性使用/电动/直 线,172007,腔镜直线型切割吻合器（一 次性使用/电动）,苏州越众生物科技有限公司,,
C1101021721000817734,11-吻（缝）合器及附件,01-开放及微创手术通用吻 （缝）合器及附件,02-腔镜切割吻合器,172-吻合器类,10-不区分,008-一次性使用/电动/直 线,172007,腔镜直线型切割吻合器（一 次性使用/电动）,江苏安欣医疗科技有限公司,,
C1101021721000817949,11-吻（缝）合器及附件,01-开放及微创手术通用吻 （缝）合器及附件,02-腔镜切割吻合器,172-吻合器类,10-不区分,008-一次性使用/电动/直 线,172007,腔镜直线型切割吻合器（一 次性使用/电动）,湖南伽莱科医疗器械有限公司,,
C1101021721000817996,11-吻（缝）合器及附件,01-开放及微创手术通用吻 （缝）合器及附件,02-腔镜切割吻合器,172-吻合器类,10-不区分,008-一次性使用/电动/直 线,172007,腔镜直线型切割吻合器（一 次性使用/电动）,新镜界（湘潭）医疗科技有限公司,,
C1101021721000818059,11-吻（缝）合器及附件,01-开放及微创手术通用吻 （缝）合器及附件,02-腔镜切割吻合器,172-吻合器类,10-不区分,008-一次性使用/电动/直 线,172007,腔镜直线型切割吻合器（一 次性使用/电动）,美科特医疗科技（苏州）有限公司,,
C1101021721000818495,11-吻（缝）合器及附件,01-开放及微创手术通用吻 （缝）合器及附件,02-腔镜切割吻合器,172-吻合器类,10-不区分,008-一次性使用/电动/直 线,172007,腔镜直线型切割吻合器（一 次性使用/电动）,重庆悠创生物技术有限公司,,
C1101021721000818783,11-吻（缝）合器及附件,01-开放及微创手术通用吻 （缝）合器及附件,02-腔镜切割吻合器,172-吻合器类,10-不区分,008-一次性使用/电动/直 线,172007,腔镜直线型切割吻合器（一 次性使用/电动）,长沙润杰医疗器械有限公司,,
C1101021721000819590,11-吻（缝）合器及附件,01-开放及微创手术通用吻 （缝）合器及附件,02-腔镜切割吻合器,172-吻合器类,10-不区分,008-一次性使用/电动/直 线,172007,腔镜直线型切割吻合器（一 次性使用/电动）,上际医疗科技（浙江）有限公司,,
C1101021721000819595,11-吻（缝）合器及附件,01-开放及微创手术通用吻 （缝）合器及附件,02-腔镜切割吻合器,172-吻合器类,10-不区分,008-一次性使用/电动/直 线,172007,腔镜直线型切割吻合器（一 次性使用/电动）,厦门星火微光医疗器械制造有限公 司,,
C1101021721000819611,11-吻（缝）合器及附件,01-开放及微创手术通用吻 （缝）合器及附件,02-腔镜切割吻合器,172-吻合器类,10-不区分,008-一次性使用/电动/直 线,172007,腔镜直线型切割吻合器（一 次性使用/电动）,锐曜石医疗科技(苏州)有限公司,,
C1101021721000819613,11-吻（缝）合器及附件,01-开放及微创手术通用吻 （缝）合器及附件,02-腔镜切割吻合器,172-吻合器类,10-不区分,008-一次性使用/电动/直 线,172007,腔镜直线型切割吻合器（一 次性使用/电动）,善彤医疗科技（苏州)有限公司,,
C1101021721000819861,11-吻（缝）合器及附件,01-开放及微创手术通用吻 （缝）合器及附件,02-腔镜切割吻合器,172-吻合器类,10-不区分,008-一次性使用/电动/直 线,172007,腔镜直线型切割吻合器（一 次性使用/电动）,以诺康医疗科技（合肥）有限公司,,
C1101021721000819946,11-吻（缝）合器及附件,01-开放及微创手术通用吻 （缝）合器及附件,02-腔镜切割吻合器,172-吻合器类,10-不区分,008-一次性使用/电动/直 线,172007,腔镜直线型切割吻合器（一 次性使用/电动）,苏州科曼医疗器械有限公司,,
C1101021721000820671,11-吻（缝）合器及附件,01-开放及微创手术通用吻 （缝）合器及附件,02-腔镜切割吻合器,172-吻合器类,10-不区分,008-一次性使用/电动/直 线,172007,腔镜直线型切割吻合器（一 次性使用/电动）,常州礼和医疗科技有限公司,,
C1101021721000821161,11-吻（缝）合器及附件,01-开放及微创手术通用吻 （缝）合器及附件,02-腔镜切割吻合器,172-吻合器类,10-不区分,008-一次性使用/电动/直 线,172007,腔镜直线型切割吻合器（一 次性使用/电动）,江苏泰科博曼医疗器械有限公司,,
C1101021721000821361,11-吻（缝）合器及附件,01-开放及微创手术通用吻 （缝）合器及附件,02-腔镜切割吻合器,172-吻合器类,10-不区分,008-一次性使用/电动/直 线,172007,腔镜直线型切割吻合器（一 次性使用/电动）,海南维智博威鑫科技有限公司,,
C1101021721000821455,11-吻（缝）合器及附件,01-开放及微创手术通用吻 （缝）合器及附件,02-腔镜切割吻合器,172-吻合器类,10-不区分,008-一次性使用/电动/直 线,172007,腔镜直线型切割吻合器（一 次性使用/电动）,苏州梵洐医疗科技有限公司,,
C1101021721000821775,11-吻（缝）合器及附件,01-开放及微创手术通用吻 （缝）合器及附件,02-腔镜切割吻合器,172-吻合器类,10-不区分,008-一次性使用/电动/直 线,172007,腔镜直线型切割吻合器（一 次性使用/电动）,武汉智瓴医疗科技有限公司,,
C1101021721000821846,11-吻（缝）合器及附件,01-开放及微创手术通用吻 （缝）合器及附件,02-腔镜切割吻合器,172-吻合器类,10-不区分,008-一次性使用/电动/直 线,172007,腔镜直线型切割吻合器（一 次性使用/电动）,康奇舒宁（苏州）医疗科技有限公 司,,
C1101021721000821860,11-吻（缝）合器及附件,01-开放及微创手术通用吻 （缝）合器及附件,02-腔镜切割吻合器,172-吻合器类,10-不区分,008-一次性使用/电动/直 线,172007,腔镜直线型切割吻合器（一 次性使用/电动）,江苏奕龙微创医疗科技有限公司,,
C1101021721000821898,11-吻（缝）合器及附件,01-开放及微创手术通用吻 （缝）合器及附件,02-腔镜切割吻合器,172-吻合器类,10-不区分,008-一次性使用/电动/直 线,172007,腔镜直线型切割吻合器（一 次性使用/电动）,湖南省粒铭医疗器械有限公司,,
C1101021721000822016,11-吻（缝）合器及附件,01-开放及微创手术通用吻 （缝）合器及附件,02-腔镜切割吻合器,172-吻合器类,10-不区分,008-一次性使用/电动/直 线,172007,腔镜直线型切割吻合器（一 次性使用/电动）,重庆知我者医疗科技有限公司,,
C1101021721000822058,11-吻（缝）合器及附件,01-开放及微创手术通用吻 （缝）合器及附件,02-腔镜切割吻合器,172-吻合器类,10-不区分,008-一次性使用/电动/直 线,172007,腔镜直线型切割吻合器（一 次性使用/电动）,昂韧芯格纳（浙江）医疗科技有限 公司,,
C1101021721000822230,11-吻（缝）合器及附件,01-开放及微创手术通用吻 （缝）合器及附件,02-腔镜切割吻合器,172-吻合器类,10-不区分,008-一次性使用/电动/直 线,172007,腔镜直线型切割吻合器（一 次性使用/电动）,重庆创美达医疗科技有限公司,,
C1101021721000822273,11-吻（缝）合器及附件,01-开放及微创手术通用吻 （缝）合器及附件,02-腔镜切割吻合器,172-吻合器类,10-不区分,008-一次性使用/电动/直 线,172007,腔镜直线型切割吻合器（一 次性使用/电动）,苏州玛福乐斯医疗科技有限公司,,
C1101021721000822798,11-吻（缝）合器及附件,01-开放及微创手术通用吻 （缝）合器及附件,02-腔镜切割吻合器,172-吻合器类,10-不区分,008-一次性使用/电动/直 线,172007,腔镜直线型切割吻合器（一 次性使用/电动）,赛诺微医疗科技（北京）有限公司,,
C1101021721000822886,11-吻（缝）合器及附件,01-开放及微创手术通用吻 （缝）合器及附件,02-腔镜切割吻合器,172-吻合器类,10-不区分,008-一次性使用/电动/直 线,172007,腔镜直线型切割吻合器（一 次性使用/电动）,宁波恒驰医疗科技有限公司,,
C1101021721000823125,11-吻（缝）合器及附件,01-开放及微创手术通用吻 （缝）合器及附件,02-腔镜切割吻合器,172-吻合器类,10-不区分,008-一次性使用/电动/直 线,172007,腔镜直线型切割吻合器（一 次性使用/电动）,昕科生物科技（苏州）有限公司,,
C1101021721000823533,11-吻（缝）合器及附件,01-开放及微创手术通用吻 （缝）合器及附件,02-腔镜切割吻合器,172-吻合器类,10-不区分,008-一次性使用/电动/直 线,172007,腔镜直线型切割吻合器（一 次性使用/电动）,武汉迈瑞生物医疗科技有限公司,,
C1101021721000823605,11-吻（缝）合器及附件,01-开放及微创手术通用吻 （缝）合器及附件,02-腔镜切割吻合器,172-吻合器类,10-不区分,008-一次性使用/电动/直 线,172007,腔镜直线型切割吻合器（一 次性使用/电动）,海南栗栗生医疗科技有限公司,,
C1101021721000823620,11-吻（缝）合器及附件,01-开放及微创手术通用吻 （缝）合器及附件,02-腔镜切割吻合器,172-吻合器类,10-不区分,008-一次性使用/电动/直 线,172007,腔镜直线型切割吻合器（一 次性使用/电动）,江苏景明医疗科技有限公司,,
C1101021721000823665,11-吻（缝）合器及附件,01-开放及微创手术通用吻 （缝）合器及附件,02-腔镜切割吻合器,172-吻合器类,10-不区分,008-一次性使用/电动/直 线,172007,腔镜直线型切割吻合器（一 次性使用/电动）,江西金湛医疗科技有限公司,,
C1101021721000824587,11-吻（缝）合器及附件,01-开放及微创手术通用吻 （缝）合器及附件,02-腔镜切割吻合器,172-吻合器类,10-不区分,008-一次性使用/电动/直 线,172007,腔镜直线型切割吻合器（一 次性使用/电动）,绍兴精微医疗科技有限公司,,
C1101021721000824672,11-吻（缝）合器及附件,01-开放及微创手术通用吻 （缝）合器及附件,02-腔镜切割吻合器,172-吻合器类,10-不区分,008-一次性使用/电动/直 线,172007,腔镜直线型切割吻合器（一 次性使用/电动）,芜湖健悦医疗器械有限公司,,
C1101021721000825077,11-吻（缝）合器及附件,01-开放及微创手术通用吻 （缝）合器及附件,02-腔镜切割吻合器,172-吻合器类,10-不区分,008-一次性使用/电动/直 线,172007,腔镜直线型切割吻合器（一 次性使用/电动）,安徽明朗医疗器械科技有限公司,,
C1101021721000825199,11-吻（缝）合器及附件,01-开放及微创手术通用吻 （缝）合器及附件,02-腔镜切割吻合器,172-吻合器类,10-不区分,008-一次性使用/电动/直 线,172007,腔镜直线型切割吻合器（一 次性使用/电动）,思卓瑞（兴宁）医疗科技有限公司,,
C1101021721000825229,11-吻（缝）合器及附件,01-开放及微创手术通用吻 （缝）合器及附件,02-腔镜切割吻合器,172-吻合器类,10-不区分,008-一次性使用/电动/直 线,172007,腔镜直线型切割吻合器（一 次性使用/电动）,江苏盈奕医疗科技有限公司,,
C1101021721000904638,11-吻（缝）合器及附件,01-开放及微创手术通用吻 （缝）合器及附件,02-腔镜切割吻合器,172-吻合器类,10-不区分,009-可重复使用/手动/直 线,172006,腔镜直线型切割吻合器（可 重复使用/手动）,常州威克医疗器械有限公司,,
C1101021721001006823,11-吻（缝）合器及附件,01-开放及微创手术通用吻 （缝）合器及附件,02-腔镜切割吻合器,172-吻合器类,10-不区分,010-可重复使用/电动/直 线,172008,腔镜直线型切割吻合器（可 重复使用/电动）,柯惠医疗器材国际贸易（上海）有 限公司,,
C1101021721001009979,11-吻（缝）合器及附件,01-开放及微创手术通用吻 （缝）合器及附件,02-腔镜切割吻合器,172-吻合器类,10-不区分,010-可重复使用/电动/直 线,172008,腔镜直线型切割吻合器（可 重复使用/电动）,上海逸思医疗科技股份有限公司,,
C1101021721001012160,11-吻（缝）合器及附件,01-开放及微创手术通用吻 （缝）合器及附件,02-腔镜切割吻合器,172-吻合器类,10-不区分,010-可重复使用/电动/直 线,172008,腔镜直线型切割吻合器（可 重复使用/电动）,苏州英途康医疗科技有限公司,,
C1101031731101100013,11-吻（缝）合器及附件,01-开放及微创手术通用吻 （缝）合器及附件,03-腔镜切割吻合器钉仓（钉匣）,173-吻合器适配钉 仓类,11-纯钛,011-直线/手动,173002,腔镜直线型切割吻合器钉仓 （钉匣）,常州安康医疗器械有限公司,,
C1101031731101100680,11-吻（缝）合器及附件,01-开放及微创手术通用吻 （缝）合器及附件,03-腔镜切割吻合器钉仓（钉匣）,173-吻合器适配钉 仓类,11-纯钛,011-直线/手动,173002,腔镜直线型切割吻合器钉仓 （钉匣）,奥亿康医疗科技无锡有限公司,,
C1101031731101100841,11-吻（缝）合器及附件,01-开放及微创手术通用吻 （缝）合器及附件,03-腔镜切割吻合器钉仓（钉匣）,173-吻合器适配钉 仓类,11-纯钛,011-直线/手动,173002,腔镜直线型切割吻合器钉仓 （钉匣）,苏州法兰克曼医疗器械有限公司,,
C1101031731101100942,11-吻（缝）合器及附件,01-开放及微创手术通用吻 （缝）合器及附件,03-腔镜切割吻合器钉仓（钉匣）,173-吻合器适配钉 仓类,11-纯钛,011-直线/手动,173002,腔镜直线型切割吻合器钉仓 （钉匣）,无锡市宇寿医疗器械有限公司,,
C1101031731101100943,11-吻（缝）合器及附件,01-开放及微创手术通用吻 （缝）合器及附件,03-腔镜切割吻合器钉仓（钉匣）,173-吻合器适配钉 仓类,11-纯钛,011-直线/手动,173002,腔镜直线型切割吻合器钉仓 （钉匣）,天津瑞奇外科器械股份有限公司,,
C1101031731101100977,11-吻（缝）合器及附件,01-开放及微创手术通用吻 （缝）合器及附件,03-腔镜切割吻合器钉仓（钉匣）,173-吻合器适配钉 仓类,11-纯钛,011-直线/手动,173002,腔镜直线型切割吻合器钉仓 （钉匣）,施爱德（厦门）医疗器材有限公司,,
C1101031731101101105,11-吻（缝）合器及附件,01-开放及微创手术通用吻 （缝）合器及附件,03-腔镜切割吻合器钉仓（钉匣）,173-吻合器适配钉 仓类,11-纯钛,011-直线/手动,173002,腔镜直线型切割吻合器钉仓 （钉匣）,常州贺利氏微创医疗器械有限公司,,
C1101031731101101174,11-吻（缝）合器及附件,01-开放及微创手术通用吻 （缝）合器及附件,03-腔镜切割吻合器钉仓（钉匣）,173-吻合器适配钉 仓类,11-纯钛,011-直线/手动,173002,腔镜直线型切割吻合器钉仓 （钉匣）,上海迈诺仕医疗器械有限公司,,
C1101031731101101458,11-吻（缝）合器及附件,01-开放及微创手术通用吻 （缝）合器及附件,03-腔镜切割吻合器钉仓（钉匣）,173-吻合器适配钉 仓类,11-纯钛,011-直线/手动,173002,腔镜直线型切割吻合器钉仓 （钉匣）,无锡贝恩外科器械有限公司,,
C1101031731101101564,11-吻（缝）合器及附件,01-开放及微创手术通用吻 （缝）合器及附件,03-腔镜切割吻合器钉仓（钉匣）,173-吻合器适配钉 仓类,11-纯钛,011-直线/手动,173002,腔镜直线型切割吻合器钉仓 （钉匣）,江苏三联星海医疗器械有限公司,,
C1101031731101101600,11-吻（缝）合器及附件,01-开放及微创手术通用吻 （缝）合器及附件,03-腔镜切割吻合器钉仓（钉匣）,173-吻合器适配钉 仓类,11-纯钛,011-直线/手动,173002,腔镜直线型切割吻合器钉仓 （钉匣）,常州市久成电子设备有限公司,,
C1101031731101101772,11-吻（缝）合器及附件,01-开放及微创手术通用吻 （缝）合器及附件,03-腔镜切割吻合器钉仓（钉匣）,173-吻合器适配钉 仓类,11-纯钛,011-直线/手动,173002,腔镜直线型切割吻合器钉仓 （钉匣）,江西佰氏康医疗器械有限公司,,
C1101031731101101933,11-吻（缝）合器及附件,01-开放及微创手术通用吻 （缝）合器及附件,03-腔镜切割吻合器钉仓（钉匣）,173-吻合器适配钉 仓类,11-纯钛,011-直线/手动,173002,腔镜直线型切割吻合器钉仓 （钉匣）,安徽国泰国瑞医疗科技有限公司,,
C1101031731101102088,11-吻（缝）合器及附件,01-开放及微创手术通用吻 （缝）合器及附件,03-腔镜切割吻合器钉仓（钉匣）,173-吻合器适配钉 仓类,11-纯钛,011-直线/手动,173002,腔镜直线型切割吻合器钉仓 （钉匣）,苏州贝诺医疗器械有限公司,,
C1101031731101102176,11-吻（缝）合器及附件,01-开放及微创手术通用吻 （缝）合器及附件,03-腔镜切割吻合器钉仓（钉匣）,173-吻合器适配钉 仓类,11-纯钛,011-直线/手动,173002,腔镜直线型切割吻合器钉仓 （钉匣）,无锡东峰怡和科技发展有限公司,,
C1101031731101102228,11-吻（缝）合器及附件,01-开放及微创手术通用吻 （缝）合器及附件,03-腔镜切割吻合器钉仓（钉匣）,173-吻合器适配钉 仓类,11-纯钛,011-直线/手动,173002,腔镜直线型切割吻合器钉仓 （钉匣）,常州科峰医疗科技有限公司,,
C1101031731101102236,11-吻（缝）合器及附件,01-开放及微创手术通用吻 （缝）合器及附件,03-腔镜切割吻合器钉仓（钉匣）,173-吻合器适配钉 仓类,11-纯钛,011-直线/手动,173002,腔镜直线型切割吻合器钉仓 （钉匣）,江苏优耐特生物科技有限公司,,
C1101031731101102242,11-吻（缝）合器及附件,01-开放及微创手术通用吻 （缝）合器及附件,03-腔镜切割吻合器钉仓（钉匣）,173-吻合器适配钉 仓类,11-纯钛,011-直线/手动,173002,腔镜直线型切割吻合器钉仓 （钉匣）,江苏盛纳凯尔医用科技有限公司,,
C1101031731101102275,11-吻（缝）合器及附件,01-开放及微创手术通用吻 （缝）合器及附件,03-腔镜切割吻合器钉仓（钉匣）,173-吻合器适配钉 仓类,11-纯钛,011-直线/手动,173002,腔镜直线型切割吻合器钉仓 （钉匣）,江苏特普优微创医疗科技有限公司,,
C1101031731101102326,11-吻（缝）合器及附件,01-开放及微创手术通用吻 （缝）合器及附件,03-腔镜切割吻合器钉仓（钉匣）,173-吻合器适配钉 仓类,11-纯钛,011-直线/手动,173002,腔镜直线型切割吻合器钉仓 （钉匣）,常州创捷微创医疗器械有限公司,,
C1101031731101102412,11-吻（缝）合器及附件,01-开放及微创手术通用吻 （缝）合器及附件,03-腔镜切割吻合器钉仓（钉匣）,173-吻合器适配钉 仓类,11-纯钛,011-直线/手动,173002,腔镜直线型切割吻合器钉仓 （钉匣）,常州生物医学工程有限公司,,
C1101031731101102486,11-吻（缝）合器及附件,01-开放及微创手术通用吻 （缝）合器及附件,03-腔镜切割吻合器钉仓（钉匣）,173-吻合器适配钉 仓类,11-纯钛,011-直线/手动,173002,腔镜直线型切割吻合器钉仓 （钉匣）,河南省驼人医疗科技有限公司,,
C1101031731101102494,11-吻（缝）合器及附件,01-开放及微创手术通用吻 （缝）合器及附件,03-腔镜切割吻合器钉仓（钉匣）,173-吻合器适配钉 仓类,11-纯钛,011-直线/手动,173002,腔镜直线型切割吻合器钉仓 （钉匣）,北京天助畅运医疗技术股份有限公 司,,
C1101031731101102573,11-吻（缝）合器及附件,01-开放及微创手术通用吻 （缝）合器及附件,03-腔镜切割吻合器钉仓（钉匣）,173-吻合器适配钉 仓类,11-纯钛,011-直线/手动,173002,腔镜直线型切割吻合器钉仓 （钉匣）,普瑞斯星（常州）医疗器械有限公 司,,
C1101031731101102600,11-吻（缝）合器及附件,01-开放及微创手术通用吻 （缝）合器及附件,03-腔镜切割吻合器钉仓（钉匣）,173-吻合器适配钉 仓类,11-纯钛,011-直线/手动,173002,腔镜直线型切割吻合器钉仓 （钉匣）,重庆西山科技股份有限公司,,
C1101031731101102601,11-吻（缝）合器及附件,01-开放及微创手术通用吻 （缝）合器及附件,03-腔镜切割吻合器钉仓（钉匣）,173-吻合器适配钉 仓类,11-纯钛,011-直线/手动,173002,腔镜直线型切割吻合器钉仓 （钉匣）,常州洛克曼医疗器械有限公司,,
C1101031731101102707,11-吻（缝）合器及附件,01-开放及微创手术通用吻 （缝）合器及附件,03-腔镜切割吻合器钉仓（钉匣）,173-吻合器适配钉 仓类,11-纯钛,011-直线/手动,173002,腔镜直线型切割吻合器钉仓 （钉匣）,常州安克医疗科技有限公司,,
C1101031731101102776,11-吻（缝）合器及附件,01-开放及微创手术通用吻 （缝）合器及附件,03-腔镜切割吻合器钉仓（钉匣）,173-吻合器适配钉 仓类,11-纯钛,011-直线/手动,173002,腔镜直线型切割吻合器钉仓 （钉匣）,江苏钱璟医疗器械有限公司,,
C1101031731101102842,11-吻（缝）合器及附件,01-开放及微创手术通用吻 （缝）合器及附件,03-腔镜切割吻合器钉仓（钉匣）,173-吻合器适配钉 仓类,11-纯钛,011-直线/手动,173002,腔镜直线型切割吻合器钉仓 （钉匣）,江苏瑞安贝医疗器械有限公司,,
C1101031731101103052,11-吻（缝）合器及附件,01-开放及微创手术通用吻 （缝）合器及附件,03-腔镜切割吻合器钉仓（钉匣）,173-吻合器适配钉 仓类,11-纯钛,011-直线/手动,173002,腔镜直线型切割吻合器钉仓 （钉匣）,杭州申科医疗器械有限公司,,
C1101031731101103237,11-吻（缝）合器及附件,01-开放及微创手术通用吻 （缝）合器及附件,03-腔镜切割吻合器钉仓（钉匣）,173-吻合器适配钉 仓类,11-纯钛,011-直线/手动,173002,腔镜直线型切割吻合器钉仓 （钉匣）,宝玛医疗科技（无锡）有限公司,,
C1101031731101103370,11-吻（缝）合器及附件,01-开放及微创手术通用吻 （缝）合器及附件,03-腔镜切割吻合器钉仓（钉匣）,173-吻合器适配钉 仓类,11-纯钛,011-直线/手动,173002,腔镜直线型切割吻合器钉仓 （钉匣）,泰戈斯医疗器械（江苏）有限公司,,
C1101031731101103585,11-吻（缝）合器及附件,01-开放及微创手术通用吻 （缝）合器及附件,03-腔镜切割吻合器钉仓（钉匣）,173-吻合器适配钉 仓类,11-纯钛,011-直线/手动,173002,腔镜直线型切割吻合器钉仓 （钉匣）,常州市微凯医疗科技有限公司,,
C1101031731101103675,11-吻（缝）合器及附件,01-开放及微创手术通用吻 （缝）合器及附件,03-腔镜切割吻合器钉仓（钉匣）,173-吻合器适配钉 仓类,11-纯钛,011-直线/手动,173002,腔镜直线型切割吻合器钉仓 （钉匣）,江苏海泽医疗科技发展有限公司,,
C1101031731101104021,11-吻（缝）合器及附件,01-开放及微创手术通用吻 （缝）合器及附件,03-腔镜切割吻合器钉仓（钉匣）,173-吻合器适配钉 仓类,11-纯钛,011-直线/手动,173002,腔镜直线型切割吻合器钉仓 （钉匣）,无锡市瑞源普斯医疗器械有限公司,,
C1101031731101104638,11-吻（缝）合器及附件,01-开放及微创手术通用吻 （缝）合器及附件,03-腔镜切割吻合器钉仓（钉匣）,173-吻合器适配钉 仓类,11-纯钛,011-直线/手动,173002,腔镜直线型切割吻合器钉仓 （钉匣）,常州威克医疗器械有限公司,,
C1101031731101104690,11-吻（缝）合器及附件,01-开放及微创手术通用吻 （缝）合器及附件,03-腔镜切割吻合器钉仓（钉匣）,173-吻合器适配钉 仓类,11-纯钛,011-直线/手动,173002,腔镜直线型切割吻合器钉仓 （钉匣）,常州纳森医疗器械有限公司,,
C1101031731101105107,11-吻（缝）合器及附件,01-开放及微创手术通用吻 （缝）合器及附件,03-腔镜切割吻合器钉仓（钉匣）,173-吻合器适配钉 仓类,11-纯钛,011-直线/手动,173002,腔镜直线型切割吻合器钉仓 （钉匣）,常州市新能源吻合器总厂有限公司,,
C1101031731101105587,11-吻（缝）合器及附件,01-开放及微创手术通用吻 （缝）合器及附件,03-腔镜切割吻合器钉仓（钉匣）,173-吻合器适配钉 仓类,11-纯钛,011-直线/手动,173002,腔镜直线型切割吻合器钉仓 （钉匣）,武汉君安友联医疗科技有限责任公 司,,
C1101031731101106146,11-吻（缝）合器及附件,01-开放及微创手术通用吻 （缝）合器及附件,03-腔镜切割吻合器钉仓（钉匣）,173-吻合器适配钉 仓类,11-纯钛,011-直线/手动,173002,腔镜直线型切割吻合器钉仓 （钉匣）,西安外科医学科技有限公司,,
C1101031731101106224,11-吻（缝）合器及附件,01-开放及微创手术通用吻 （缝）合器及附件,03-腔镜切割吻合器钉仓（钉匣）,173-吻合器适配钉 仓类,11-纯钛,011-直线/手动,173002,腔镜直线型切割吻合器钉仓 （钉匣）,江苏风和医疗器材股份有限公司,,
C1101031731101106352,11-吻（缝）合器及附件,01-开放及微创手术通用吻 （缝）合器及附件,03-腔镜切割吻合器钉仓（钉匣）,173-吻合器适配钉 仓类,11-纯钛,011-直线/手动,173002,腔镜直线型切割吻合器钉仓 （钉匣）,江苏通达医疗器械有限公司,,
C1101031731101106410,11-吻（缝）合器及附件,01-开放及微创手术通用吻 （缝）合器及附件,03-腔镜切割吻合器钉仓（钉匣）,173-吻合器适配钉 仓类,11-纯钛,011-直线/手动,173002,腔镜直线型切割吻合器钉仓 （钉匣）,常州华森医疗器械股份有限公司,,
C1101031731101106452,11-吻（缝）合器及附件,01-开放及微创手术通用吻 （缝）合器及附件,03-腔镜切割吻合器钉仓（钉匣）,173-吻合器适配钉 仓类,11-纯钛,011-直线/手动,173002,腔镜直线型切割吻合器钉仓 （钉匣）,无锡市神康医疗器械设备有限公司,,
C1101031731101106618,11-吻（缝）合器及附件,01-开放及微创手术通用吻 （缝）合器及附件,03-腔镜切割吻合器钉仓（钉匣）,173-吻合器适配钉 仓类,11-纯钛,011-直线/手动,173002,腔镜直线型切割吻合器钉仓 （钉匣）,江苏健瑞宝医疗科技股份有限公司,,
C1101031731101106759,11-吻（缝）合器及附件,01-开放及微创手术通用吻 （缝）合器及附件,03-腔镜切割吻合器钉仓（钉匣）,173-吻合器适配钉 仓类,11-纯钛,011-直线/手动,173002,腔镜直线型切割吻合器钉仓 （钉匣）,宁波维尔凯迪医疗器械有限公司,,
C1101031731101106823,11-吻（缝）合器及附件,01-开放及微创手术通用吻 （缝）合器及附件,03-腔镜切割吻合器钉仓（钉匣）,173-吻合器适配钉 仓类,11-纯钛,011-直线/手动,173002,腔镜直线型切割吻合器钉仓 （钉匣）,柯惠医疗器材国际贸易（上海）有 限公司,,
C1101031731101106855,11-吻（缝）合器及附件,01-开放及微创手术通用吻 （缝）合器及附件,03-腔镜切割吻合器钉仓（钉匣）,173-吻合器适配钉 仓类,11-纯钛,011-直线/手动,173002,腔镜直线型切割吻合器钉仓 （钉匣）,山东威瑞外科医用制品有限公司,,
C1101031731101106894,11-吻（缝）合器及附件,01-开放及微创手术通用吻 （缝）合器及附件,03-腔镜切割吻合器钉仓（钉匣）,173-吻合器适配钉 仓类,11-纯钛,011-直线/手动,173002,腔镜直线型切割吻合器钉仓 （钉匣）,南京迈迪欣医疗器械有限公司,,
C1101031731101107013,11-吻（缝）合器及附件,01-开放及微创手术通用吻 （缝）合器及附件,03-腔镜切割吻合器钉仓（钉匣）,173-吻合器适配钉 仓类,11-纯钛,011-直线/手动,173002,腔镜直线型切割吻合器钉仓 （钉匣）,无锡市舒康医疗器械有限公司,,
C1101031731101107030,11-吻（缝）合器及附件,01-开放及微创手术通用吻 （缝）合器及附件,03-腔镜切割吻合器钉仓（钉匣）,173-吻合器适配钉 仓类,11-纯钛,011-直线/手动,173002,腔镜直线型切割吻合器钉仓 （钉匣）,江苏凯尔特医疗科技有限公司,,
C1101031731101107079,11-吻（缝）合器及附件,01-开放及微创手术通用吻 （缝）合器及附件,03-腔镜切割吻合器钉仓（钉匣）,173-吻合器适配钉 仓类,11-纯钛,011-直线/手动,173002,腔镜直线型切割吻合器钉仓 （钉匣）,常州同创医疗器械科技有限公司,,
C1101031731101107197,11-吻（缝）合器及附件,01-开放及微创手术通用吻 （缝）合器及附件,03-腔镜切割吻合器钉仓（钉匣）,173-吻合器适配钉 仓类,11-纯钛,011-直线/手动,173002,腔镜直线型切割吻合器钉仓 （钉匣）,常州海尔斯医疗器械科技有限公司,,
C1101031731101107284,11-吻（缝）合器及附件,01-开放及微创手术通用吻 （缝）合器及附件,03-腔镜切割吻合器钉仓（钉匣）,173-吻合器适配钉 仓类,11-纯钛,011-直线/手动,173002,腔镜直线型切割吻合器钉仓 （钉匣）,微至（苏州）医疗科技有限公司,,
C1101031731101107429,11-吻（缝）合器及附件,01-开放及微创手术通用吻 （缝）合器及附件,03-腔镜切割吻合器钉仓（钉匣）,173-吻合器适配钉 仓类,11-纯钛,011-直线/手动,173002,腔镜直线型切割吻合器钉仓 （钉匣）,天臣国际医疗科技股份有限公司,,
C1101031731101107975,11-吻（缝）合器及附件,01-开放及微创手术通用吻 （缝）合器及附件,03-腔镜切割吻合器钉仓（钉匣）,173-吻合器适配钉 仓类,11-纯钛,011-直线/手动,173002,腔镜直线型切割吻合器钉仓 （钉匣）,杭州迈瑞医疗科技有限公司,,
C1101031731101108019,11-吻（缝）合器及附件,01-开放及微创手术通用吻 （缝）合器及附件,03-腔镜切割吻合器钉仓（钉匣）,173-吻合器适配钉 仓类,11-纯钛,011-直线/手动,173002,腔镜直线型切割吻合器钉仓 （钉匣）,江苏瑞普医疗器械科技有限公司,,
C1101031731101108284,11-吻（缝）合器及附件,01-开放及微创手术通用吻 （缝）合器及附件,03-腔镜切割吻合器钉仓（钉匣）,173-吻合器适配钉 仓类,11-纯钛,011-直线/手动,173002,腔镜直线型切割吻合器钉仓 （钉匣）,泰州市恩良医疗器械设备厂,,
C1101031731101108340,11-吻（缝）合器及附件,01-开放及微创手术通用吻 （缝）合器及附件,03-腔镜切割吻合器钉仓（钉匣）,173-吻合器适配钉 仓类,11-纯钛,011-直线/手动,173002,腔镜直线型切割吻合器钉仓 （钉匣）,振德医疗用品股份有限公司,,
C1101031731101108414,11-吻（缝）合器及附件,01-开放及微创手术通用吻 （缝）合器及附件,03-腔镜切割吻合器钉仓（钉匣）,173-吻合器适配钉 仓类,11-纯钛,011-直线/手动,173002,腔镜直线型切割吻合器钉仓 （钉匣）,北京派尔特医疗科技股份有限公司,,
C1101031731101108471,11-吻（缝）合器及附件,01-开放及微创手术通用吻 （缝）合器及附件,03-腔镜切割吻合器钉仓（钉匣）,173-吻合器适配钉 仓类,11-纯钛,011-直线/手动,173002,腔镜直线型切割吻合器钉仓 （钉匣）,江苏明朗医疗器械科技有限公司,,
C1101031731101108486,11-吻（缝）合器及附件,01-开放及微创手术通用吻 （缝）合器及附件,03-腔镜切割吻合器钉仓（钉匣）,173-吻合器适配钉 仓类,11-纯钛,011-直线/手动,173002,腔镜直线型切割吻合器钉仓 （钉匣）,浙江格宜医疗器械有限公司,,
C1101031731101109051,11-吻（缝）合器及附件,01-开放及微创手术通用吻 （缝）合器及附件,03-腔镜切割吻合器钉仓（钉匣）,173-吻合器适配钉 仓类,11-纯钛,011-直线/手动,173002,腔镜直线型切割吻合器钉仓 （钉匣）,江苏冠创医疗科技有限公司,,
C1101031731101109071,11-吻（缝）合器及附件,01-开放及微创手术通用吻 （缝）合器及附件,03-腔镜切割吻合器钉仓（钉匣）,173-吻合器适配钉 仓类,11-纯钛,011-直线/手动,173002,腔镜直线型切割吻合器钉仓 （钉匣）,江苏泓正医疗科技有限公司,,
C1101031731101109550,11-吻（缝）合器及附件,01-开放及微创手术通用吻 （缝）合器及附件,03-腔镜切割吻合器钉仓（钉匣）,173-吻合器适配钉 仓类,11-纯钛,011-直线/手动,173002,腔镜直线型切割吻合器钉仓 （钉匣）,江苏臣诺医疗器械有限公司,,
C1101031731101109709,11-吻（缝）合器及附件,01-开放及微创手术通用吻 （缝）合器及附件,03-腔镜切割吻合器钉仓（钉匣）,173-吻合器适配钉 仓类,11-纯钛,011-直线/手动,173002,腔镜直线型切割吻合器钉仓 （钉匣）,常州市海达医疗器械有限公司,,
C1101031731101109869,11-吻（缝）合器及附件,01-开放及微创手术通用吻 （缝）合器及附件,03-腔镜切割吻合器钉仓（钉匣）,173-吻合器适配钉 仓类,11-纯钛,011-直线/手动,173002,腔镜直线型切割吻合器钉仓 （钉匣）,江苏芸众医疗科技有限公司,,
C1101031731101109979,11-吻（缝）合器及附件,01-开放及微创手术通用吻 （缝）合器及附件,03-腔镜切割吻合器钉仓（钉匣）,173-吻合器适配钉 仓类,11-纯钛,011-直线/手动,173002,腔镜直线型切割吻合器钉仓 （钉匣）,上海逸思医疗科技股份有限公司,,
C1101031731101110084,11-吻（缝）合器及附件,01-开放及微创手术通用吻 （缝）合器及附件,03-腔镜切割吻合器钉仓（钉匣）,173-吻合器适配钉 仓类,11-纯钛,011-直线/手动,173002,腔镜直线型切割吻合器钉仓 （钉匣）,宁波海泰科迈医疗器械有限公司,,
C1101031731101110203,11-吻（缝）合器及附件,01-开放及微创手术通用吻 （缝）合器及附件,03-腔镜切割吻合器钉仓（钉匣）,173-吻合器适配钉 仓类,11-纯钛,011-直线/手动,173002,腔镜直线型切割吻合器钉仓 （钉匣）,普瑞德医疗器械科技江苏有限公司,,
C1101031731101110208,11-吻（缝）合器及附件,01-开放及微创手术通用吻 （缝）合器及附件,03-腔镜切割吻合器钉仓（钉匣）,173-吻合器适配钉 仓类,11-纯钛,011-直线/手动,173002,腔镜直线型切割吻合器钉仓 （钉匣）,杭州康基医疗器械有限公司,,
C1101031731101110236,11-吻（缝）合器及附件,01-开放及微创手术通用吻 （缝）合器及附件,03-腔镜切割吻合器钉仓（钉匣）,173-吻合器适配钉 仓类,11-纯钛,011-直线/手动,173002,腔镜直线型切割吻合器钉仓 （钉匣）,湖南三瑞生物科技有限责任公司,,
C1101031731101110320,11-吻（缝）合器及附件,01-开放及微创手术通用吻 （缝）合器及附件,03-腔镜切割吻合器钉仓（钉匣）,173-吻合器适配钉 仓类,11-纯钛,011-直线/手动,173002,腔镜直线型切割吻合器钉仓 （钉匣）,联合微创医疗器械（深圳）有限公 司,,
C1101031731101110372,11-吻（缝）合器及附件,01-开放及微创手术通用吻 （缝）合器及附件,03-腔镜切割吻合器钉仓（钉匣）,173-吻合器适配钉 仓类,11-纯钛,011-直线/手动,173002,腔镜直线型切割吻合器钉仓 （钉匣）,逸思（苏州）医疗科技有限公司,,
C1101031731101110394,11-吻（缝）合器及附件,01-开放及微创手术通用吻 （缝）合器及附件,03-腔镜切割吻合器钉仓（钉匣）,173-吻合器适配钉 仓类,11-纯钛,011-直线/手动,173002,腔镜直线型切割吻合器钉仓 （钉匣）,重庆迈科唯医疗科技有限公司,,
C1101031731101110420,11-吻（缝）合器及附件,01-开放及微创手术通用吻 （缝）合器及附件,03-腔镜切割吻合器钉仓（钉匣）,173-吻合器适配钉 仓类,11-纯钛,011-直线/手动,173002,腔镜直线型切割吻合器钉仓 （钉匣）,常州市康迪医用吻合器有限公司,,
C1101031731101110705,11-吻（缝）合器及附件,01-开放及微创手术通用吻 （缝）合器及附件,03-腔镜切割吻合器钉仓（钉匣）,173-吻合器适配钉 仓类,11-纯钛,011-直线/手动,173002,腔镜直线型切割吻合器钉仓 （钉匣）,河南盛华医疗器械有限公司,,
C1101031731101111079,11-吻（缝）合器及附件,01-开放及微创手术通用吻 （缝）合器及附件,03-腔镜切割吻合器钉仓（钉匣）,173-吻合器适配钉 仓类,11-纯钛,011-直线/手动,173002,腔镜直线型切割吻合器钉仓 （钉匣）,常州杰瑞尔医疗器械有限公司,,
C1101031731101111155,11-吻（缝）合器及附件,01-开放及微创手术通用吻 （缝）合器及附件,03-腔镜切割吻合器钉仓（钉匣）,173-吻合器适配钉 仓类,11-纯钛,011-直线/手动,173002,腔镜直线型切割吻合器钉仓 （钉匣）,欣瑞德（江苏）医疗科技有限公司,,
C1101031731101111352,11-吻（缝）合器及附件,01-开放及微创手术通用吻 （缝）合器及附件,03-腔镜切割吻合器钉仓（钉匣）,173-吻合器适配钉 仓类,11-纯钛,011-直线/手动,173002,腔镜直线型切割吻合器钉仓 （钉匣）,苏州朗特斯医疗科技有限公司,,
C1101031731101111432,11-吻（缝）合器及附件,01-开放及微创手术通用吻 （缝）合器及附件,03-腔镜切割吻合器钉仓（钉匣）,173-吻合器适配钉 仓类,11-纯钛,011-直线/手动,173002,腔镜直线型切割吻合器钉仓 （钉匣）,江苏康赛医疗器械科技有限公司,,
C1101031731101111492,11-吻（缝）合器及附件,01-开放及微创手术通用吻 （缝）合器及附件,03-腔镜切割吻合器钉仓（钉匣）,173-吻合器适配钉 仓类,11-纯钛,011-直线/手动,173002,腔镜直线型切割吻合器钉仓 （钉匣）,江苏柯汇医疗科技有限公司,,
C1101031731101111552,11-吻（缝）合器及附件,01-开放及微创手术通用吻 （缝）合器及附件,03-腔镜切割吻合器钉仓（钉匣）,173-吻合器适配钉 仓类,11-纯钛,011-直线/手动,173002,腔镜直线型切割吻合器钉仓 （钉匣）,重庆德川医疗器械有限公司,,
C1101031731101111594,11-吻（缝）合器及附件,01-开放及微创手术通用吻 （缝）合器及附件,03-腔镜切割吻合器钉仓（钉匣）,173-吻合器适配钉 仓类,11-纯钛,011-直线/手动,173002,腔镜直线型切割吻合器钉仓 （钉匣）,河北卫崭医疗科技有限公司,,
C1101031731101111673,11-吻（缝）合器及附件,01-开放及微创手术通用吻 （缝）合器及附件,03-腔镜切割吻合器钉仓（钉匣）,173-吻合器适配钉 仓类,11-纯钛,011-直线/手动,173002,腔镜直线型切割吻合器钉仓 （钉匣）,扬州中桓医疗科技有限公司,,
C1101031731101111713,11-吻（缝）合器及附件,01-开放及微创手术通用吻 （缝）合器及附件,03-腔镜切割吻合器钉仓（钉匣）,173-吻合器适配钉 仓类,11-纯钛,011-直线/手动,173002,腔镜直线型切割吻合器钉仓 （钉匣）,南京竹海生物科技有限公司,,
C1101031731101111809,11-吻（缝）合器及附件,01-开放及微创手术通用吻 （缝）合器及附件,03-腔镜切割吻合器钉仓（钉匣）,173-吻合器适配钉 仓类,11-纯钛,011-直线/手动,173002,腔镜直线型切割吻合器钉仓 （钉匣）,湖南思捷泰克医疗科技有限公司,,
C1101031731101111859,11-吻（缝）合器及附件,01-开放及微创手术通用吻 （缝）合器及附件,03-腔镜切割吻合器钉仓（钉匣）,173-吻合器适配钉 仓类,11-纯钛,011-直线/手动,173002,腔镜直线型切割吻合器钉仓 （钉匣）,常州伟普医疗器械有限公司,,
C1101031731101111860,11-吻（缝）合器及附件,01-开放及微创手术通用吻 （缝）合器及附件,03-腔镜切割吻合器钉仓（钉匣）,173-吻合器适配钉 仓类,11-纯钛,011-直线/手动,173002,腔镜直线型切割吻合器钉仓 （钉匣）,邦尼医疗科技（常州）有限公司,,
C1101031731101111953,11-吻（缝）合器及附件,01-开放及微创手术通用吻 （缝）合器及附件,03-腔镜切割吻合器钉仓（钉匣）,173-吻合器适配钉 仓类,11-纯钛,011-直线/手动,173002,腔镜直线型切割吻合器钉仓 （钉匣）,康晴（江苏）医疗科技有限公司,,
C1101031731101112276,11-吻（缝）合器及附件,01-开放及微创手术通用吻 （缝）合器及附件,03-腔镜切割吻合器钉仓（钉匣）,173-吻合器适配钉 仓类,11-纯钛,011-直线/手动,173002,腔镜直线型切割吻合器钉仓 （钉匣）,镁格生物科技（江苏）有限公司,,
C1101031731101112290,11-吻（缝）合器及附件,01-开放及微创手术通用吻 （缝）合器及附件,03-腔镜切割吻合器钉仓（钉匣）,173-吻合器适配钉 仓类,11-纯钛,011-直线/手动,173002,腔镜直线型切割吻合器钉仓 （钉匣）,湖南华外医疗科技有限公司,,
C1101031731101112565,11-吻（缝）合器及附件,01-开放及微创手术通用吻 （缝）合器及附件,03-腔镜切割吻合器钉仓（钉匣）,173-吻合器适配钉 仓类,11-纯钛,011-直线/手动,173002,腔镜直线型切割吻合器钉仓 （钉匣）,武汉联影智融医疗科技有限公司,,
C1101031731101112643,11-吻（缝）合器及附件,01-开放及微创手术通用吻 （缝）合器及附件,03-腔镜切割吻合器钉仓（钉匣）,173-吻合器适配钉 仓类,11-纯钛,011-直线/手动,173002,腔镜直线型切割吻合器钉仓 （钉匣）,江苏瑞晟医疗器械有限公司,,
C1101031731101113266,11-吻（缝）合器及附件,01-开放及微创手术通用吻 （缝）合器及附件,03-腔镜切割吻合器钉仓（钉匣）,173-吻合器适配钉 仓类,11-纯钛,011-直线/手动,173002,腔镜直线型切割吻合器钉仓 （钉匣）,正合医疗科技（常州）有限公司,,
C1101031731101113633,11-吻（缝）合器及附件,01-开放及微创手术通用吻 （缝）合器及附件,03-腔镜切割吻合器钉仓（钉匣）,173-吻合器适配钉 仓类,11-纯钛,011-直线/手动,173002,腔镜直线型切割吻合器钉仓 （钉匣）,湖南浣然医疗科技有限公司,,
C1101031731101113634,11-吻（缝）合器及附件,01-开放及微创手术通用吻 （缝）合器及附件,03-腔镜切割吻合器钉仓（钉匣）,173-吻合器适配钉 仓类,11-纯钛,011-直线/手动,173002,腔镜直线型切割吻合器钉仓 （钉匣）,以瑞康医疗科技（长沙）有限公司,,
C1101031731101113748,11-吻（缝）合器及附件,01-开放及微创手术通用吻 （缝）合器及附件,03-腔镜切割吻合器钉仓（钉匣）,173-吻合器适配钉 仓类,11-纯钛,011-直线/手动,173002,腔镜直线型切割吻合器钉仓 （钉匣）,江苏乾康医疗器械有限公司,,
C1101031731101113781,11-吻（缝）合器及附件,01-开放及微创手术通用吻 （缝）合器及附件,03-腔镜切割吻合器钉仓（钉匣）,173-吻合器适配钉 仓类,11-纯钛,011-直线/手动,173002,腔镜直线型切割吻合器钉仓 （钉匣）,常州市三润医疗器械科技有限公司,,
C1101031731101113944,11-吻（缝）合器及附件,01-开放及微创手术通用吻 （缝）合器及附件,03-腔镜切割吻合器钉仓（钉匣）,173-吻合器适配钉 仓类,11-纯钛,011-直线/手动,173002,腔镜直线型切割吻合器钉仓 （钉匣）,泰州艾贝医疗科技有限公司,,
C1101031731101114250,11-吻（缝）合器及附件,01-开放及微创手术通用吻 （缝）合器及附件,03-腔镜切割吻合器钉仓（钉匣）,173-吻合器适配钉 仓类,11-纯钛,011-直线/手动,173002,腔镜直线型切割吻合器钉仓 （钉匣）,江苏诚普医疗器械有限公司,,
C1101031731101114419,11-吻（缝）合器及附件,01-开放及微创手术通用吻 （缝）合器及附件,03-腔镜切割吻合器钉仓（钉匣）,173-吻合器适配钉 仓类,11-纯钛,011-直线/手动,173002,腔镜直线型切割吻合器钉仓 （钉匣）,江西汉普医疗科技有限公司,,
C1101031731101114680,11-吻（缝）合器及附件,01-开放及微创手术通用吻 （缝）合器及附件,03-腔镜切割吻合器钉仓（钉匣）,173-吻合器适配钉 仓类,11-纯钛,011-直线/手动,173002,腔镜直线型切割吻合器钉仓 （钉匣）,湖南润蓓医疗器械有限公司,,
C1101031731101114737,11-吻（缝）合器及附件,01-开放及微创手术通用吻 （缝）合器及附件,03-腔镜切割吻合器钉仓（钉匣）,173-吻合器适配钉 仓类,11-纯钛,011-直线/手动,173002,腔镜直线型切割吻合器钉仓 （钉匣）,麦德莱（苏州）医疗科技有限公司,,
C1101031731101115743,11-吻（缝）合器及附件,01-开放及微创手术通用吻 （缝）合器及附件,03-腔镜切割吻合器钉仓（钉匣）,173-吻合器适配钉 仓类,11-纯钛,011-直线/手动,173002,腔镜直线型切割吻合器钉仓 （钉匣）,施爱德（长沙）医疗器材有限公司,,
C1101031731101115948,11-吻（缝）合器及附件,01-开放及微创手术通用吻 （缝）合器及附件,03-腔镜切割吻合器钉仓（钉匣）,173-吻合器适配钉 仓类,11-纯钛,011-直线/手动,173002,腔镜直线型切割吻合器钉仓 （钉匣）,善彤医疗科技（湖南）有限公司,,
C1101031731101115965,11-吻（缝）合器及附件,01-开放及微创手术通用吻 （缝）合器及附件,03-腔镜切割吻合器钉仓（钉匣）,173-吻合器适配钉 仓类,11-纯钛,011-直线/手动,173002,腔镜直线型切割吻合器钉仓 （钉匣）,江苏柏联医疗科技有限公司,,
C1101031731101116022,11-吻（缝）合器及附件,01-开放及微创手术通用吻 （缝）合器及附件,03-腔镜切割吻合器钉仓（钉匣）,173-吻合器适配钉 仓类,11-纯钛,011-直线/手动,173002,腔镜直线型切割吻合器钉仓 （钉匣）,江苏京品医疗科技有限公司,,
C1101031731101116125,11-吻（缝）合器及附件,01-开放及微创手术通用吻 （缝）合器及附件,03-腔镜切割吻合器钉仓（钉匣）,173-吻合器适配钉 仓类,11-纯钛,011-直线/手动,173002,腔镜直线型切割吻合器钉仓 （钉匣）,威海柯凡医疗器械科技有限公司,,
C1101031731101116132,11-吻（缝）合器及附件,01-开放及微创手术通用吻 （缝）合器及附件,03-腔镜切割吻合器钉仓（钉匣）,173-吻合器适配钉 仓类,11-纯钛,011-直线/手动,173002,腔镜直线型切割吻合器钉仓 （钉匣）,湖南贝恩外科器械有限公司,,
C1101031731101116417,11-吻（缝）合器及附件,01-开放及微创手术通用吻 （缝）合器及附件,03-腔镜切割吻合器钉仓（钉匣）,173-吻合器适配钉 仓类,11-纯钛,011-直线/手动,173002,腔镜直线型切割吻合器钉仓 （钉匣）,瑞迈康（山东）医疗器械有限责任 公司,,
C1101031731101116542,11-吻（缝）合器及附件,01-开放及微创手术通用吻 （缝）合器及附件,03-腔镜切割吻合器钉仓（钉匣）,173-吻合器适配钉 仓类,11-纯钛,011-直线/手动,173002,腔镜直线型切割吻合器钉仓 （钉匣）,深圳市世格赛思医疗科技有限公司,,
C1101031731101117064,11-吻（缝）合器及附件,01-开放及微创手术通用吻 （缝）合器及附件,03-腔镜切割吻合器钉仓（钉匣）,173-吻合器适配钉 仓类,11-纯钛,011-直线/手动,173002,腔镜直线型切割吻合器钉仓 （钉匣）,湖南辰润医疗科技有限公司,,
C1101031731101117174,11-吻（缝）合器及附件,01-开放及微创手术通用吻 （缝）合器及附件,03-腔镜切割吻合器钉仓（钉匣）,173-吻合器适配钉 仓类,11-纯钛,011-直线/手动,173002,腔镜直线型切割吻合器钉仓 （钉匣）,重庆市启创医疗器械有限公司,,
C1101031731101117344,11-吻（缝）合器及附件,01-开放及微创手术通用吻 （缝）合器及附件,03-腔镜切割吻合器钉仓（钉匣）,173-吻合器适配钉 仓类,11-纯钛,011-直线/手动,173002,腔镜直线型切割吻合器钉仓 （钉匣）,福建善慈乐生物科技有限公司,,
C1101031731101117657,11-吻（缝）合器及附件,01-开放及微创手术通用吻 （缝）合器及附件,03-腔镜切割吻合器钉仓（钉匣）,173-吻合器适配钉 仓类,11-纯钛,011-直线/手动,173002,腔镜直线型切割吻合器钉仓 （钉匣）,苏州越众生物科技有限公司,,
C1101031731101117734,11-吻（缝）合器及附件,01-开放及微创手术通用吻 （缝）合器及附件,03-腔镜切割吻合器钉仓（钉匣）,173-吻合器适配钉 仓类,11-纯钛,011-直线/手动,173002,腔镜直线型切割吻合器钉仓 （钉匣）,江苏安欣医疗科技有限公司,,
C1101031731101118059,11-吻（缝）合器及附件,01-开放及微创手术通用吻 （缝）合器及附件,03-腔镜切割吻合器钉仓（钉匣）,173-吻合器适配钉 仓类,11-纯钛,011-直线/手动,173002,腔镜直线型切割吻合器钉仓 （钉匣）,美科特医疗科技（苏州）有限公司,,
C1101031731101119595,11-吻（缝）合器及附件,01-开放及微创手术通用吻 （缝）合器及附件,03-腔镜切割吻合器钉仓（钉匣）,173-吻合器适配钉 仓类,11-纯钛,011-直线/手动,173002,腔镜直线型切割吻合器钉仓 （钉匣）,厦门星火微光医疗器械制造有限公 司,,
C1101031731101119613,11-吻（缝）合器及附件,01-开放及微创手术通用吻 （缝）合器及附件,03-腔镜切割吻合器钉仓（钉匣）,173-吻合器适配钉 仓类,11-纯钛,011-直线/手动,173002,腔镜直线型切割吻合器钉仓 （钉匣）,善彤医疗科技（苏州)有限公司,,
C1101031731101120671,11-吻（缝）合器及附件,01-开放及微创手术通用吻 （缝）合器及附件,03-腔镜切割吻合器钉仓（钉匣）,173-吻合器适配钉 仓类,11-纯钛,011-直线/手动,173002,腔镜直线型切割吻合器钉仓 （钉匣）,常州礼和医疗科技有限公司,,
C1101031731101121161,11-吻（缝）合器及附件,01-开放及微创手术通用吻 （缝）合器及附件,03-腔镜切割吻合器钉仓（钉匣）,173-吻合器适配钉 仓类,11-纯钛,011-直线/手动,173002,腔镜直线型切割吻合器钉仓 （钉匣）,江苏泰科博曼医疗器械有限公司,,
C1101031731101122016,11-吻（缝）合器及附件,01-开放及微创手术通用吻 （缝）合器及附件,03-腔镜切割吻合器钉仓（钉匣）,173-吻合器适配钉 仓类,11-纯钛,011-直线/手动,173002,腔镜直线型切割吻合器钉仓 （钉匣）,重庆知我者医疗科技有限公司,,
C1101031731101122058,11-吻（缝）合器及附件,01-开放及微创手术通用吻 （缝）合器及附件,03-腔镜切割吻合器钉仓（钉匣）,173-吻合器适配钉 仓类,11-纯钛,011-直线/手动,173002,腔镜直线型切割吻合器钉仓 （钉匣）,昂韧芯格纳（浙江）医疗科技有限 公司,,
C1101031731101123434,11-吻（缝）合器及附件,01-开放及微创手术通用吻 （缝）合器及附件,03-腔镜切割吻合器钉仓（钉匣）,173-吻合器适配钉 仓类,11-纯钛,011-直线/手动,173002,腔镜直线型切割吻合器钉仓 （钉匣）,江苏芙肽生物科技有限公司,,
C1101031731101123533,11-吻（缝）合器及附件,01-开放及微创手术通用吻 （缝）合器及附件,03-腔镜切割吻合器钉仓（钉匣）,173-吻合器适配钉 仓类,11-纯钛,011-直线/手动,173002,腔镜直线型切割吻合器钉仓 （钉匣）,武汉迈瑞生物医疗科技有限公司,,
C1101031731101123605,11-吻（缝）合器及附件,01-开放及微创手术通用吻 （缝）合器及附件,03-腔镜切割吻合器钉仓（钉匣）,173-吻合器适配钉 仓类,11-纯钛,011-直线/手动,173002,腔镜直线型切割吻合器钉仓 （钉匣）,海南栗栗生医疗科技有限公司,,
C1101031731101123665,11-吻（缝）合器及附件,01-开放及微创手术通用吻 （缝）合器及附件,03-腔镜切割吻合器钉仓（钉匣）,173-吻合器适配钉 仓类,11-纯钛,011-直线/手动,173002,腔镜直线型切割吻合器钉仓 （钉匣）,江西金湛医疗科技有限公司,,
C1101031731101123904,11-吻（缝）合器及附件,01-开放及微创手术通用吻 （缝）合器及附件,03-腔镜切割吻合器钉仓（钉匣）,173-吻合器适配钉 仓类,11-纯钛,011-直线/手动,173002,腔镜直线型切割吻合器钉仓 （钉匣）,江苏以瑞医疗科技有限公司,,
C1101031731101124436,11-吻（缝）合器及附件,01-开放及微创手术通用吻 （缝）合器及附件,03-腔镜切割吻合器钉仓（钉匣）,173-吻合器适配钉 仓类,11-纯钛,011-直线/手动,173002,腔镜直线型切割吻合器钉仓 （钉匣）,大瓷生物医疗科技（江苏）有限公 司,,
C1101031731101200013,11-吻（缝）合器及附件,01-开放及微创手术通用吻 （缝）合器及附件,03-腔镜切割吻合器钉仓（钉匣）,173-吻合器适配钉 仓类,11-纯钛,012-直线/电动,173002,腔镜直线型切割吻合器钉仓 （钉匣）,常州安康医疗器械有限公司,,
C1101031731101200841,11-吻（缝）合器及附件,01-开放及微创手术通用吻 （缝）合器及附件,03-腔镜切割吻合器钉仓（钉匣）,173-吻合器适配钉 仓类,11-纯钛,012-直线/电动,173002,腔镜直线型切割吻合器钉仓 （钉匣）,苏州法兰克曼医疗器械有限公司,,
C1101031731101200943,11-吻（缝）合器及附件,01-开放及微创手术通用吻 （缝）合器及附件,03-腔镜切割吻合器钉仓（钉匣）,173-吻合器适配钉 仓类,11-纯钛,012-直线/电动,173002,腔镜直线型切割吻合器钉仓 （钉匣）,天津瑞奇外科器械股份有限公司,,
C1101031731101200977,11-吻（缝）合器及附件,01-开放及微创手术通用吻 （缝）合器及附件,03-腔镜切割吻合器钉仓（钉匣）,173-吻合器适配钉 仓类,11-纯钛,012-直线/电动,173002,腔镜直线型切割吻合器钉仓 （钉匣）,施爱德（厦门）医疗器材有限公司,,
C1101031731101201105,11-吻（缝）合器及附件,01-开放及微创手术通用吻 （缝）合器及附件,03-腔镜切割吻合器钉仓（钉匣）,173-吻合器适配钉 仓类,11-纯钛,012-直线/电动,173002,腔镜直线型切割吻合器钉仓 （钉匣）,常州贺利氏微创医疗器械有限公司,,
C1101031731101201298,11-吻（缝）合器及附件,01-开放及微创手术通用吻 （缝）合器及附件,03-腔镜切割吻合器钉仓（钉匣）,173-吻合器适配钉 仓类,11-纯钛,012-直线/电动,173002,腔镜直线型切割吻合器钉仓 （钉匣）,无锡中科光远生物材料有限公司,,
C1101031731101201458,11-吻（缝）合器及附件,01-开放及微创手术通用吻 （缝）合器及附件,03-腔镜切割吻合器钉仓（钉匣）,173-吻合器适配钉 仓类,11-纯钛,012-直线/电动,173002,腔镜直线型切割吻合器钉仓 （钉匣）,无锡贝恩外科器械有限公司,,
C1101031731101201564,11-吻（缝）合器及附件,01-开放及微创手术通用吻 （缝）合器及附件,03-腔镜切割吻合器钉仓（钉匣）,173-吻合器适配钉 仓类,11-纯钛,012-直线/电动,173002,腔镜直线型切割吻合器钉仓 （钉匣）,江苏三联星海医疗器械有限公司,,
C1101031731101201600,11-吻（缝）合器及附件,01-开放及微创手术通用吻 （缝）合器及附件,03-腔镜切割吻合器钉仓（钉匣）,173-吻合器适配钉 仓类,11-纯钛,012-直线/电动,173002,腔镜直线型切割吻合器钉仓 （钉匣）,常州市久成电子设备有限公司,,
C1101031731101201933,11-吻（缝）合器及附件,01-开放及微创手术通用吻 （缝）合器及附件,03-腔镜切割吻合器钉仓（钉匣）,173-吻合器适配钉 仓类,11-纯钛,012-直线/电动,173002,腔镜直线型切割吻合器钉仓 （钉匣）,安徽国泰国瑞医疗科技有限公司,,
C1101031731101202088,11-吻（缝）合器及附件,01-开放及微创手术通用吻 （缝）合器及附件,03-腔镜切割吻合器钉仓（钉匣）,173-吻合器适配钉 仓类,11-纯钛,012-直线/电动,173002,腔镜直线型切割吻合器钉仓 （钉匣）,苏州贝诺医疗器械有限公司,,
C1101031731101202176,11-吻（缝）合器及附件,01-开放及微创手术通用吻 （缝）合器及附件,03-腔镜切割吻合器钉仓（钉匣）,173-吻合器适配钉 仓类,11-纯钛,012-直线/电动,173002,腔镜直线型切割吻合器钉仓 （钉匣）,无锡东峰怡和科技发展有限公司,,
C1101031731101202228,11-吻（缝）合器及附件,01-开放及微创手术通用吻 （缝）合器及附件,03-腔镜切割吻合器钉仓（钉匣）,173-吻合器适配钉 仓类,11-纯钛,012-直线/电动,173002,腔镜直线型切割吻合器钉仓 （钉匣）,常州科峰医疗科技有限公司,,
C1101031731101202236,11-吻（缝）合器及附件,01-开放及微创手术通用吻 （缝）合器及附件,03-腔镜切割吻合器钉仓（钉匣）,173-吻合器适配钉 仓类,11-纯钛,012-直线/电动,173002,腔镜直线型切割吻合器钉仓 （钉匣）,江苏优耐特生物科技有限公司,,
C1101031731101202242,11-吻（缝）合器及附件,01-开放及微创手术通用吻 （缝）合器及附件,03-腔镜切割吻合器钉仓（钉匣）,173-吻合器适配钉 仓类,11-纯钛,012-直线/电动,173002,腔镜直线型切割吻合器钉仓 （钉匣）,江苏盛纳凯尔医用科技有限公司,,
C1101031731101202275,11-吻（缝）合器及附件,01-开放及微创手术通用吻 （缝）合器及附件,03-腔镜切割吻合器钉仓（钉匣）,173-吻合器适配钉 仓类,11-纯钛,012-直线/电动,173002,腔镜直线型切割吻合器钉仓 （钉匣）,江苏特普优微创医疗科技有限公司,,
C1101031731101202326,11-吻（缝）合器及附件,01-开放及微创手术通用吻 （缝）合器及附件,03-腔镜切割吻合器钉仓（钉匣）,173-吻合器适配钉 仓类,11-纯钛,012-直线/电动,173002,腔镜直线型切割吻合器钉仓 （钉匣）,常州创捷微创医疗器械有限公司,,
C1101031731101202601,11-吻（缝）合器及附件,01-开放及微创手术通用吻 （缝）合器及附件,03-腔镜切割吻合器钉仓（钉匣）,173-吻合器适配钉 仓类,11-纯钛,012-直线/电动,173002,腔镜直线型切割吻合器钉仓 （钉匣）,常州洛克曼医疗器械有限公司,,
C1101031731101202707,11-吻（缝）合器及附件,01-开放及微创手术通用吻 （缝）合器及附件,03-腔镜切割吻合器钉仓（钉匣）,173-吻合器适配钉 仓类,11-纯钛,012-直线/电动,173002,腔镜直线型切割吻合器钉仓 （钉匣）,常州安克医疗科技有限公司,,
C1101031731101202776,11-吻（缝）合器及附件,01-开放及微创手术通用吻 （缝）合器及附件,03-腔镜切割吻合器钉仓（钉匣）,173-吻合器适配钉 仓类,11-纯钛,012-直线/电动,173002,腔镜直线型切割吻合器钉仓 （钉匣）,江苏钱璟医疗器械有限公司,,
C1101031731101202842,11-吻（缝）合器及附件,01-开放及微创手术通用吻 （缝）合器及附件,03-腔镜切割吻合器钉仓（钉匣）,173-吻合器适配钉 仓类,11-纯钛,012-直线/电动,173002,腔镜直线型切割吻合器钉仓 （钉匣）,江苏瑞安贝医疗器械有限公司,,
C1101031731101203052,11-吻（缝）合器及附件,01-开放及微创手术通用吻 （缝）合器及附件,03-腔镜切割吻合器钉仓（钉匣）,173-吻合器适配钉 仓类,11-纯钛,012-直线/电动,173002,腔镜直线型切割吻合器钉仓 （钉匣）,杭州申科医疗器械有限公司,,
C1101031731101203237,11-吻（缝）合器及附件,01-开放及微创手术通用吻 （缝）合器及附件,03-腔镜切割吻合器钉仓（钉匣）,173-吻合器适配钉 仓类,11-纯钛,012-直线/电动,173002,腔镜直线型切割吻合器钉仓 （钉匣）,宝玛医疗科技（无锡）有限公司,,
C1101031731101203370,11-吻（缝）合器及附件,01-开放及微创手术通用吻 （缝）合器及附件,03-腔镜切割吻合器钉仓（钉匣）,173-吻合器适配钉 仓类,11-纯钛,012-直线/电动,173002,腔镜直线型切割吻合器钉仓 （钉匣）,泰戈斯医疗器械（江苏）有限公司,,
C1101031731101204021,11-吻（缝）合器及附件,01-开放及微创手术通用吻 （缝）合器及附件,03-腔镜切割吻合器钉仓（钉匣）,173-吻合器适配钉 仓类,11-纯钛,012-直线/电动,173002,腔镜直线型切割吻合器钉仓 （钉匣）,无锡市瑞源普斯医疗器械有限公司,,
C1101031731101204080,11-吻（缝）合器及附件,01-开放及微创手术通用吻 （缝）合器及附件,03-腔镜切割吻合器钉仓（钉匣）,173-吻合器适配钉 仓类,11-纯钛,012-直线/电动,173002,腔镜直线型切割吻合器钉仓 （钉匣）,南京宁创医疗设备有限公司,,
C1101031731101204638,11-吻（缝）合器及附件,01-开放及微创手术通用吻 （缝）合器及附件,03-腔镜切割吻合器钉仓（钉匣）,173-吻合器适配钉 仓类,11-纯钛,012-直线/电动,173002,腔镜直线型切割吻合器钉仓 （钉匣）,常州威克医疗器械有限公司,,
C1101031731101204927,11-吻（缝）合器及附件,01-开放及微创手术通用吻 （缝）合器及附件,03-腔镜切割吻合器钉仓（钉匣）,173-吻合器适配钉 仓类,11-纯钛,012-直线/电动,173002,腔镜直线型切割吻合器钉仓 （钉匣）,武汉半边天医疗技术发展有限公司,,
C1101031731101205107,11-吻（缝）合器及附件,01-开放及微创手术通用吻 （缝）合器及附件,03-腔镜切割吻合器钉仓（钉匣）,173-吻合器适配钉 仓类,11-纯钛,012-直线/电动,173002,腔镜直线型切割吻合器钉仓 （钉匣）,常州市新能源吻合器总厂有限公司,,
C1101031731101206224,11-吻（缝）合器及附件,01-开放及微创手术通用吻 （缝）合器及附件,03-腔镜切割吻合器钉仓（钉匣）,173-吻合器适配钉 仓类,11-纯钛,012-直线/电动,173002,腔镜直线型切割吻合器钉仓 （钉匣）,江苏风和医疗器材股份有限公司,,
C1101031731101206410,11-吻（缝）合器及附件,01-开放及微创手术通用吻 （缝）合器及附件,03-腔镜切割吻合器钉仓（钉匣）,173-吻合器适配钉 仓类,11-纯钛,012-直线/电动,173002,腔镜直线型切割吻合器钉仓 （钉匣）,常州华森医疗器械股份有限公司,,
C1101031731101206452,11-吻（缝）合器及附件,01-开放及微创手术通用吻 （缝）合器及附件,03-腔镜切割吻合器钉仓（钉匣）,173-吻合器适配钉 仓类,11-纯钛,012-直线/电动,173002,腔镜直线型切割吻合器钉仓 （钉匣）,无锡市神康医疗器械设备有限公司,,
C1101031731101206618,11-吻（缝）合器及附件,01-开放及微创手术通用吻 （缝）合器及附件,03-腔镜切割吻合器钉仓（钉匣）,173-吻合器适配钉 仓类,11-纯钛,012-直线/电动,173002,腔镜直线型切割吻合器钉仓 （钉匣）,江苏健瑞宝医疗科技股份有限公司,,
C1101031731101206823,11-吻（缝）合器及附件,01-开放及微创手术通用吻 （缝）合器及附件,03-腔镜切割吻合器钉仓（钉匣）,173-吻合器适配钉 仓类,11-纯钛,012-直线/电动,173002,腔镜直线型切割吻合器钉仓 （钉匣）,柯惠医疗器材国际贸易（上海）有 限公司,,
C1101031731101206855,11-吻（缝）合器及附件,01-开放及微创手术通用吻 （缝）合器及附件,03-腔镜切割吻合器钉仓（钉匣）,173-吻合器适配钉 仓类,11-纯钛,012-直线/电动,173002,腔镜直线型切割吻合器钉仓 （钉匣）,山东威瑞外科医用制品有限公司,,
C1101031731101206894,11-吻（缝）合器及附件,01-开放及微创手术通用吻 （缝）合器及附件,03-腔镜切割吻合器钉仓（钉匣）,173-吻合器适配钉 仓类,11-纯钛,012-直线/电动,173002,腔镜直线型切割吻合器钉仓 （钉匣）,南京迈迪欣医疗器械有限公司,,
C1101031731101207013,11-吻（缝）合器及附件,01-开放及微创手术通用吻 （缝）合器及附件,03-腔镜切割吻合器钉仓（钉匣）,173-吻合器适配钉 仓类,11-纯钛,012-直线/电动,173002,腔镜直线型切割吻合器钉仓 （钉匣）,无锡市舒康医疗器械有限公司,,
C1101031731101207030,11-吻（缝）合器及附件,01-开放及微创手术通用吻 （缝）合器及附件,03-腔镜切割吻合器钉仓（钉匣）,173-吻合器适配钉 仓类,11-纯钛,012-直线/电动,173002,腔镜直线型切割吻合器钉仓 （钉匣）,江苏凯尔特医疗科技有限公司,,
C1101031731101207079,11-吻（缝）合器及附件,01-开放及微创手术通用吻 （缝）合器及附件,03-腔镜切割吻合器钉仓（钉匣）,173-吻合器适配钉 仓类,11-纯钛,012-直线/电动,173002,腔镜直线型切割吻合器钉仓 （钉匣）,常州同创医疗器械科技有限公司,,
C1101031731101207197,11-吻（缝）合器及附件,01-开放及微创手术通用吻 （缝）合器及附件,03-腔镜切割吻合器钉仓（钉匣）,173-吻合器适配钉 仓类,11-纯钛,012-直线/电动,173002,腔镜直线型切割吻合器钉仓 （钉匣）,常州海尔斯医疗器械科技有限公司,,
C1101031731101207284,11-吻（缝）合器及附件,01-开放及微创手术通用吻 （缝）合器及附件,03-腔镜切割吻合器钉仓（钉匣）,173-吻合器适配钉 仓类,11-纯钛,012-直线/电动,173002,腔镜直线型切割吻合器钉仓 （钉匣）,微至（苏州）医疗科技有限公司,,
C1101031731101207429,11-吻（缝）合器及附件,01-开放及微创手术通用吻 （缝）合器及附件,03-腔镜切割吻合器钉仓（钉匣）,173-吻合器适配钉 仓类,11-纯钛,012-直线/电动,173002,腔镜直线型切割吻合器钉仓 （钉匣）,天臣国际医疗科技股份有限公司,,
C1101031731101207975,11-吻（缝）合器及附件,01-开放及微创手术通用吻 （缝）合器及附件,03-腔镜切割吻合器钉仓（钉匣）,173-吻合器适配钉 仓类,11-纯钛,012-直线/电动,173002,腔镜直线型切割吻合器钉仓 （钉匣）,杭州迈瑞医疗科技有限公司,,
C1101031731101208019,11-吻（缝）合器及附件,01-开放及微创手术通用吻 （缝）合器及附件,03-腔镜切割吻合器钉仓（钉匣）,173-吻合器适配钉 仓类,11-纯钛,012-直线/电动,173002,腔镜直线型切割吻合器钉仓 （钉匣）,江苏瑞普医疗器械科技有限公司,,
C1101031731101208414,11-吻（缝）合器及附件,01-开放及微创手术通用吻 （缝）合器及附件,03-腔镜切割吻合器钉仓（钉匣）,173-吻合器适配钉 仓类,11-纯钛,012-直线/电动,173002,腔镜直线型切割吻合器钉仓 （钉匣）,北京派尔特医疗科技股份有限公司,,
C1101031731101208471,11-吻（缝）合器及附件,01-开放及微创手术通用吻 （缝）合器及附件,03-腔镜切割吻合器钉仓（钉匣）,173-吻合器适配钉 仓类,11-纯钛,012-直线/电动,173002,腔镜直线型切割吻合器钉仓 （钉匣）,江苏明朗医疗器械科技有限公司,,
C1101031731101208888,11-吻（缝）合器及附件,01-开放及微创手术通用吻 （缝）合器及附件,03-腔镜切割吻合器钉仓（钉匣）,173-吻合器适配钉 仓类,11-纯钛,012-直线/电动,173002,腔镜直线型切割吻合器钉仓 （钉匣）,美敦力常州医疗器械有限公司,,
C1101031731101209051,11-吻（缝）合器及附件,01-开放及微创手术通用吻 （缝）合器及附件,03-腔镜切割吻合器钉仓（钉匣）,173-吻合器适配钉 仓类,11-纯钛,012-直线/电动,173002,腔镜直线型切割吻合器钉仓 （钉匣）,江苏冠创医疗科技有限公司,,
C1101031731101209550,11-吻（缝）合器及附件,01-开放及微创手术通用吻 （缝）合器及附件,03-腔镜切割吻合器钉仓（钉匣）,173-吻合器适配钉 仓类,11-纯钛,012-直线/电动,173002,腔镜直线型切割吻合器钉仓 （钉匣）,江苏臣诺医疗器械有限公司,,
C1101031731101209709,11-吻（缝）合器及附件,01-开放及微创手术通用吻 （缝）合器及附件,03-腔镜切割吻合器钉仓（钉匣）,173-吻合器适配钉 仓类,11-纯钛,012-直线/电动,173002,腔镜直线型切割吻合器钉仓 （钉匣）,常州市海达医疗器械有限公司,,
C1101031731101209869,11-吻（缝）合器及附件,01-开放及微创手术通用吻 （缝）合器及附件,03-腔镜切割吻合器钉仓（钉匣）,173-吻合器适配钉 仓类,11-纯钛,012-直线/电动,173002,腔镜直线型切割吻合器钉仓 （钉匣）,江苏芸众医疗科技有限公司,,
C1101031731101209979,11-吻（缝）合器及附件,01-开放及微创手术通用吻 （缝）合器及附件,03-腔镜切割吻合器钉仓（钉匣）,173-吻合器适配钉 仓类,11-纯钛,012-直线/电动,173002,腔镜直线型切割吻合器钉仓 （钉匣）,上海逸思医疗科技股份有限公司,,
C1101031731101210084,11-吻（缝）合器及附件,01-开放及微创手术通用吻 （缝）合器及附件,03-腔镜切割吻合器钉仓（钉匣）,173-吻合器适配钉 仓类,11-纯钛,012-直线/电动,173002,腔镜直线型切割吻合器钉仓 （钉匣）,宁波海泰科迈医疗器械有限公司,,
C1101031731101210203,11-吻（缝）合器及附件,01-开放及微创手术通用吻 （缝）合器及附件,03-腔镜切割吻合器钉仓（钉匣）,173-吻合器适配钉 仓类,11-纯钛,012-直线/电动,173002,腔镜直线型切割吻合器钉仓 （钉匣）,普瑞德医疗器械科技江苏有限公司,,
C1101031731101210208,11-吻（缝）合器及附件,01-开放及微创手术通用吻 （缝）合器及附件,03-腔镜切割吻合器钉仓（钉匣）,173-吻合器适配钉 仓类,11-纯钛,012-直线/电动,173002,腔镜直线型切割吻合器钉仓 （钉匣）,杭州康基医疗器械有限公司,,
C1101031731101210236,11-吻（缝）合器及附件,01-开放及微创手术通用吻 （缝）合器及附件,03-腔镜切割吻合器钉仓（钉匣）,173-吻合器适配钉 仓类,11-纯钛,012-直线/电动,173002,腔镜直线型切割吻合器钉仓 （钉匣）,湖南三瑞生物科技有限责任公司,,
C1101031731101210372,11-吻（缝）合器及附件,01-开放及微创手术通用吻 （缝）合器及附件,03-腔镜切割吻合器钉仓（钉匣）,173-吻合器适配钉 仓类,11-纯钛,012-直线/电动,173002,腔镜直线型切割吻合器钉仓 （钉匣）,逸思（苏州）医疗科技有限公司,,
C1101031731101210394,11-吻（缝）合器及附件,01-开放及微创手术通用吻 （缝）合器及附件,03-腔镜切割吻合器钉仓（钉匣）,173-吻合器适配钉 仓类,11-纯钛,012-直线/电动,173002,腔镜直线型切割吻合器钉仓 （钉匣）,重庆迈科唯医疗科技有限公司,,
C1101031731101210420,11-吻（缝）合器及附件,01-开放及微创手术通用吻 （缝）合器及附件,03-腔镜切割吻合器钉仓（钉匣）,173-吻合器适配钉 仓类,11-纯钛,012-直线/电动,173002,腔镜直线型切割吻合器钉仓 （钉匣）,常州市康迪医用吻合器有限公司,,
C1101031731101211079,11-吻（缝）合器及附件,01-开放及微创手术通用吻 （缝）合器及附件,03-腔镜切割吻合器钉仓（钉匣）,173-吻合器适配钉 仓类,11-纯钛,012-直线/电动,173002,腔镜直线型切割吻合器钉仓 （钉匣）,常州杰瑞尔医疗器械有限公司,,
C1101031731101211432,11-吻（缝）合器及附件,01-开放及微创手术通用吻 （缝）合器及附件,03-腔镜切割吻合器钉仓（钉匣）,173-吻合器适配钉 仓类,11-纯钛,012-直线/电动,173002,腔镜直线型切割吻合器钉仓 （钉匣）,江苏康赛医疗器械科技有限公司,,
C1101031731101211452,11-吻（缝）合器及附件,01-开放及微创手术通用吻 （缝）合器及附件,03-腔镜切割吻合器钉仓（钉匣）,173-吻合器适配钉 仓类,11-纯钛,012-直线/电动,173002,腔镜直线型切割吻合器钉仓 （钉匣）,江苏百纳医疗科技有限公司,,
C1101031731101211492,11-吻（缝）合器及附件,01-开放及微创手术通用吻 （缝）合器及附件,03-腔镜切割吻合器钉仓（钉匣）,173-吻合器适配钉 仓类,11-纯钛,012-直线/电动,173002,腔镜直线型切割吻合器钉仓 （钉匣）,江苏柯汇医疗科技有限公司,,
C1101031731101211518,11-吻（缝）合器及附件,01-开放及微创手术通用吻 （缝）合器及附件,03-腔镜切割吻合器钉仓（钉匣）,173-吻合器适配钉 仓类,11-纯钛,012-直线/电动,173002,腔镜直线型切割吻合器钉仓 （钉匣）,赛诺微医疗科技（浙江）有限公司,,
C1101031731101211552,11-吻（缝）合器及附件,01-开放及微创手术通用吻 （缝）合器及附件,03-腔镜切割吻合器钉仓（钉匣）,173-吻合器适配钉 仓类,11-纯钛,012-直线/电动,173002,腔镜直线型切割吻合器钉仓 （钉匣）,重庆德川医疗器械有限公司,,
C1101031731101211594,11-吻（缝）合器及附件,01-开放及微创手术通用吻 （缝）合器及附件,03-腔镜切割吻合器钉仓（钉匣）,173-吻合器适配钉 仓类,11-纯钛,012-直线/电动,173002,腔镜直线型切割吻合器钉仓 （钉匣）,河北卫崭医疗科技有限公司,,
C1101031731101211713,11-吻（缝）合器及附件,01-开放及微创手术通用吻 （缝）合器及附件,03-腔镜切割吻合器钉仓（钉匣）,173-吻合器适配钉 仓类,11-纯钛,012-直线/电动,173002,腔镜直线型切割吻合器钉仓 （钉匣）,南京竹海生物科技有限公司,,
C1101031731101211809,11-吻（缝）合器及附件,01-开放及微创手术通用吻 （缝）合器及附件,03-腔镜切割吻合器钉仓（钉匣）,173-吻合器适配钉 仓类,11-纯钛,012-直线/电动,173002,腔镜直线型切割吻合器钉仓 （钉匣）,湖南思捷泰克医疗科技有限公司,,
C1101031731101211860,11-吻（缝）合器及附件,01-开放及微创手术通用吻 （缝）合器及附件,03-腔镜切割吻合器钉仓（钉匣）,173-吻合器适配钉 仓类,11-纯钛,012-直线/电动,173002,腔镜直线型切割吻合器钉仓 （钉匣）,邦尼医疗科技（常州）有限公司,,
C1101031731101211953,11-吻（缝）合器及附件,01-开放及微创手术通用吻 （缝）合器及附件,03-腔镜切割吻合器钉仓（钉匣）,173-吻合器适配钉 仓类,11-纯钛,012-直线/电动,173002,腔镜直线型切割吻合器钉仓 （钉匣）,康晴（江苏）医疗科技有限公司,,
C1101031731101212160,11-吻（缝）合器及附件,01-开放及微创手术通用吻 （缝）合器及附件,03-腔镜切割吻合器钉仓（钉匣）,173-吻合器适配钉 仓类,11-纯钛,012-直线/电动,173002,腔镜直线型切割吻合器钉仓 （钉匣）,苏州英途康医疗科技有限公司,,
C1101031731101212276,11-吻（缝）合器及附件,01-开放及微创手术通用吻 （缝）合器及附件,03-腔镜切割吻合器钉仓（钉匣）,173-吻合器适配钉 仓类,11-纯钛,012-直线/电动,173002,腔镜直线型切割吻合器钉仓 （钉匣）,镁格生物科技（江苏）有限公司,,
C1101031731101212290,11-吻（缝）合器及附件,01-开放及微创手术通用吻 （缝）合器及附件,03-腔镜切割吻合器钉仓（钉匣）,173-吻合器适配钉 仓类,11-纯钛,012-直线/电动,173002,腔镜直线型切割吻合器钉仓 （钉匣）,湖南华外医疗科技有限公司,,
C1101031731101212565,11-吻（缝）合器及附件,01-开放及微创手术通用吻 （缝）合器及附件,03-腔镜切割吻合器钉仓（钉匣）,173-吻合器适配钉 仓类,11-纯钛,012-直线/电动,173002,腔镜直线型切割吻合器钉仓 （钉匣）,武汉联影智融医疗科技有限公司,,
C1101031731101212680,11-吻（缝）合器及附件,01-开放及微创手术通用吻 （缝）合器及附件,03-腔镜切割吻合器钉仓（钉匣）,173-吻合器适配钉 仓类,11-纯钛,012-直线/电动,173002,腔镜直线型切割吻合器钉仓 （钉匣）,江苏宝多利亚医疗科技有限公司,,
C1101031731101213235,11-吻（缝）合器及附件,01-开放及微创手术通用吻 （缝）合器及附件,03-腔镜切割吻合器钉仓（钉匣）,173-吻合器适配钉 仓类,11-纯钛,012-直线/电动,173002,腔镜直线型切割吻合器钉仓 （钉匣）,弘福瑞昇（苏州）微创医疗科技有 限公司,,
C1101031731101213266,11-吻（缝）合器及附件,01-开放及微创手术通用吻 （缝）合器及附件,03-腔镜切割吻合器钉仓（钉匣）,173-吻合器适配钉 仓类,11-纯钛,012-直线/电动,173002,腔镜直线型切割吻合器钉仓 （钉匣）,正合医疗科技（常州）有限公司,,
C1101031731101213632,11-吻（缝）合器及附件,01-开放及微创手术通用吻 （缝）合器及附件,03-腔镜切割吻合器钉仓（钉匣）,173-吻合器适配钉 仓类,11-纯钛,012-直线/电动,173002,腔镜直线型切割吻合器钉仓 （钉匣）,湖南迈科唯医疗科技有限公司,,
C1101031731101213633,11-吻（缝）合器及附件,01-开放及微创手术通用吻 （缝）合器及附件,03-腔镜切割吻合器钉仓（钉匣）,173-吻合器适配钉 仓类,11-纯钛,012-直线/电动,173002,腔镜直线型切割吻合器钉仓 （钉匣）,湖南浣然医疗科技有限公司,,
C1101031731101213634,11-吻（缝）合器及附件,01-开放及微创手术通用吻 （缝）合器及附件,03-腔镜切割吻合器钉仓（钉匣）,173-吻合器适配钉 仓类,11-纯钛,012-直线/电动,173002,腔镜直线型切割吻合器钉仓 （钉匣）,以瑞康医疗科技（长沙）有限公司,,
C1101031731101213748,11-吻（缝）合器及附件,01-开放及微创手术通用吻 （缝）合器及附件,03-腔镜切割吻合器钉仓（钉匣）,173-吻合器适配钉 仓类,11-纯钛,012-直线/电动,173002,腔镜直线型切割吻合器钉仓 （钉匣）,江苏乾康医疗器械有限公司,,
C1101031731101214419,11-吻（缝）合器及附件,01-开放及微创手术通用吻 （缝）合器及附件,03-腔镜切割吻合器钉仓（钉匣）,173-吻合器适配钉 仓类,11-纯钛,012-直线/电动,173002,腔镜直线型切割吻合器钉仓 （钉匣）,江西汉普医疗科技有限公司,,
C1101031731101214680,11-吻（缝）合器及附件,01-开放及微创手术通用吻 （缝）合器及附件,03-腔镜切割吻合器钉仓（钉匣）,173-吻合器适配钉 仓类,11-纯钛,012-直线/电动,173002,腔镜直线型切割吻合器钉仓 （钉匣）,湖南润蓓医疗器械有限公司,,
C1101031731101214737,11-吻（缝）合器及附件,01-开放及微创手术通用吻 （缝）合器及附件,03-腔镜切割吻合器钉仓（钉匣）,173-吻合器适配钉 仓类,11-纯钛,012-直线/电动,173002,腔镜直线型切割吻合器钉仓 （钉匣）,麦德莱（苏州）医疗科技有限公司,,
C1101031731101215153,11-吻（缝）合器及附件,01-开放及微创手术通用吻 （缝）合器及附件,03-腔镜切割吻合器钉仓（钉匣）,173-吻合器适配钉 仓类,11-纯钛,012-直线/电动,173002,腔镜直线型切割吻合器钉仓 （钉匣）,江西瀚良生物科技有限公司,,
C1101031731101215743,11-吻（缝）合器及附件,01-开放及微创手术通用吻 （缝）合器及附件,03-腔镜切割吻合器钉仓（钉匣）,173-吻合器适配钉 仓类,11-纯钛,012-直线/电动,173002,腔镜直线型切割吻合器钉仓 （钉匣）,施爱德（长沙）医疗器材有限公司,,
C1101031731101215948,11-吻（缝）合器及附件,01-开放及微创手术通用吻 （缝）合器及附件,03-腔镜切割吻合器钉仓（钉匣）,173-吻合器适配钉 仓类,11-纯钛,012-直线/电动,173002,腔镜直线型切割吻合器钉仓 （钉匣）,善彤医疗科技（湖南）有限公司,,
C1101031731101216022,11-吻（缝）合器及附件,01-开放及微创手术通用吻 （缝）合器及附件,03-腔镜切割吻合器钉仓（钉匣）,173-吻合器适配钉 仓类,11-纯钛,012-直线/电动,173002,腔镜直线型切割吻合器钉仓 （钉匣）,江苏京品医疗科技有限公司,,
C1101031731101216125,11-吻（缝）合器及附件,01-开放及微创手术通用吻 （缝）合器及附件,03-腔镜切割吻合器钉仓（钉匣）,173-吻合器适配钉 仓类,11-纯钛,012-直线/电动,173002,腔镜直线型切割吻合器钉仓 （钉匣）,威海柯凡医疗器械科技有限公司,,
C1101031731101216132,11-吻（缝）合器及附件,01-开放及微创手术通用吻 （缝）合器及附件,03-腔镜切割吻合器钉仓（钉匣）,173-吻合器适配钉 仓类,11-纯钛,012-直线/电动,173002,腔镜直线型切割吻合器钉仓 （钉匣）,湖南贝恩外科器械有限公司,,
C1101031731101216417,11-吻（缝）合器及附件,01-开放及微创手术通用吻 （缝）合器及附件,03-腔镜切割吻合器钉仓（钉匣）,173-吻合器适配钉 仓类,11-纯钛,012-直线/电动,173002,腔镜直线型切割吻合器钉仓 （钉匣）,瑞迈康（山东）医疗器械有限责任 公司,,
C1101031731101216475,11-吻（缝）合器及附件,01-开放及微创手术通用吻 （缝）合器及附件,03-腔镜切割吻合器钉仓（钉匣）,173-吻合器适配钉 仓类,11-纯钛,012-直线/电动,173002,腔镜直线型切割吻合器钉仓 （钉匣）,直观复星医疗器械技术（上海）有 限公司,,
C1101031731101216542,11-吻（缝）合器及附件,01-开放及微创手术通用吻 （缝）合器及附件,03-腔镜切割吻合器钉仓（钉匣）,173-吻合器适配钉 仓类,11-纯钛,012-直线/电动,173002,腔镜直线型切割吻合器钉仓 （钉匣）,深圳市世格赛思医疗科技有限公司,,
C1101031731101217064,11-吻（缝）合器及附件,01-开放及微创手术通用吻 （缝）合器及附件,03-腔镜切割吻合器钉仓（钉匣）,173-吻合器适配钉 仓类,11-纯钛,012-直线/电动,173002,腔镜直线型切割吻合器钉仓 （钉匣）,湖南辰润医疗科技有限公司,,
C1101031731101217125,11-吻（缝）合器及附件,01-开放及微创手术通用吻 （缝）合器及附件,03-腔镜切割吻合器钉仓（钉匣）,173-吻合器适配钉 仓类,11-纯钛,012-直线/电动,173002,腔镜直线型切割吻合器钉仓 （钉匣）,英途康医疗科技（长沙）有限公司,,
C1101031731101217174,11-吻（缝）合器及附件,01-开放及微创手术通用吻 （缝）合器及附件,03-腔镜切割吻合器钉仓（钉匣）,173-吻合器适配钉 仓类,11-纯钛,012-直线/电动,173002,腔镜直线型切割吻合器钉仓 （钉匣）,重庆市启创医疗器械有限公司,,
C1101031731101217657,11-吻（缝）合器及附件,01-开放及微创手术通用吻 （缝）合器及附件,03-腔镜切割吻合器钉仓（钉匣）,173-吻合器适配钉 仓类,11-纯钛,012-直线/电动,173002,腔镜直线型切割吻合器钉仓 （钉匣）,苏州越众生物科技有限公司,,
C1101031731101217734,11-吻（缝）合器及附件,01-开放及微创手术通用吻 （缝）合器及附件,03-腔镜切割吻合器钉仓（钉匣）,173-吻合器适配钉 仓类,11-纯钛,012-直线/电动,173002,腔镜直线型切割吻合器钉仓 （钉匣）,江苏安欣医疗科技有限公司,,
C1101031731101217949,11-吻（缝）合器及附件,01-开放及微创手术通用吻 （缝）合器及附件,03-腔镜切割吻合器钉仓（钉匣）,173-吻合器适配钉 仓类,11-纯钛,012-直线/电动,173002,腔镜直线型切割吻合器钉仓 （钉匣）,湖南伽莱科医疗器械有限公司,,
C1101031731101217996,11-吻（缝）合器及附件,01-开放及微创手术通用吻 （缝）合器及附件,03-腔镜切割吻合器钉仓（钉匣）,173-吻合器适配钉 仓类,11-纯钛,012-直线/电动,173002,腔镜直线型切割吻合器钉仓 （钉匣）,新镜界（湘潭）医疗科技有限公司,,
C1101031731101218059,11-吻（缝）合器及附件,01-开放及微创手术通用吻 （缝）合器及附件,03-腔镜切割吻合器钉仓（钉匣）,173-吻合器适配钉 仓类,11-纯钛,012-直线/电动,173002,腔镜直线型切割吻合器钉仓 （钉匣）,美科特医疗科技（苏州）有限公司,,
C1101031731101218495,11-吻（缝）合器及附件,01-开放及微创手术通用吻 （缝）合器及附件,03-腔镜切割吻合器钉仓（钉匣）,173-吻合器适配钉 仓类,11-纯钛,012-直线/电动,173002,腔镜直线型切割吻合器钉仓 （钉匣）,重庆悠创生物技术有限公司,,
C1101031731101219590,11-吻（缝）合器及附件,01-开放及微创手术通用吻 （缝）合器及附件,03-腔镜切割吻合器钉仓（钉匣）,173-吻合器适配钉 仓类,11-纯钛,012-直线/电动,173002,腔镜直线型切割吻合器钉仓 （钉匣）,上际医疗科技（浙江）有限公司,,
C1101031731101219595,11-吻（缝）合器及附件,01-开放及微创手术通用吻 （缝）合器及附件,03-腔镜切割吻合器钉仓（钉匣）,173-吻合器适配钉 仓类,11-纯钛,012-直线/电动,173002,腔镜直线型切割吻合器钉仓 （钉匣）,厦门星火微光医疗器械制造有限公 司,,
C1101031731101219611,11-吻（缝）合器及附件,01-开放及微创手术通用吻 （缝）合器及附件,03-腔镜切割吻合器钉仓（钉匣）,173-吻合器适配钉 仓类,11-纯钛,012-直线/电动,173002,腔镜直线型切割吻合器钉仓 （钉匣）,锐曜石医疗科技(苏州)有限公司,,
C1101031731101219613,11-吻（缝）合器及附件,01-开放及微创手术通用吻 （缝）合器及附件,03-腔镜切割吻合器钉仓（钉匣）,173-吻合器适配钉 仓类,11-纯钛,012-直线/电动,173002,腔镜直线型切割吻合器钉仓 （钉匣）,善彤医疗科技（苏州)有限公司,,
C1101031731101219861,11-吻（缝）合器及附件,01-开放及微创手术通用吻 （缝）合器及附件,03-腔镜切割吻合器钉仓（钉匣）,173-吻合器适配钉 仓类,11-纯钛,012-直线/电动,173002,腔镜直线型切割吻合器钉仓 （钉匣）,以诺康医疗科技（合肥）有限公司,,
C1101031731101220671,11-吻（缝）合器及附件,01-开放及微创手术通用吻 （缝）合器及附件,03-腔镜切割吻合器钉仓（钉匣）,173-吻合器适配钉 仓类,11-纯钛,012-直线/电动,173002,腔镜直线型切割吻合器钉仓 （钉匣）,常州礼和医疗科技有限公司,,
C1101031731101221161,11-吻（缝）合器及附件,01-开放及微创手术通用吻 （缝）合器及附件,03-腔镜切割吻合器钉仓（钉匣）,173-吻合器适配钉 仓类,11-纯钛,012-直线/电动,173002,腔镜直线型切割吻合器钉仓 （钉匣）,江苏泰科博曼医疗器械有限公司,,
C1101031731101221361,11-吻（缝）合器及附件,01-开放及微创手术通用吻 （缝）合器及附件,03-腔镜切割吻合器钉仓（钉匣）,173-吻合器适配钉 仓类,11-纯钛,012-直线/电动,173002,腔镜直线型切割吻合器钉仓 （钉匣）,海南维智博威鑫科技有限公司,,
C1101031731101221455,11-吻（缝）合器及附件,01-开放及微创手术通用吻 （缝）合器及附件,03-腔镜切割吻合器钉仓（钉匣）,173-吻合器适配钉 仓类,11-纯钛,012-直线/电动,173002,腔镜直线型切割吻合器钉仓 （钉匣）,苏州梵洐医疗科技有限公司,,
C1101031731101221846,11-吻（缝）合器及附件,01-开放及微创手术通用吻 （缝）合器及附件,03-腔镜切割吻合器钉仓（钉匣）,173-吻合器适配钉 仓类,11-纯钛,012-直线/电动,173002,腔镜直线型切割吻合器钉仓 （钉匣）,康奇舒宁（苏州）医疗科技有限公 司,,
C1101031731101221860,11-吻（缝）合器及附件,01-开放及微创手术通用吻 （缝）合器及附件,03-腔镜切割吻合器钉仓（钉匣）,173-吻合器适配钉 仓类,11-纯钛,012-直线/电动,173002,腔镜直线型切割吻合器钉仓 （钉匣）,江苏奕龙微创医疗科技有限公司,,
C1101031731101221898,11-吻（缝）合器及附件,01-开放及微创手术通用吻 （缝）合器及附件,03-腔镜切割吻合器钉仓（钉匣）,173-吻合器适配钉 仓类,11-纯钛,012-直线/电动,173002,腔镜直线型切割吻合器钉仓 （钉匣）,湖南省粒铭医疗器械有限公司,,
C1101031731101222016,11-吻（缝）合器及附件,01-开放及微创手术通用吻 （缝）合器及附件,03-腔镜切割吻合器钉仓（钉匣）,173-吻合器适配钉 仓类,11-纯钛,012-直线/电动,173002,腔镜直线型切割吻合器钉仓 （钉匣）,重庆知我者医疗科技有限公司,,
C1101031731101222058,11-吻（缝）合器及附件,01-开放及微创手术通用吻 （缝）合器及附件,03-腔镜切割吻合器钉仓（钉匣）,173-吻合器适配钉 仓类,11-纯钛,012-直线/电动,173002,腔镜直线型切割吻合器钉仓 （钉匣）,昂韧芯格纳（浙江）医疗科技有限 公司,,
C1101031731101222230,11-吻（缝）合器及附件,01-开放及微创手术通用吻 （缝）合器及附件,03-腔镜切割吻合器钉仓（钉匣）,173-吻合器适配钉 仓类,11-纯钛,012-直线/电动,173002,腔镜直线型切割吻合器钉仓 （钉匣）,重庆创美达医疗科技有限公司,,
C1101031731101222798,11-吻（缝）合器及附件,01-开放及微创手术通用吻 （缝）合器及附件,03-腔镜切割吻合器钉仓（钉匣）,173-吻合器适配钉 仓类,11-纯钛,012-直线/电动,173002,腔镜直线型切割吻合器钉仓 （钉匣）,赛诺微医疗科技（北京）有限公司,,
C1101031731101222886,11-吻（缝）合器及附件,01-开放及微创手术通用吻 （缝）合器及附件,03-腔镜切割吻合器钉仓（钉匣）,173-吻合器适配钉 仓类,11-纯钛,012-直线/电动,173002,腔镜直线型切割吻合器钉仓 （钉匣）,宁波恒驰医疗科技有限公司,,
C1101031731101223125,11-吻（缝）合器及附件,01-开放及微创手术通用吻 （缝）合器及附件,03-腔镜切割吻合器钉仓（钉匣）,173-吻合器适配钉 仓类,11-纯钛,012-直线/电动,173002,腔镜直线型切割吻合器钉仓 （钉匣）,昕科生物科技（苏州）有限公司,,
C1101031731101223605,11-吻（缝）合器及附件,01-开放及微创手术通用吻 （缝）合器及附件,03-腔镜切割吻合器钉仓（钉匣）,173-吻合器适配钉 仓类,11-纯钛,012-直线/电动,173002,腔镜直线型切割吻合器钉仓 （钉匣）,海南栗栗生医疗科技有限公司,,
C1101031731101223620,11-吻（缝）合器及附件,01-开放及微创手术通用吻 （缝）合器及附件,03-腔镜切割吻合器钉仓（钉匣）,173-吻合器适配钉 仓类,11-纯钛,012-直线/电动,173002,腔镜直线型切割吻合器钉仓 （钉匣）,江苏景明医疗科技有限公司,,
C1101031731101223665,11-吻（缝）合器及附件,01-开放及微创手术通用吻 （缝）合器及附件,03-腔镜切割吻合器钉仓（钉匣）,173-吻合器适配钉 仓类,11-纯钛,012-直线/电动,173002,腔镜直线型切割吻合器钉仓 （钉匣）,江西金湛医疗科技有限公司,,
C1101031731101224587,11-吻（缝）合器及附件,01-开放及微创手术通用吻 （缝）合器及附件,03-腔镜切割吻合器钉仓（钉匣）,173-吻合器适配钉 仓类,11-纯钛,012-直线/电动,173002,腔镜直线型切割吻合器钉仓 （钉匣）,绍兴精微医疗科技有限公司,,
C1101031731101225199,11-吻（缝）合器及附件,01-开放及微创手术通用吻 （缝）合器及附件,03-腔镜切割吻合器钉仓（钉匣）,173-吻合器适配钉 仓类,11-纯钛,012-直线/电动,173002,腔镜直线型切割吻合器钉仓 （钉匣）,思卓瑞（兴宁）医疗科技有限公司,,
C1101031731101225229,11-吻（缝）合器及附件,01-开放及微创手术通用吻 （缝）合器及附件,03-腔镜切割吻合器钉仓（钉匣）,173-吻合器适配钉 仓类,11-纯钛,012-直线/电动,173002,腔镜直线型切割吻合器钉仓 （钉匣）,江苏盈奕医疗科技有限公司,,
C1101031731101306823,11-吻（缝）合器及附件,01-开放及微创手术通用吻 （缝）合器及附件,03-腔镜切割吻合器钉仓（钉匣）,173-吻合器适配钉 仓类,11-纯钛,013-弧形/手动,173003,腔镜弧线型切割吻合器钉仓 （钉匣）,柯惠医疗器材国际贸易（上海）有 限公司,,
C1101031731101406823,11-吻（缝）合器及附件,01-开放及微创手术通用吻 （缝）合器及附件,03-腔镜切割吻合器钉仓（钉匣）,173-吻合器适配钉 仓类,11-纯钛,014-弧形/电动,173003,腔镜弧线型切割吻合器钉仓 （钉匣）,柯惠医疗器材国际贸易（上海）有 限公司,,
C1101031731401100013,11-吻（缝）合器及附件,01-开放及微创手术通用吻 （缝）合器及附件,03-腔镜切割吻合器钉仓（钉匣）,173-吻合器适配钉 仓类,14-钛合金,011-直线/手动,173002,腔镜直线型切割吻合器钉仓 （钉匣）,常州安康医疗器械有限公司,,
C1101031731401100943,11-吻（缝）合器及附件,01-开放及微创手术通用吻 （缝）合器及附件,03-腔镜切割吻合器钉仓（钉匣）,173-吻合器适配钉 仓类,14-钛合金,011-直线/手动,173002,腔镜直线型切割吻合器钉仓 （钉匣）,天津瑞奇外科器械股份有限公司,,
C1101031731401101321,11-吻（缝）合器及附件,01-开放及微创手术通用吻 （缝）合器及附件,03-腔镜切割吻合器钉仓（钉匣）,173-吻合器适配钉 仓类,14-钛合金,011-直线/手动,173002,腔镜直线型切割吻合器钉仓 （钉匣）,江苏华夏医疗器械有限公司,,
C1101031731401101458,11-吻（缝）合器及附件,01-开放及微创手术通用吻 （缝）合器及附件,03-腔镜切割吻合器钉仓（钉匣）,173-吻合器适配钉 仓类,14-钛合金,011-直线/手动,173002,腔镜直线型切割吻合器钉仓 （钉匣）,无锡贝恩外科器械有限公司,,
C1101031731401101600,11-吻（缝）合器及附件,01-开放及微创手术通用吻 （缝）合器及附件,03-腔镜切割吻合器钉仓（钉匣）,173-吻合器适配钉 仓类,14-钛合金,011-直线/手动,173002,腔镜直线型切割吻合器钉仓 （钉匣）,常州市久成电子设备有限公司,,
C1101031731401101959,11-吻（缝）合器及附件,01-开放及微创手术通用吻 （缝）合器及附件,03-腔镜切割吻合器钉仓（钉匣）,173-吻合器适配钉 仓类,14-钛合金,011-直线/手动,173002,腔镜直线型切割吻合器钉仓 （钉匣）,江苏博朗森思医疗器械有限公司,,
C1101031731401102228,11-吻（缝）合器及附件,01-开放及微创手术通用吻 （缝）合器及附件,03-腔镜切割吻合器钉仓（钉匣）,173-吻合器适配钉 仓类,14-钛合金,011-直线/手动,173002,腔镜直线型切割吻合器钉仓 （钉匣）,常州科峰医疗科技有限公司,,
C1101031731401102707,11-吻（缝）合器及附件,01-开放及微创手术通用吻 （缝）合器及附件,03-腔镜切割吻合器钉仓（钉匣）,173-吻合器适配钉 仓类,14-钛合金,011-直线/手动,173002,腔镜直线型切割吻合器钉仓 （钉匣）,常州安克医疗科技有限公司,,
C1101031731401102842,11-吻（缝）合器及附件,01-开放及微创手术通用吻 （缝）合器及附件,03-腔镜切割吻合器钉仓（钉匣）,173-吻合器适配钉 仓类,14-钛合金,011-直线/手动,173002,腔镜直线型切割吻合器钉仓 （钉匣）,江苏瑞安贝医疗器械有限公司,,
C1101031731401104119,11-吻（缝）合器及附件,01-开放及微创手术通用吻 （缝）合器及附件,03-腔镜切割吻合器钉仓（钉匣）,173-吻合器适配钉 仓类,14-钛合金,011-直线/手动,173002,腔镜直线型切割吻合器钉仓 （钉匣）,盈甲医疗器械制造（上海）有限公 司,,
C1101031731401104330,11-吻（缝）合器及附件,01-开放及微创手术通用吻 （缝）合器及附件,03-腔镜切割吻合器钉仓（钉匣）,173-吻合器适配钉 仓类,14-钛合金,011-直线/手动,173002,腔镜直线型切割吻合器钉仓 （钉匣）,常州市迈迪医疗器械有限公司,,
C1101031731401104716,11-吻（缝）合器及附件,01-开放及微创手术通用吻 （缝）合器及附件,03-腔镜切割吻合器钉仓（钉匣）,173-吻合器适配钉 仓类,14-钛合金,011-直线/手动,173002,腔镜直线型切割吻合器钉仓 （钉匣）,宁波甬星医疗仪器有限公司,,
C1101031731401105107,11-吻（缝）合器及附件,01-开放及微创手术通用吻 （缝）合器及附件,03-腔镜切割吻合器钉仓（钉匣）,173-吻合器适配钉 仓类,14-钛合金,011-直线/手动,173002,腔镜直线型切割吻合器钉仓 （钉匣）,常州市新能源吻合器总厂有限公司,,
C1101031731401106224,11-吻（缝）合器及附件,01-开放及微创手术通用吻 （缝）合器及附件,03-腔镜切割吻合器钉仓（钉匣）,173-吻合器适配钉 仓类,14-钛合金,011-直线/手动,173002,腔镜直线型切割吻合器钉仓 （钉匣）,江苏风和医疗器材股份有限公司,,
C1101031731401106759,11-吻（缝）合器及附件,01-开放及微创手术通用吻 （缝）合器及附件,03-腔镜切割吻合器钉仓（钉匣）,173-吻合器适配钉 仓类,14-钛合金,011-直线/手动,173002,腔镜直线型切割吻合器钉仓 （钉匣）,宁波维尔凯迪医疗器械有限公司,,
C1101031731401107185,11-吻（缝）合器及附件,01-开放及微创手术通用吻 （缝）合器及附件,03-腔镜切割吻合器钉仓（钉匣）,173-吻合器适配钉 仓类,14-钛合金,011-直线/手动,173002,腔镜直线型切割吻合器钉仓 （钉匣）,常州伊沃特医疗器械有限公司,,
C1101031731401107341,11-吻（缝）合器及附件,01-开放及微创手术通用吻 （缝）合器及附件,03-腔镜切割吻合器钉仓（钉匣）,173-吻合器适配钉 仓类,14-钛合金,011-直线/手动,173002,腔镜直线型切割吻合器钉仓 （钉匣）,无锡博康医疗器械有限公司,,
C1101031731401107429,11-吻（缝）合器及附件,01-开放及微创手术通用吻 （缝）合器及附件,03-腔镜切割吻合器钉仓（钉匣）,173-吻合器适配钉 仓类,14-钛合金,011-直线/手动,173002,腔镜直线型切割吻合器钉仓 （钉匣）,天臣国际医疗科技股份有限公司,,
C1101031731401107507,11-吻（缝）合器及附件,01-开放及微创手术通用吻 （缝）合器及附件,03-腔镜切割吻合器钉仓（钉匣）,173-吻合器适配钉 仓类,14-钛合金,011-直线/手动,173002,腔镜直线型切割吻合器钉仓 （钉匣）,北京博辉瑞进生物科技有限公司,,
C1101031731401107722,11-吻（缝）合器及附件,01-开放及微创手术通用吻 （缝）合器及附件,03-腔镜切割吻合器钉仓（钉匣）,173-吻合器适配钉 仓类,14-钛合金,011-直线/手动,173002,腔镜直线型切割吻合器钉仓 （钉匣）,常州瑞索斯医疗设备有限公司,,
C1101031731401107805,11-吻（缝）合器及附件,01-开放及微创手术通用吻 （缝）合器及附件,03-腔镜切割吻合器钉仓（钉匣）,173-吻合器适配钉 仓类,14-钛合金,011-直线/手动,173002,腔镜直线型切割吻合器钉仓 （钉匣）,湖南豌豆医疗用品有限公司,,
C1101031731401108304,11-吻（缝）合器及附件,01-开放及微创手术通用吻 （缝）合器及附件,03-腔镜切割吻合器钉仓（钉匣）,173-吻合器适配钉 仓类,14-钛合金,011-直线/手动,173002,腔镜直线型切割吻合器钉仓 （钉匣）,强生（苏州）医疗器材有限公司,,
C1101031731401108414,11-吻（缝）合器及附件,01-开放及微创手术通用吻 （缝）合器及附件,03-腔镜切割吻合器钉仓（钉匣）,173-吻合器适配钉 仓类,14-钛合金,011-直线/手动,173002,腔镜直线型切割吻合器钉仓 （钉匣）,北京派尔特医疗科技股份有限公司,,
C1101031731401108889,11-吻（缝）合器及附件,01-开放及微创手术通用吻 （缝）合器及附件,03-腔镜切割吻合器钉仓（钉匣）,173-吻合器适配钉 仓类,14-钛合金,011-直线/手动,173002,腔镜直线型切割吻合器钉仓 （钉匣）,湖南康呈医疗科技有限公司,,
C1101031731401109098,11-吻（缝）合器及附件,01-开放及微创手术通用吻 （缝）合器及附件,03-腔镜切割吻合器钉仓（钉匣）,173-吻合器适配钉 仓类,14-钛合金,011-直线/手动,173002,腔镜直线型切割吻合器钉仓 （钉匣）,强生（上海）医疗器材有限公司,,
C1101031731401109550,11-吻（缝）合器及附件,01-开放及微创手术通用吻 （缝）合器及附件,03-腔镜切割吻合器钉仓（钉匣）,173-吻合器适配钉 仓类,14-钛合金,011-直线/手动,173002,腔镜直线型切割吻合器钉仓 （钉匣）,江苏臣诺医疗器械有限公司,,
C1101031731401109709,11-吻（缝）合器及附件,01-开放及微创手术通用吻 （缝）合器及附件,03-腔镜切割吻合器钉仓（钉匣）,173-吻合器适配钉 仓类,14-钛合金,011-直线/手动,173002,腔镜直线型切割吻合器钉仓 （钉匣）,常州市海达医疗器械有限公司,,
C1101031731401109820,11-吻（缝）合器及附件,01-开放及微创手术通用吻 （缝）合器及附件,03-腔镜切割吻合器钉仓（钉匣）,173-吻合器适配钉 仓类,14-钛合金,011-直线/手动,173002,腔镜直线型切割吻合器钉仓 （钉匣）,常州市智业医疗仪器研究所有限公 司,,
C1101031731401110602,11-吻（缝）合器及附件,01-开放及微创手术通用吻 （缝）合器及附件,03-腔镜切割吻合器钉仓（钉匣）,173-吻合器适配钉 仓类,14-钛合金,011-直线/手动,173002,腔镜直线型切割吻合器钉仓 （钉匣）,常州智力微创医疗器械有限公司,,
C1101031731401111178,11-吻（缝）合器及附件,01-开放及微创手术通用吻 （缝）合器及附件,03-腔镜切割吻合器钉仓（钉匣）,173-吻合器适配钉 仓类,14-钛合金,011-直线/手动,173002,腔镜直线型切割吻合器钉仓 （钉匣）,北京普润医疗器械有限公司,,
C1101031731401111452,11-吻（缝）合器及附件,01-开放及微创手术通用吻 （缝）合器及附件,03-腔镜切割吻合器钉仓（钉匣）,173-吻合器适配钉 仓类,14-钛合金,011-直线/手动,173002,腔镜直线型切割吻合器钉仓 （钉匣）,江苏百纳医疗科技有限公司,,
C1101031731401111640,11-吻（缝）合器及附件,01-开放及微创手术通用吻 （缝）合器及附件,03-腔镜切割吻合器钉仓（钉匣）,173-吻合器适配钉 仓类,14-钛合金,011-直线/手动,173002,腔镜直线型切割吻合器钉仓 （钉匣）,英特姆（武汉）医疗科技有限公司,,
C1101031731401111797,11-吻（缝）合器及附件,01-开放及微创手术通用吻 （缝）合器及附件,03-腔镜切割吻合器钉仓（钉匣）,173-吻合器适配钉 仓类,14-钛合金,011-直线/手动,173002,腔镜直线型切割吻合器钉仓 （钉匣）,江西国康实业有限公司,,
C1101031731401112290,11-吻（缝）合器及附件,01-开放及微创手术通用吻 （缝）合器及附件,03-腔镜切割吻合器钉仓（钉匣）,173-吻合器适配钉 仓类,14-钛合金,011-直线/手动,173002,腔镜直线型切割吻合器钉仓 （钉匣）,湖南华外医疗科技有限公司,,
C1101031731401112320,11-吻（缝）合器及附件,01-开放及微创手术通用吻 （缝）合器及附件,03-腔镜切割吻合器钉仓（钉匣）,173-吻合器适配钉 仓类,14-钛合金,011-直线/手动,173002,腔镜直线型切割吻合器钉仓 （钉匣）,常州哈福医疗器械有限公司,,
C1101031731401112722,11-吻（缝）合器及附件,01-开放及微创手术通用吻 （缝）合器及附件,03-腔镜切割吻合器钉仓（钉匣）,173-吻合器适配钉 仓类,14-钛合金,011-直线/手动,173002,腔镜直线型切割吻合器钉仓 （钉匣）,重庆大清医疗器械有限公司,,
C1101031731401114680,11-吻（缝）合器及附件,01-开放及微创手术通用吻 （缝）合器及附件,03-腔镜切割吻合器钉仓（钉匣）,173-吻合器适配钉 仓类,14-钛合金,011-直线/手动,173002,腔镜直线型切割吻合器钉仓 （钉匣）,湖南润蓓医疗器械有限公司,,
C1101031731401116882,11-吻（缝）合器及附件,01-开放及微创手术通用吻 （缝）合器及附件,03-腔镜切割吻合器钉仓（钉匣）,173-吻合器适配钉 仓类,14-钛合金,011-直线/手动,173002,腔镜直线型切割吻合器钉仓 （钉匣）,长沙乐普外科医疗器械有限公司,,
C1101031731401117064,11-吻（缝）合器及附件,01-开放及微创手术通用吻 （缝）合器及附件,03-腔镜切割吻合器钉仓（钉匣）,173-吻合器适配钉 仓类,14-钛合金,011-直线/手动,173002,腔镜直线型切割吻合器钉仓 （钉匣）,湖南辰润医疗科技有限公司,,
C1101031731401117417,11-吻（缝）合器及附件,01-开放及微创手术通用吻 （缝）合器及附件,03-腔镜切割吻合器钉仓（钉匣）,173-吻合器适配钉 仓类,14-钛合金,011-直线/手动,173002,腔镜直线型切割吻合器钉仓 （钉匣）,元创医学技术（江苏）有限公司,,
C1101031731401118783,11-吻（缝）合器及附件,01-开放及微创手术通用吻 （缝）合器及附件,03-腔镜切割吻合器钉仓（钉匣）,173-吻合器适配钉 仓类,14-钛合金,011-直线/手动,173002,腔镜直线型切割吻合器钉仓 （钉匣）,长沙润杰医疗器械有限公司,,
C1101031731401119946,11-吻（缝）合器及附件,01-开放及微创手术通用吻 （缝）合器及附件,03-腔镜切割吻合器钉仓（钉匣）,173-吻合器适配钉 仓类,14-钛合金,011-直线/手动,173002,腔镜直线型切割吻合器钉仓 （钉匣）,苏州科曼医疗器械有限公司,,
C1101031731401122273,11-吻（缝）合器及附件,01-开放及微创手术通用吻 （缝）合器及附件,03-腔镜切割吻合器钉仓（钉匣）,173-吻合器适配钉 仓类,14-钛合金,011-直线/手动,173002,腔镜直线型切割吻合器钉仓 （钉匣）,苏州玛福乐斯医疗科技有限公司,,
C1101031731401123605,11-吻（缝）合器及附件,01-开放及微创手术通用吻 （缝）合器及附件,03-腔镜切割吻合器钉仓（钉匣）,173-吻合器适配钉 仓类,14-钛合金,011-直线/手动,173002,腔镜直线型切割吻合器钉仓 （钉匣）,海南栗栗生医疗科技有限公司,,
C1101031731401123665,11-吻（缝）合器及附件,01-开放及微创手术通用吻 （缝）合器及附件,03-腔镜切割吻合器钉仓（钉匣）,173-吻合器适配钉 仓类,14-钛合金,011-直线/手动,173002,腔镜直线型切割吻合器钉仓 （钉匣）,江西金湛医疗科技有限公司,,
C1101031731401200943,11-吻（缝）合器及附件,01-开放及微创手术通用吻 （缝）合器及附件,03-腔镜切割吻合器钉仓（钉匣）,173-吻合器适配钉 仓类,14-钛合金,012-直线/电动,173002,腔镜直线型切割吻合器钉仓 （钉匣）,天津瑞奇外科器械股份有限公司,,
C1101031731401201321,11-吻（缝）合器及附件,01-开放及微创手术通用吻 （缝）合器及附件,03-腔镜切割吻合器钉仓（钉匣）,173-吻合器适配钉 仓类,14-钛合金,012-直线/电动,173002,腔镜直线型切割吻合器钉仓 （钉匣）,江苏华夏医疗器械有限公司,,
C1101031731401201659,11-吻（缝）合器及附件,01-开放及微创手术通用吻 （缝）合器及附件,03-腔镜切割吻合器钉仓（钉匣）,173-吻合器适配钉 仓类,14-钛合金,012-直线/电动,173002,腔镜直线型切割吻合器钉仓 （钉匣）,南京普立蒙医疗科技有限公司,,
C1101031731401201959,11-吻（缝）合器及附件,01-开放及微创手术通用吻 （缝）合器及附件,03-腔镜切割吻合器钉仓（钉匣）,173-吻合器适配钉 仓类,14-钛合金,012-直线/电动,173002,腔镜直线型切割吻合器钉仓 （钉匣）,江苏博朗森思医疗器械有限公司,,
C1101031731401202412,11-吻（缝）合器及附件,01-开放及微创手术通用吻 （缝）合器及附件,03-腔镜切割吻合器钉仓（钉匣）,173-吻合器适配钉 仓类,14-钛合金,012-直线/电动,173002,腔镜直线型切割吻合器钉仓 （钉匣）,常州生物医学工程有限公司,,
C1101031731401202776,11-吻（缝）合器及附件,01-开放及微创手术通用吻 （缝）合器及附件,03-腔镜切割吻合器钉仓（钉匣）,173-吻合器适配钉 仓类,14-钛合金,012-直线/电动,173002,腔镜直线型切割吻合器钉仓 （钉匣）,江苏钱璟医疗器械有限公司,,
C1101031731401204716,11-吻（缝）合器及附件,01-开放及微创手术通用吻 （缝）合器及附件,03-腔镜切割吻合器钉仓（钉匣）,173-吻合器适配钉 仓类,14-钛合金,012-直线/电动,173002,腔镜直线型切割吻合器钉仓 （钉匣）,宁波甬星医疗仪器有限公司,,
C1101031731401205107,11-吻（缝）合器及附件,01-开放及微创手术通用吻 （缝）合器及附件,03-腔镜切割吻合器钉仓（钉匣）,173-吻合器适配钉 仓类,14-钛合金,012-直线/电动,173002,腔镜直线型切割吻合器钉仓 （钉匣）,常州市新能源吻合器总厂有限公司,,
C1101031731401206224,11-吻（缝）合器及附件,01-开放及微创手术通用吻 （缝）合器及附件,03-腔镜切割吻合器钉仓（钉匣）,173-吻合器适配钉 仓类,14-钛合金,012-直线/电动,173002,腔镜直线型切割吻合器钉仓 （钉匣）,江苏风和医疗器材股份有限公司,,
C1101031731401206759,11-吻（缝）合器及附件,01-开放及微创手术通用吻 （缝）合器及附件,03-腔镜切割吻合器钉仓（钉匣）,173-吻合器适配钉 仓类,14-钛合金,012-直线/电动,173002,腔镜直线型切割吻合器钉仓 （钉匣）,宁波维尔凯迪医疗器械有限公司,,
C1101031731401207079,11-吻（缝）合器及附件,01-开放及微创手术通用吻 （缝）合器及附件,03-腔镜切割吻合器钉仓（钉匣）,173-吻合器适配钉 仓类,14-钛合金,012-直线/电动,173002,腔镜直线型切割吻合器钉仓 （钉匣）,常州同创医疗器械科技有限公司,,
C1101031731401207429,11-吻（缝）合器及附件,01-开放及微创手术通用吻 （缝）合器及附件,03-腔镜切割吻合器钉仓（钉匣）,173-吻合器适配钉 仓类,14-钛合金,012-直线/电动,173002,腔镜直线型切割吻合器钉仓 （钉匣）,天臣国际医疗科技股份有限公司,,
C1101031731401208304,11-吻（缝）合器及附件,01-开放及微创手术通用吻 （缝）合器及附件,03-腔镜切割吻合器钉仓（钉匣）,173-吻合器适配钉 仓类,14-钛合金,012-直线/电动,173002,腔镜直线型切割吻合器钉仓 （钉匣）,强生（苏州）医疗器材有限公司,,
C1101031731401208414,11-吻（缝）合器及附件,01-开放及微创手术通用吻 （缝）合器及附件,03-腔镜切割吻合器钉仓（钉匣）,173-吻合器适配钉 仓类,14-钛合金,012-直线/电动,173002,腔镜直线型切割吻合器钉仓 （钉匣）,北京派尔特医疗科技股份有限公司,,
C1101031731401208889,11-吻（缝）合器及附件,01-开放及微创手术通用吻 （缝）合器及附件,03-腔镜切割吻合器钉仓（钉匣）,173-吻合器适配钉 仓类,14-钛合金,012-直线/电动,173002,腔镜直线型切割吻合器钉仓 （钉匣）,湖南康呈医疗科技有限公司,,
C1101031731401209098,11-吻（缝）合器及附件,01-开放及微创手术通用吻 （缝）合器及附件,03-腔镜切割吻合器钉仓（钉匣）,173-吻合器适配钉 仓类,14-钛合金,012-直线/电动,173002,腔镜直线型切割吻合器钉仓 （钉匣）,强生（上海）医疗器材有限公司,,
C1101031731401209550,11-吻（缝）合器及附件,01-开放及微创手术通用吻 （缝）合器及附件,03-腔镜切割吻合器钉仓（钉匣）,173-吻合器适配钉 仓类,14-钛合金,012-直线/电动,173002,腔镜直线型切割吻合器钉仓 （钉匣）,江苏臣诺医疗器械有限公司,,
C1101031731401210236,11-吻（缝）合器及附件,01-开放及微创手术通用吻 （缝）合器及附件,03-腔镜切割吻合器钉仓（钉匣）,173-吻合器适配钉 仓类,14-钛合金,012-直线/电动,173002,腔镜直线型切割吻合器钉仓 （钉匣）,湖南三瑞生物科技有限责任公司,,
C1101031731401212290,11-吻（缝）合器及附件,01-开放及微创手术通用吻 （缝）合器及附件,03-腔镜切割吻合器钉仓（钉匣）,173-吻合器适配钉 仓类,14-钛合金,012-直线/电动,173002,腔镜直线型切割吻合器钉仓 （钉匣）,湖南华外医疗科技有限公司,,
C1101031731401213539,11-吻（缝）合器及附件,01-开放及微创手术通用吻 （缝）合器及附件,03-腔镜切割吻合器钉仓（钉匣）,173-吻合器适配钉 仓类,14-钛合金,012-直线/电动,173002,腔镜直线型切割吻合器钉仓 （钉匣）,湖南半陀医疗科技有限公司,,
C1101031731401214680,11-吻（缝）合器及附件,01-开放及微创手术通用吻 （缝）合器及附件,03-腔镜切割吻合器钉仓（钉匣）,173-吻合器适配钉 仓类,14-钛合金,012-直线/电动,173002,腔镜直线型切割吻合器钉仓 （钉匣）,湖南润蓓医疗器械有限公司,,
C1101031731401215948,11-吻（缝）合器及附件,01-开放及微创手术通用吻 （缝）合器及附件,03-腔镜切割吻合器钉仓（钉匣）,173-吻合器适配钉 仓类,14-钛合金,012-直线/电动,173002,腔镜直线型切割吻合器钉仓 （钉匣）,善彤医疗科技（湖南）有限公司,,
C1101031731401216132,11-吻（缝）合器及附件,01-开放及微创手术通用吻 （缝）合器及附件,03-腔镜切割吻合器钉仓（钉匣）,173-吻合器适配钉 仓类,14-钛合金,012-直线/电动,173002,腔镜直线型切割吻合器钉仓 （钉匣）,湖南贝恩外科器械有限公司,,
C1101031731401216882,11-吻（缝）合器及附件,01-开放及微创手术通用吻 （缝）合器及附件,03-腔镜切割吻合器钉仓（钉匣）,173-吻合器适配钉 仓类,14-钛合金,012-直线/电动,173002,腔镜直线型切割吻合器钉仓 （钉匣）,长沙乐普外科医疗器械有限公司,,
C1101031731401217064,11-吻（缝）合器及附件,01-开放及微创手术通用吻 （缝）合器及附件,03-腔镜切割吻合器钉仓（钉匣）,173-吻合器适配钉 仓类,14-钛合金,012-直线/电动,173002,腔镜直线型切割吻合器钉仓 （钉匣）,湖南辰润医疗科技有限公司,,
C1101031731401217344,11-吻（缝）合器及附件,01-开放及微创手术通用吻 （缝）合器及附件,03-腔镜切割吻合器钉仓（钉匣）,173-吻合器适配钉 仓类,14-钛合金,012-直线/电动,173002,腔镜直线型切割吻合器钉仓 （钉匣）,福建善慈乐生物科技有限公司,,
C1101031731401217417,11-吻（缝）合器及附件,01-开放及微创手术通用吻 （缝）合器及附件,03-腔镜切割吻合器钉仓（钉匣）,173-吻合器适配钉 仓类,14-钛合金,012-直线/电动,173002,腔镜直线型切割吻合器钉仓 （钉匣）,元创医学技术（江苏）有限公司,,
C1101031731401218783,11-吻（缝）合器及附件,01-开放及微创手术通用吻 （缝）合器及附件,03-腔镜切割吻合器钉仓（钉匣）,173-吻合器适配钉 仓类,14-钛合金,012-直线/电动,173002,腔镜直线型切割吻合器钉仓 （钉匣）,长沙润杰医疗器械有限公司,,
C1101031731401219613,11-吻（缝）合器及附件,01-开放及微创手术通用吻 （缝）合器及附件,03-腔镜切割吻合器钉仓（钉匣）,173-吻合器适配钉 仓类,14-钛合金,012-直线/电动,173002,腔镜直线型切割吻合器钉仓 （钉匣）,善彤医疗科技（苏州)有限公司,,
C1101031731401219946,11-吻（缝）合器及附件,01-开放及微创手术通用吻 （缝）合器及附件,03-腔镜切割吻合器钉仓（钉匣）,173-吻合器适配钉 仓类,14-钛合金,012-直线/电动,173002,腔镜直线型切割吻合器钉仓 （钉匣）,苏州科曼医疗器械有限公司,,
C1101031731401221455,11-吻（缝）合器及附件,01-开放及微创手术通用吻 （缝）合器及附件,03-腔镜切割吻合器钉仓（钉匣）,173-吻合器适配钉 仓类,14-钛合金,012-直线/电动,173002,腔镜直线型切割吻合器钉仓 （钉匣）,苏州梵洐医疗科技有限公司,,
C1101031731401221775,11-吻（缝）合器及附件,01-开放及微创手术通用吻 （缝）合器及附件,03-腔镜切割吻合器钉仓（钉匣）,173-吻合器适配钉 仓类,14-钛合金,012-直线/电动,173002,腔镜直线型切割吻合器钉仓 （钉匣）,武汉智瓴医疗科技有限公司,,
C1101031731401222273,11-吻（缝）合器及附件,01-开放及微创手术通用吻 （缝）合器及附件,03-腔镜切割吻合器钉仓（钉匣）,173-吻合器适配钉 仓类,14-钛合金,012-直线/电动,173002,腔镜直线型切割吻合器钉仓 （钉匣）,苏州玛福乐斯医疗科技有限公司,,
C1101031731401222886,11-吻（缝）合器及附件,01-开放及微创手术通用吻 （缝）合器及附件,03-腔镜切割吻合器钉仓（钉匣）,173-吻合器适配钉 仓类,14-钛合金,012-直线/电动,173002,腔镜直线型切割吻合器钉仓 （钉匣）,宁波恒驰医疗科技有限公司,,
C1101031731401223533,11-吻（缝）合器及附件,01-开放及微创手术通用吻 （缝）合器及附件,03-腔镜切割吻合器钉仓（钉匣）,173-吻合器适配钉 仓类,14-钛合金,012-直线/电动,173002,腔镜直线型切割吻合器钉仓 （钉匣）,武汉迈瑞生物医疗科技有限公司,,
C1101031731401223605,11-吻（缝）合器及附件,01-开放及微创手术通用吻 （缝）合器及附件,03-腔镜切割吻合器钉仓（钉匣）,173-吻合器适配钉 仓类,14-钛合金,012-直线/电动,173002,腔镜直线型切割吻合器钉仓 （钉匣）,海南栗栗生医疗科技有限公司,,
C1101031731401223665,11-吻（缝）合器及附件,01-开放及微创手术通用吻 （缝）合器及附件,03-腔镜切割吻合器钉仓（钉匣）,173-吻合器适配钉 仓类,14-钛合金,012-直线/电动,173002,腔镜直线型切割吻合器钉仓 （钉匣）,江西金湛医疗科技有限公司,,
C1101031731401224672,11-吻（缝）合器及附件,01-开放及微创手术通用吻 （缝）合器及附件,03-腔镜切割吻合器钉仓（钉匣）,173-吻合器适配钉 仓类,14-钛合金,012-直线/电动,173002,腔镜直线型切割吻合器钉仓 （钉匣）,芜湖健悦医疗器械有限公司,,
C1101031731401225077,11-吻（缝）合器及附件,01-开放及微创手术通用吻 （缝）合器及附件,03-腔镜切割吻合器钉仓（钉匣）,173-吻合器适配钉 仓类,14-钛合金,012-直线/电动,173002,腔镜直线型切割吻合器钉仓 （钉匣）,安徽明朗医疗器械科技有限公司,,
C1101071751001500162,11-吻（缝）合器及附件,01-开放及微创手术通用吻 （缝）合器及附件,07-腔镜施夹钳,175-施夹器类,10-不区分,015-单发,175001,腔镜施夹钳,广州保瑞医疗技术有限公司,,
C1101071751001501959,11-吻（缝）合器及附件,01-开放及微创手术通用吻 （缝）合器及附件,07-腔镜施夹钳,175-施夹器类,10-不区分,015-单发,175001,腔镜施夹钳,江苏博朗森思医疗器械有限公司,,
C1101071751001511860,11-吻（缝）合器及附件,01-开放及微创手术通用吻 （缝）合器及附件,07-腔镜施夹钳,175-施夹器类,10-不区分,015-单发,175001,腔镜施夹钳,邦尼医疗科技（常州）有限公司,,
C1101071751001602494,11-吻（缝）合器及附件,01-开放及微创手术通用吻 （缝）合器及附件,07-腔镜施夹钳,175-施夹器类,10-不区分,016-连发,175001,腔镜施夹钳,北京天助畅运医疗技术股份有限公 司,,
C1101071751001610208,11-吻（缝）合器及附件,01-开放及微创手术通用吻 （缝）合器及附件,07-腔镜施夹钳,175-施夹器类,10-不区分,016-连发,175001,腔镜施夹钳,杭州康基医疗器械有限公司,,
C1101081761101500485,11-吻（缝）合器及附件,01-开放及微创手术通用吻 （缝）合器及附件,08-闭合夹,176-结扎夹类,11-纯钛,015-单发,176001,闭合夹,建德市康华医疗器材有限公司,,
C1101081761101502601,11-吻（缝）合器及附件,01-开放及微创手术通用吻 （缝）合器及附件,08-闭合夹,176-结扎夹类,11-纯钛,015-单发,176001,闭合夹,常州洛克曼医疗器械有限公司,,
C1101081761101502834,11-吻（缝）合器及附件,01-开放及微创手术通用吻 （缝）合器及附件,08-闭合夹,176-结扎夹类,11-纯钛,015-单发,176001,闭合夹,贝朗医疗（上海）国际贸易有限公 司,,
C1101081761101504166,11-吻（缝）合器及附件,01-开放及微创手术通用吻 （缝）合器及附件,08-闭合夹,176-结扎夹类,11-纯钛,015-单发,176001,闭合夹,杭州桐庐医达器械设备有限公司,,
C1101081761101506716,11-吻（缝）合器及附件,01-开放及微创手术通用吻 （缝）合器及附件,08-闭合夹,176-结扎夹类,11-纯钛,015-单发,176001,闭合夹,杭州桐庐医疗光学仪器有限公司,,
C1101081761101506773,11-吻（缝）合器及附件,01-开放及微创手术通用吻 （缝）合器及附件,08-闭合夹,176-结扎夹类,11-纯钛,015-单发,176001,闭合夹,北京瑞克斡医疗科技有限公司,,
C1101081761101506826,11-吻（缝）合器及附件,01-开放及微创手术通用吻 （缝）合器及附件,08-闭合夹,176-结扎夹类,11-纯钛,015-单发,176001,闭合夹,天津立发医疗用品有限公司,,
C1101081761101506962,11-吻（缝）合器及附件,01-开放及微创手术通用吻 （缝）合器及附件,08-闭合夹,176-结扎夹类,11-纯钛,015-单发,176001,闭合夹,浙江天松医疗器械股份有限公司,,
C1101081761101508455,11-吻（缝）合器及附件,01-开放及微创手术通用吻 （缝）合器及附件,08-闭合夹,176-结扎夹类,11-纯钛,015-单发,176001,闭合夹,泰利福医疗器械商贸（上海）有限 公司,,
C1101081761101508779,11-吻（缝）合器及附件,01-开放及微创手术通用吻 （缝）合器及附件,08-闭合夹,176-结扎夹类,11-纯钛,015-单发,176001,闭合夹,杭州康生医疗器械有限公司,,
C1101081761101509098,11-吻（缝）合器及附件,01-开放及微创手术通用吻 （缝）合器及附件,08-闭合夹,176-结扎夹类,11-纯钛,015-单发,176001,闭合夹,强生（上海）医疗器材有限公司,,
C1101081761101509343,11-吻（缝）合器及附件,01-开放及微创手术通用吻 （缝）合器及附件,08-闭合夹,176-结扎夹类,11-纯钛,015-单发,176001,闭合夹,泰格捷通（北京）医药科技有限公 司,,
C1101081761101510208,11-吻（缝）合器及附件,01-开放及微创手术通用吻 （缝）合器及附件,08-闭合夹,176-结扎夹类,11-纯钛,015-单发,176001,闭合夹,杭州康基医疗器械有限公司,,
C1101081761101512036,11-吻（缝）合器及附件,01-开放及微创手术通用吻 （缝）合器及附件,08-闭合夹,176-结扎夹类,11-纯钛,015-单发,176001,闭合夹,青岛德迈迪医疗科技有限公司,,
C1101081761101517354,11-吻（缝）合器及附件,01-开放及微创手术通用吻 （缝）合器及附件,08-闭合夹,176-结扎夹类,11-纯钛,015-单发,176001,闭合夹,青岛欧姆尼精密科技有限公司,,
C1101081761101601959,11-吻（缝）合器及附件,01-开放及微创手术通用吻 （缝）合器及附件,08-闭合夹,176-结扎夹类,11-纯钛,016-连发,176001,闭合夹,江苏博朗森思医疗器械有限公司,,
C1101081761101602228,11-吻（缝）合器及附件,01-开放及微创手术通用吻 （缝）合器及附件,08-闭合夹,176-结扎夹类,11-纯钛,016-连发,176001,闭合夹,常州科峰医疗科技有限公司,,
C1101081761101602834,11-吻（缝）合器及附件,01-开放及微创手术通用吻 （缝）合器及附件,08-闭合夹,176-结扎夹类,11-纯钛,016-连发,176001,闭合夹,贝朗医疗（上海）国际贸易有限公 司,,
C1101081761101606823,11-吻（缝）合器及附件,01-开放及微创手术通用吻 （缝）合器及附件,08-闭合夹,176-结扎夹类,11-纯钛,016-连发,176001,闭合夹,柯惠医疗器材国际贸易（上海）有 限公司,,
C1101081761101607429,11-吻（缝）合器及附件,01-开放及微创手术通用吻 （缝）合器及附件,08-闭合夹,176-结扎夹类,11-纯钛,016-连发,176001,闭合夹,天臣国际医疗科技股份有限公司,,
C1101081761101608414,11-吻（缝）合器及附件,01-开放及微创手术通用吻 （缝）合器及附件,08-闭合夹,176-结扎夹类,11-纯钛,016-连发,176001,闭合夹,北京派尔特医疗科技股份有限公司,,
C1101081761101608419,11-吻（缝）合器及附件,01-开放及微创手术通用吻 （缝）合器及附件,08-闭合夹,176-结扎夹类,11-纯钛,016-连发,176001,闭合夹,北京威尼汇力医疗器械有限公司,,
C1101081761101609098,11-吻（缝）合器及附件,01-开放及微创手术通用吻 （缝）合器及附件,08-闭合夹,176-结扎夹类,11-纯钛,016-连发,176001,闭合夹,强生（上海）医疗器材有限公司,,
C1101081761101610208,11-吻（缝）合器及附件,01-开放及微创手术通用吻 （缝）合器及附件,08-闭合夹,176-结扎夹类,11-纯钛,016-连发,176001,闭合夹,杭州康基医疗器械有限公司,,
C1101081761101610602,11-吻（缝）合器及附件,01-开放及微创手术通用吻 （缝）合器及附件,08-闭合夹,176-结扎夹类,11-纯钛,016-连发,176001,闭合夹,常州智力微创医疗器械有限公司,,
C1101081761101611452,11-吻（缝）合器及附件,01-开放及微创手术通用吻 （缝）合器及附件,08-闭合夹,176-结扎夹类,11-纯钛,016-连发,176001,闭合夹,江苏百纳医疗科技有限公司,,
C1101081761101625092,11-吻（缝）合器及附件,01-开放及微创手术通用吻 （缝）合器及附件,08-闭合夹,176-结扎夹类,11-纯钛,016-连发,176001,闭合夹,河南省瑞迈齐医疗器械有限公司,,
C1101081761501700977,11-吻（缝）合器及附件,01-开放及微创手术通用吻 （缝）合器及附件,08-闭合夹,176-结扎夹类,15-聚合物,017-单发/可吸收,176001,闭合夹,施爱德（厦门）医疗器材有限公司,,
C1101081761501701298,11-吻（缝）合器及附件,01-开放及微创手术通用吻 （缝）合器及附件,08-闭合夹,176-结扎夹类,15-聚合物,017-单发/可吸收,176001,闭合夹,无锡中科光远生物材料有限公司,,
C1101081761501701659,11-吻（缝）合器及附件,01-开放及微创手术通用吻 （缝）合器及附件,08-闭合夹,176-结扎夹类,15-聚合物,017-单发/可吸收,176001,闭合夹,南京普立蒙医疗科技有限公司,,
C1101081761501701959,11-吻（缝）合器及附件,01-开放及微创手术通用吻 （缝）合器及附件,08-闭合夹,176-结扎夹类,15-聚合物,017-单发/可吸收,176001,闭合夹,江苏博朗森思医疗器械有限公司,,
C1101081761501703595,11-吻（缝）合器及附件,01-开放及微创手术通用吻 （缝）合器及附件,08-闭合夹,176-结扎夹类,15-聚合物,017-单发/可吸收,176001,闭合夹,杭州圣石科技股份有限公司,,
C1101081761501706823,11-吻（缝）合器及附件,01-开放及微创手术通用吻 （缝）合器及附件,08-闭合夹,176-结扎夹类,15-聚合物,017-单发/可吸收,176001,闭合夹,柯惠医疗器材国际贸易（上海）有 限公司,,
C1101081761501706913,11-吻（缝）合器及附件,01-开放及微创手术通用吻 （缝）合器及附件,08-闭合夹,176-结扎夹类,15-聚合物,017-单发/可吸收,176001,闭合夹,常州市康蒂娜医疗科技有限公司,,
C1101081761501707120,11-吻（缝）合器及附件,01-开放及微创手术通用吻 （缝）合器及附件,08-闭合夹,176-结扎夹类,15-聚合物,017-单发/可吸收,176001,闭合夹,浙江微度医疗器械有限公司,,
C1101081761501708004,11-吻（缝）合器及附件,01-开放及微创手术通用吻 （缝）合器及附件,08-闭合夹,176-结扎夹类,15-聚合物,017-单发/可吸收,176001,闭合夹,四川国纳科技有限公司,,
C1101081761501709098,11-吻（缝）合器及附件,01-开放及微创手术通用吻 （缝）合器及附件,08-闭合夹,176-结扎夹类,15-聚合物,017-单发/可吸收,176001,闭合夹,强生（上海）医疗器材有限公司,,
C1101081761501710203,11-吻（缝）合器及附件,01-开放及微创手术通用吻 （缝）合器及附件,08-闭合夹,176-结扎夹类,15-聚合物,017-单发/可吸收,176001,闭合夹,普瑞德医疗器械科技江苏有限公司,,
C1101081761501710208,11-吻（缝）合器及附件,01-开放及微创手术通用吻 （缝）合器及附件,08-闭合夹,176-结扎夹类,15-聚合物,017-单发/可吸收,176001,闭合夹,杭州康基医疗器械有限公司,,
C1101081761501710303,11-吻（缝）合器及附件,01-开放及微创手术通用吻 （缝）合器及附件,08-闭合夹,176-结扎夹类,15-聚合物,017-单发/可吸收,176001,闭合夹,苏州奥芮济医疗科技有限公司,,
C1101081761501719076,11-吻（缝）合器及附件,01-开放及微创手术通用吻 （缝）合器及附件,08-闭合夹,176-结扎夹类,15-聚合物,017-单发/可吸收,176001,闭合夹,巨泽（福建）医疗器械有限公司,,
C1101081761501800162,11-吻（缝）合器及附件,01-开放及微创手术通用吻 （缝）合器及附件,08-闭合夹,176-结扎夹类,15-聚合物,018-单发/不可吸收,176001,闭合夹,广州保瑞医疗技术有限公司,,
C1101081761501800485,11-吻（缝）合器及附件,01-开放及微创手术通用吻 （缝）合器及附件,08-闭合夹,176-结扎夹类,15-聚合物,018-单发/不可吸收,176001,闭合夹,建德市康华医疗器材有限公司,,
C1101081761501800977,11-吻（缝）合器及附件,01-开放及微创手术通用吻 （缝）合器及附件,08-闭合夹,176-结扎夹类,15-聚合物,018-单发/不可吸收,176001,闭合夹,施爱德（厦门）医疗器材有限公司,,
C1101081761501801564,11-吻（缝）合器及附件,01-开放及微创手术通用吻 （缝）合器及附件,08-闭合夹,176-结扎夹类,15-聚合物,018-单发/不可吸收,176001,闭合夹,江苏三联星海医疗器械有限公司,,
C1101081761501801772,11-吻（缝）合器及附件,01-开放及微创手术通用吻 （缝）合器及附件,08-闭合夹,176-结扎夹类,15-聚合物,018-单发/不可吸收,176001,闭合夹,江西佰氏康医疗器械有限公司,,
C1101081761501801959,11-吻（缝）合器及附件,01-开放及微创手术通用吻 （缝）合器及附件,08-闭合夹,176-结扎夹类,15-聚合物,018-单发/不可吸收,176001,闭合夹,江苏博朗森思医疗器械有限公司,,
C1101081761501802069,11-吻（缝）合器及附件,01-开放及微创手术通用吻 （缝）合器及附件,08-闭合夹,176-结扎夹类,15-聚合物,018-单发/不可吸收,176001,闭合夹,江苏明源堂医疗器械有限公司,,
C1101081761501802172,11-吻（缝）合器及附件,01-开放及微创手术通用吻 （缝）合器及附件,08-闭合夹,176-结扎夹类,15-聚合物,018-单发/不可吸收,176001,闭合夹,成都迪康中科生物医学材料有限公 司,,
C1101081761501802176,11-吻（缝）合器及附件,01-开放及微创手术通用吻 （缝）合器及附件,08-闭合夹,176-结扎夹类,15-聚合物,018-单发/不可吸收,176001,闭合夹,无锡东峰怡和科技发展有限公司,,
C1101081761501802228,11-吻（缝）合器及附件,01-开放及微创手术通用吻 （缝）合器及附件,08-闭合夹,176-结扎夹类,15-聚合物,018-单发/不可吸收,176001,闭合夹,常州科峰医疗科技有限公司,,
C1101081761501802242,11-吻（缝）合器及附件,01-开放及微创手术通用吻 （缝）合器及附件,08-闭合夹,176-结扎夹类,15-聚合物,018-单发/不可吸收,176001,闭合夹,江苏盛纳凯尔医用科技有限公司,,
C1101081761501802275,11-吻（缝）合器及附件,01-开放及微创手术通用吻 （缝）合器及附件,08-闭合夹,176-结扎夹类,15-聚合物,018-单发/不可吸收,176001,闭合夹,江苏特普优微创医疗科技有限公司,,
C1101081761501802315,11-吻（缝）合器及附件,01-开放及微创手术通用吻 （缝）合器及附件,08-闭合夹,176-结扎夹类,15-聚合物,018-单发/不可吸收,176001,闭合夹,江苏瑞京科技发展有限公司,,
C1101081761501802486,11-吻（缝）合器及附件,01-开放及微创手术通用吻 （缝）合器及附件,08-闭合夹,176-结扎夹类,15-聚合物,018-单发/不可吸收,176001,闭合夹,河南省驼人医疗科技有限公司,,
C1101081761501802494,11-吻（缝）合器及附件,01-开放及微创手术通用吻 （缝）合器及附件,08-闭合夹,176-结扎夹类,15-聚合物,018-单发/不可吸收,176001,闭合夹,北京天助畅运医疗技术股份有限公 司,,
C1101081761501802573,11-吻（缝）合器及附件,01-开放及微创手术通用吻 （缝）合器及附件,08-闭合夹,176-结扎夹类,15-聚合物,018-单发/不可吸收,176001,闭合夹,普瑞斯星（常州）医疗器械有限公 司,,
C1101081761501802707,11-吻（缝）合器及附件,01-开放及微创手术通用吻 （缝）合器及附件,08-闭合夹,176-结扎夹类,15-聚合物,018-单发/不可吸收,176001,闭合夹,常州安克医疗科技有限公司,,
C1101081761501803585,11-吻（缝）合器及附件,01-开放及微创手术通用吻 （缝）合器及附件,08-闭合夹,176-结扎夹类,15-聚合物,018-单发/不可吸收,176001,闭合夹,常州市微凯医疗科技有限公司,,
C1101081761501803595,11-吻（缝）合器及附件,01-开放及微创手术通用吻 （缝）合器及附件,08-闭合夹,176-结扎夹类,15-聚合物,018-单发/不可吸收,176001,闭合夹,杭州圣石科技股份有限公司,,
C1101081761501804043,11-吻（缝）合器及附件,01-开放及微创手术通用吻 （缝）合器及附件,08-闭合夹,176-结扎夹类,15-聚合物,018-单发/不可吸收,176001,闭合夹,江苏新智源医学科技有限公司,,
C1101081761501804250,11-吻（缝）合器及附件,01-开放及微创手术通用吻 （缝）合器及附件,08-闭合夹,176-结扎夹类,15-聚合物,018-单发/不可吸收,176001,闭合夹,杭州威德医疗科技有限公司,,
C1101081761501804638,11-吻（缝）合器及附件,01-开放及微创手术通用吻 （缝）合器及附件,08-闭合夹,176-结扎夹类,15-聚合物,018-单发/不可吸收,176001,闭合夹,常州威克医疗器械有限公司,,
C1101081761501805107,11-吻（缝）合器及附件,01-开放及微创手术通用吻 （缝）合器及附件,08-闭合夹,176-结扎夹类,15-聚合物,018-单发/不可吸收,176001,闭合夹,常州市新能源吻合器总厂有限公司,,
C1101081761501806224,11-吻（缝）合器及附件,01-开放及微创手术通用吻 （缝）合器及附件,08-闭合夹,176-结扎夹类,15-聚合物,018-单发/不可吸收,176001,闭合夹,江苏风和医疗器材股份有限公司,,
C1101081761501806410,11-吻（缝）合器及附件,01-开放及微创手术通用吻 （缝）合器及附件,08-闭合夹,176-结扎夹类,15-聚合物,018-单发/不可吸收,176001,闭合夹,常州华森医疗器械股份有限公司,,
C1101081761501806452,11-吻（缝）合器及附件,01-开放及微创手术通用吻 （缝）合器及附件,08-闭合夹,176-结扎夹类,15-聚合物,018-单发/不可吸收,176001,闭合夹,无锡市神康医疗器械设备有限公司,,
C1101081761501806596,11-吻（缝）合器及附件,01-开放及微创手术通用吻 （缝）合器及附件,08-闭合夹,176-结扎夹类,15-聚合物,018-单发/不可吸收,176001,闭合夹,广东百合医疗科技股份有限公司,,
C1101081761501806618,11-吻（缝）合器及附件,01-开放及微创手术通用吻 （缝）合器及附件,08-闭合夹,176-结扎夹类,15-聚合物,018-单发/不可吸收,176001,闭合夹,江苏健瑞宝医疗科技股份有限公司,,
C1101081761501806680,11-吻（缝）合器及附件,01-开放及微创手术通用吻 （缝）合器及附件,08-闭合夹,176-结扎夹类,15-聚合物,018-单发/不可吸收,176001,闭合夹,南通华尔康医疗科技有限公司,,
C1101081761501806855,11-吻（缝）合器及附件,01-开放及微创手术通用吻 （缝）合器及附件,08-闭合夹,176-结扎夹类,15-聚合物,018-单发/不可吸收,176001,闭合夹,山东威瑞外科医用制品有限公司,,
C1101081761501806913,11-吻（缝）合器及附件,01-开放及微创手术通用吻 （缝）合器及附件,08-闭合夹,176-结扎夹类,15-聚合物,018-单发/不可吸收,176001,闭合夹,常州市康蒂娜医疗科技有限公司,,
C1101081761501806962,11-吻（缝）合器及附件,01-开放及微创手术通用吻 （缝）合器及附件,08-闭合夹,176-结扎夹类,15-聚合物,018-单发/不可吸收,176001,闭合夹,浙江天松医疗器械股份有限公司,,
C1101081761501807120,11-吻（缝）合器及附件,01-开放及微创手术通用吻 （缝）合器及附件,08-闭合夹,176-结扎夹类,15-聚合物,018-单发/不可吸收,176001,闭合夹,浙江微度医疗器械有限公司,,
C1101081761501807283,11-吻（缝）合器及附件,01-开放及微创手术通用吻 （缝）合器及附件,08-闭合夹,176-结扎夹类,15-聚合物,018-单发/不可吸收,176001,闭合夹,青岛微科欧康贸易有限责任公司,,
C1101081761501807429,11-吻（缝）合器及附件,01-开放及微创手术通用吻 （缝）合器及附件,08-闭合夹,176-结扎夹类,15-聚合物,018-单发/不可吸收,176001,闭合夹,天臣国际医疗科技股份有限公司,,
C1101081761501807507,11-吻（缝）合器及附件,01-开放及微创手术通用吻 （缝）合器及附件,08-闭合夹,176-结扎夹类,15-聚合物,018-单发/不可吸收,176001,闭合夹,北京博辉瑞进生物科技有限公司,,
C1101081761501807975,11-吻（缝）合器及附件,01-开放及微创手术通用吻 （缝）合器及附件,08-闭合夹,176-结扎夹类,15-聚合物,018-单发/不可吸收,176001,闭合夹,杭州迈瑞医疗科技有限公司,,
C1101081761501808019,11-吻（缝）合器及附件,01-开放及微创手术通用吻 （缝）合器及附件,08-闭合夹,176-结扎夹类,15-聚合物,018-单发/不可吸收,176001,闭合夹,江苏瑞普医疗器械科技有限公司,,
C1101081761501808101,11-吻（缝）合器及附件,01-开放及微创手术通用吻 （缝）合器及附件,08-闭合夹,176-结扎夹类,15-聚合物,018-单发/不可吸收,176001,闭合夹,江苏弘爱医疗科技有限公司,,
C1101081761501808414,11-吻（缝）合器及附件,01-开放及微创手术通用吻 （缝）合器及附件,08-闭合夹,176-结扎夹类,15-聚合物,018-单发/不可吸收,176001,闭合夹,北京派尔特医疗科技股份有限公司,,
C1101081761501808455,11-吻（缝）合器及附件,01-开放及微创手术通用吻 （缝）合器及附件,08-闭合夹,176-结扎夹类,15-聚合物,018-单发/不可吸收,176001,闭合夹,泰利福医疗器械商贸（上海）有限 公司,,
C1101081761501808486,11-吻（缝）合器及附件,01-开放及微创手术通用吻 （缝）合器及附件,08-闭合夹,176-结扎夹类,15-聚合物,018-单发/不可吸收,176001,闭合夹,浙江格宜医疗器械有限公司,,
C1101081761501808779,11-吻（缝）合器及附件,01-开放及微创手术通用吻 （缝）合器及附件,08-闭合夹,176-结扎夹类,15-聚合物,018-单发/不可吸收,176001,闭合夹,杭州康生医疗器械有限公司,,
C1101081761501809051,11-吻（缝）合器及附件,01-开放及微创手术通用吻 （缝）合器及附件,08-闭合夹,176-结扎夹类,15-聚合物,018-单发/不可吸收,176001,闭合夹,江苏冠创医疗科技有限公司,,
C1101081761501809200,11-吻（缝）合器及附件,01-开放及微创手术通用吻 （缝）合器及附件,08-闭合夹,176-结扎夹类,15-聚合物,018-单发/不可吸收,176001,闭合夹,南京东万生物技术有限公司,,
C1101081761501809495,11-吻（缝）合器及附件,01-开放及微创手术通用吻 （缝）合器及附件,08-闭合夹,176-结扎夹类,15-聚合物,018-单发/不可吸收,176001,闭合夹,常州医疗器材总厂股份有限公司,,
C1101081761501809709,11-吻（缝）合器及附件,01-开放及微创手术通用吻 （缝）合器及附件,08-闭合夹,176-结扎夹类,15-聚合物,018-单发/不可吸收,176001,闭合夹,常州市海达医疗器械有限公司,,
C1101081761501809869,11-吻（缝）合器及附件,01-开放及微创手术通用吻 （缝）合器及附件,08-闭合夹,176-结扎夹类,15-聚合物,018-单发/不可吸收,176001,闭合夹,江苏芸众医疗科技有限公司,,
C1101081761501810203,11-吻（缝）合器及附件,01-开放及微创手术通用吻 （缝）合器及附件,08-闭合夹,176-结扎夹类,15-聚合物,018-单发/不可吸收,176001,闭合夹,普瑞德医疗器械科技江苏有限公司,,
C1101081761501810208,11-吻（缝）合器及附件,01-开放及微创手术通用吻 （缝）合器及附件,08-闭合夹,176-结扎夹类,15-聚合物,018-单发/不可吸收,176001,闭合夹,杭州康基医疗器械有限公司,,
C1101081761501810303,11-吻（缝）合器及附件,01-开放及微创手术通用吻 （缝）合器及附件,08-闭合夹,176-结扎夹类,15-聚合物,018-单发/不可吸收,176001,闭合夹,苏州奥芮济医疗科技有限公司,,
C1101081761501810420,11-吻（缝）合器及附件,01-开放及微创手术通用吻 （缝）合器及附件,08-闭合夹,176-结扎夹类,15-聚合物,018-单发/不可吸收,176001,闭合夹,常州市康迪医用吻合器有限公司,,
C1101081761501810666,11-吻（缝）合器及附件,01-开放及微创手术通用吻 （缝）合器及附件,08-闭合夹,176-结扎夹类,15-聚合物,018-单发/不可吸收,176001,闭合夹,郑州康盛久泰医疗器械股份有限公 司,,
C1101081761501810705,11-吻（缝）合器及附件,01-开放及微创手术通用吻 （缝）合器及附件,08-闭合夹,176-结扎夹类,15-聚合物,018-单发/不可吸收,176001,闭合夹,河南盛华医疗器械有限公司,,
C1101081761501811070,11-吻（缝）合器及附件,01-开放及微创手术通用吻 （缝）合器及附件,08-闭合夹,176-结扎夹类,15-聚合物,018-单发/不可吸收,176001,闭合夹,桐庐洲济医疗器械有限公司,,
C1101081761501811394,11-吻（缝）合器及附件,01-开放及微创手术通用吻 （缝）合器及附件,08-闭合夹,176-结扎夹类,15-聚合物,018-单发/不可吸收,176001,闭合夹,泰科博曼（湖北）医疗技术有限公 司,,
C1101081761501811452,11-吻（缝）合器及附件,01-开放及微创手术通用吻 （缝）合器及附件,08-闭合夹,176-结扎夹类,15-聚合物,018-单发/不可吸收,176001,闭合夹,江苏百纳医疗科技有限公司,,
C1101081761501811552,11-吻（缝）合器及附件,01-开放及微创手术通用吻 （缝）合器及附件,08-闭合夹,176-结扎夹类,15-聚合物,018-单发/不可吸收,176001,闭合夹,重庆德川医疗器械有限公司,,
C1101081761501811640,11-吻（缝）合器及附件,01-开放及微创手术通用吻 （缝）合器及附件,08-闭合夹,176-结扎夹类,15-聚合物,018-单发/不可吸收,176001,闭合夹,英特姆（武汉）医疗科技有限公司,,
C1101081761501811713,11-吻（缝）合器及附件,01-开放及微创手术通用吻 （缝）合器及附件,08-闭合夹,176-结扎夹类,15-聚合物,018-单发/不可吸收,176001,闭合夹,南京竹海生物科技有限公司,,
C1101081761501811860,11-吻（缝）合器及附件,01-开放及微创手术通用吻 （缝）合器及附件,08-闭合夹,176-结扎夹类,15-聚合物,018-单发/不可吸收,176001,闭合夹,邦尼医疗科技（常州）有限公司,,
C1101081761501812004,11-吻（缝）合器及附件,01-开放及微创手术通用吻 （缝）合器及附件,08-闭合夹,176-结扎夹类,15-聚合物,018-单发/不可吸收,176001,闭合夹,兰州红会医疗器械有限公司,,
C1101081761501812036,11-吻（缝）合器及附件,01-开放及微创手术通用吻 （缝）合器及附件,08-闭合夹,176-结扎夹类,15-聚合物,018-单发/不可吸收,176001,闭合夹,青岛德迈迪医疗科技有限公司,,
C1101081761501812160,11-吻（缝）合器及附件,01-开放及微创手术通用吻 （缝）合器及附件,08-闭合夹,176-结扎夹类,15-聚合物,018-单发/不可吸收,176001,闭合夹,苏州英途康医疗科技有限公司,,
C1101081761501812276,11-吻（缝）合器及附件,01-开放及微创手术通用吻 （缝）合器及附件,08-闭合夹,176-结扎夹类,15-聚合物,018-单发/不可吸收,176001,闭合夹,镁格生物科技（江苏）有限公司,,
C1101081761501812393,11-吻（缝）合器及附件,01-开放及微创手术通用吻 （缝）合器及附件,08-闭合夹,176-结扎夹类,15-聚合物,018-单发/不可吸收,176001,闭合夹,福建纽伯尔生物科技有限公司,,
C1101081761501812524,11-吻（缝）合器及附件,01-开放及微创手术通用吻 （缝）合器及附件,08-闭合夹,176-结扎夹类,15-聚合物,018-单发/不可吸收,176001,闭合夹,陕西华鹏医疗器械有限公司,,
C1101081761501812643,11-吻（缝）合器及附件,01-开放及微创手术通用吻 （缝）合器及附件,08-闭合夹,176-结扎夹类,15-聚合物,018-单发/不可吸收,176001,闭合夹,江苏瑞晟医疗器械有限公司,,
C1101081761501812963,11-吻（缝）合器及附件,01-开放及微创手术通用吻 （缝）合器及附件,08-闭合夹,176-结扎夹类,15-聚合物,018-单发/不可吸收,176001,闭合夹,宁波宝亭生物科技有限公司,,
C1101081761501813035,11-吻（缝）合器及附件,01-开放及微创手术通用吻 （缝）合器及附件,08-闭合夹,176-结扎夹类,15-聚合物,018-单发/不可吸收,176001,闭合夹,威海威博医疗科技有限公司,,
C1101081761501813213,11-吻（缝）合器及附件,01-开放及微创手术通用吻 （缝）合器及附件,08-闭合夹,176-结扎夹类,15-聚合物,018-单发/不可吸收,176001,闭合夹,宁波新跃医疗科技股份有限公司,,
C1101081761501813467,11-吻（缝）合器及附件,01-开放及微创手术通用吻 （缝）合器及附件,08-闭合夹,176-结扎夹类,15-聚合物,018-单发/不可吸收,176001,闭合夹,江苏松泽医疗科技有限公司,,
C1101081761501813781,11-吻（缝）合器及附件,01-开放及微创手术通用吻 （缝）合器及附件,08-闭合夹,176-结扎夹类,15-聚合物,018-单发/不可吸收,176001,闭合夹,常州市三润医疗器械科技有限公司,,
C1101081761501815153,11-吻（缝）合器及附件,01-开放及微创手术通用吻 （缝）合器及附件,08-闭合夹,176-结扎夹类,15-聚合物,018-单发/不可吸收,176001,闭合夹,江西瀚良生物科技有限公司,,
C1101081761501815444,11-吻（缝）合器及附件,01-开放及微创手术通用吻 （缝）合器及附件,08-闭合夹,176-结扎夹类,15-聚合物,018-单发/不可吸收,176001,闭合夹,江苏隆泰丰医疗器械有限公司,,
C1101081761501816542,11-吻（缝）合器及附件,01-开放及微创手术通用吻 （缝）合器及附件,08-闭合夹,176-结扎夹类,15-聚合物,018-单发/不可吸收,176001,闭合夹,深圳市世格赛思医疗科技有限公司,,
C1101081761501816882,11-吻（缝）合器及附件,01-开放及微创手术通用吻 （缝）合器及附件,08-闭合夹,176-结扎夹类,15-聚合物,018-单发/不可吸收,176001,闭合夹,长沙乐普外科医疗器械有限公司,,
C1101081761501817137,11-吻（缝）合器及附件,01-开放及微创手术通用吻 （缝）合器及附件,08-闭合夹,176-结扎夹类,15-聚合物,018-单发/不可吸收,176001,闭合夹,常州舣舟医疗器械有限公司,,
C1101081761501817533,11-吻（缝）合器及附件,01-开放及微创手术通用吻 （缝）合器及附件,08-闭合夹,176-结扎夹类,15-聚合物,018-单发/不可吸收,176001,闭合夹,金灵医疗科技（常州）有限公司,,
C1101081761501818375,11-吻（缝）合器及附件,01-开放及微创手术通用吻 （缝）合器及附件,08-闭合夹,176-结扎夹类,15-聚合物,018-单发/不可吸收,176001,闭合夹,浙江贝洛芙生物科技有限公司,,
C1101081761501818921,11-吻（缝）合器及附件,01-开放及微创手术通用吻 （缝）合器及附件,08-闭合夹,176-结扎夹类,15-聚合物,018-单发/不可吸收,176001,闭合夹,苏州西脉红枫生物科技有限公司,,
C1101081761501819076,11-吻（缝）合器及附件,01-开放及微创手术通用吻 （缝）合器及附件,08-闭合夹,176-结扎夹类,15-聚合物,018-单发/不可吸收,176001,闭合夹,巨泽（福建）医疗器械有限公司,,
C1101081761501819373,11-吻（缝）合器及附件,01-开放及微创手术通用吻 （缝）合器及附件,08-闭合夹,176-结扎夹类,15-聚合物,018-单发/不可吸收,176001,闭合夹,福建吉特瑞生物科技有限公司,,
C1101081761501819595,11-吻（缝）合器及附件,01-开放及微创手术通用吻 （缝）合器及附件,08-闭合夹,176-结扎夹类,15-聚合物,018-单发/不可吸收,176001,闭合夹,厦门星火微光医疗器械制造有限公 司,,
C1101081761501819861,11-吻（缝）合器及附件,01-开放及微创手术通用吻 （缝）合器及附件,08-闭合夹,176-结扎夹类,15-聚合物,018-单发/不可吸收,176001,闭合夹,以诺康医疗科技（合肥）有限公司,,
C1101081761501820671,11-吻（缝）合器及附件,01-开放及微创手术通用吻 （缝）合器及附件,08-闭合夹,176-结扎夹类,15-聚合物,018-单发/不可吸收,176001,闭合夹,常州礼和医疗科技有限公司,,
C1101081761501821161,11-吻（缝）合器及附件,01-开放及微创手术通用吻 （缝）合器及附件,08-闭合夹,176-结扎夹类,15-聚合物,018-单发/不可吸收,176001,闭合夹,江苏泰科博曼医疗器械有限公司,,
C1101081761501821805,11-吻（缝）合器及附件,01-开放及微创手术通用吻 （缝）合器及附件,08-闭合夹,176-结扎夹类,15-聚合物,018-单发/不可吸收,176001,闭合夹,苏州泰科众连医疗器械有限公司,,
C1101081761501821846,11-吻（缝）合器及附件,01-开放及微创手术通用吻 （缝）合器及附件,08-闭合夹,176-结扎夹类,15-聚合物,018-单发/不可吸收,176001,闭合夹,康奇舒宁（苏州）医疗科技有限公 司,,
C1101081761501822001,11-吻（缝）合器及附件,01-开放及微创手术通用吻 （缝）合器及附件,08-闭合夹,176-结扎夹类,15-聚合物,018-单发/不可吸收,176001,闭合夹,江西谱安医疗器械有限公司,,
C1101081761501822944,11-吻（缝）合器及附件,01-开放及微创手术通用吻 （缝）合器及附件,08-闭合夹,176-结扎夹类,15-聚合物,018-单发/不可吸收,176001,闭合夹,江苏科邦生物科技有限公司,,
C1101081761501824493,11-吻（缝）合器及附件,01-开放及微创手术通用吻 （缝）合器及附件,08-闭合夹,176-结扎夹类,15-聚合物,018-单发/不可吸收,176001,闭合夹,杭州致诚医疗科技有限公司,,
C1101081761501902494,11-吻（缝）合器及附件,01-开放及微创手术通用吻 （缝）合器及附件,08-闭合夹,176-结扎夹类,15-聚合物,019-连发/可吸收,176001,闭合夹,北京天助畅运医疗技术股份有限公 司,,
C1101081761502000162,11-吻（缝）合器及附件,01-开放及微创手术通用吻 （缝）合器及附件,08-闭合夹,176-结扎夹类,15-聚合物,020-连发/不可吸收,176001,闭合夹,广州保瑞医疗技术有限公司,,
C1101081761502000977,11-吻（缝）合器及附件,01-开放及微创手术通用吻 （缝）合器及附件,08-闭合夹,176-结扎夹类,15-聚合物,020-连发/不可吸收,176001,闭合夹,施爱德（厦门）医疗器材有限公司,,
C1101081761502002176,11-吻（缝）合器及附件,01-开放及微创手术通用吻 （缝）合器及附件,08-闭合夹,176-结扎夹类,15-聚合物,020-连发/不可吸收,176001,闭合夹,无锡东峰怡和科技发展有限公司,,
C1101081761502003595,11-吻（缝）合器及附件,01-开放及微创手术通用吻 （缝）合器及附件,08-闭合夹,176-结扎夹类,15-聚合物,020-连发/不可吸收,176001,闭合夹,杭州圣石科技股份有限公司,,
C1101081761502006224,11-吻（缝）合器及附件,01-开放及微创手术通用吻 （缝）合器及附件,08-闭合夹,176-结扎夹类,15-聚合物,020-连发/不可吸收,176001,闭合夹,江苏风和医疗器材股份有限公司,,
C1101081761502006452,11-吻（缝）合器及附件,01-开放及微创手术通用吻 （缝）合器及附件,08-闭合夹,176-结扎夹类,15-聚合物,020-连发/不可吸收,176001,闭合夹,无锡市神康医疗器械设备有限公司,,
C1101081761502006913,11-吻（缝）合器及附件,01-开放及微创手术通用吻 （缝）合器及附件,08-闭合夹,176-结扎夹类,15-聚合物,020-连发/不可吸收,176001,闭合夹,常州市康蒂娜医疗科技有限公司,,
C1101081761502007120,11-吻（缝）合器及附件,01-开放及微创手术通用吻 （缝）合器及附件,08-闭合夹,176-结扎夹类,15-聚合物,020-连发/不可吸收,176001,闭合夹,浙江微度医疗器械有限公司,,
C1101081761502008019,11-吻（缝）合器及附件,01-开放及微创手术通用吻 （缝）合器及附件,08-闭合夹,176-结扎夹类,15-聚合物,020-连发/不可吸收,176001,闭合夹,江苏瑞普医疗器械科技有限公司,,
C1101081761502008455,11-吻（缝）合器及附件,01-开放及微创手术通用吻 （缝）合器及附件,08-闭合夹,176-结扎夹类,15-聚合物,020-连发/不可吸收,176001,闭合夹,泰利福医疗器械商贸（上海）有限 公司,,
C1101081761502008486,11-吻（缝）合器及附件,01-开放及微创手术通用吻 （缝）合器及附件,08-闭合夹,176-结扎夹类,15-聚合物,020-连发/不可吸收,176001,闭合夹,浙江格宜医疗器械有限公司,,
C1101081761502009869,11-吻（缝）合器及附件,01-开放及微创手术通用吻 （缝）合器及附件,08-闭合夹,176-结扎夹类,15-聚合物,020-连发/不可吸收,176001,闭合夹,江苏芸众医疗科技有限公司,,
C1101081761502010208,11-吻（缝）合器及附件,01-开放及微创手术通用吻 （缝）合器及附件,08-闭合夹,176-结扎夹类,15-聚合物,020-连发/不可吸收,176001,闭合夹,杭州康基医疗器械有限公司,,
C1101081761502011452,11-吻（缝）合器及附件,01-开放及微创手术通用吻 （缝）合器及附件,08-闭合夹,176-结扎夹类,15-聚合物,020-连发/不可吸收,176001,闭合夹,江苏百纳医疗科技有限公司,,
C1101081761502011640,11-吻（缝）合器及附件,01-开放及微创手术通用吻 （缝）合器及附件,08-闭合夹,176-结扎夹类,15-聚合物,020-连发/不可吸收,176001,闭合夹,英特姆（武汉）医疗科技有限公司,,
C1101081761502011713,11-吻（缝）合器及附件,01-开放及微创手术通用吻 （缝）合器及附件,08-闭合夹,176-结扎夹类,15-聚合物,020-连发/不可吸收,176001,闭合夹,南京竹海生物科技有限公司,,
C1101081761502011860,11-吻（缝）合器及附件,01-开放及微创手术通用吻 （缝）合器及附件,08-闭合夹,176-结扎夹类,15-聚合物,020-连发/不可吸收,176001,闭合夹,邦尼医疗科技（常州）有限公司,,
C1101081761502012160,11-吻（缝）合器及附件,01-开放及微创手术通用吻 （缝）合器及附件,08-闭合夹,176-结扎夹类,15-聚合物,020-连发/不可吸收,176001,闭合夹,苏州英途康医疗科技有限公司,,
C1101081761502012276,11-吻（缝）合器及附件,01-开放及微创手术通用吻 （缝）合器及附件,08-闭合夹,176-结扎夹类,15-聚合物,020-连发/不可吸收,176001,闭合夹,镁格生物科技（江苏）有限公司,,
C1101081761502015153,11-吻（缝）合器及附件,01-开放及微创手术通用吻 （缝）合器及附件,08-闭合夹,176-结扎夹类,15-聚合物,020-连发/不可吸收,176001,闭合夹,江西瀚良生物科技有限公司,,
C1101081761502015444,11-吻（缝）合器及附件,01-开放及微创手术通用吻 （缝）合器及附件,08-闭合夹,176-结扎夹类,15-聚合物,020-连发/不可吸收,176001,闭合夹,江苏隆泰丰医疗器械有限公司,,
C1101081761502017533,11-吻（缝）合器及附件,01-开放及微创手术通用吻 （缝）合器及附件,08-闭合夹,176-结扎夹类,15-聚合物,020-连发/不可吸收,176001,闭合夹,金灵医疗科技（常州）有限公司,,
C1101081761502019861,11-吻（缝）合器及附件,01-开放及微创手术通用吻 （缝）合器及附件,08-闭合夹,176-结扎夹类,15-聚合物,020-连发/不可吸收,176001,闭合夹,以诺康医疗科技（合肥）有限公司,,
C1101081761502020671,11-吻（缝）合器及附件,01-开放及微创手术通用吻 （缝）合器及附件,08-闭合夹,176-结扎夹类,15-聚合物,020-连发/不可吸收,176001,闭合夹,常州礼和医疗科技有限公司,,
C1101081761502021805,11-吻（缝）合器及附件,01-开放及微创手术通用吻 （缝）合器及附件,08-闭合夹,176-结扎夹类,15-聚合物,020-连发/不可吸收,176001,闭合夹,苏州泰科众连医疗器械有限公司,,
C1101081761502023619,11-吻（缝）合器及附件,01-开放及微创手术通用吻 （缝）合器及附件,08-闭合夹,176-结扎夹类,15-聚合物,020-连发/不可吸收,176001,闭合夹,伟格尔（广州）医疗设备有限公司,,
C1101100111000000013,11-吻（缝）合器及附件,01-开放及微创手术通用吻 （缝）合器及附件,10-内镜用圈套器,011-圈套器类,10-不区分,000--,011001,内镜用圈套器,常州安康医疗器械有限公司,,
C1101100111000002412,11-吻（缝）合器及附件,01-开放及微创手术通用吻 （缝）合器及附件,10-内镜用圈套器,011-圈套器类,10-不区分,000--,011001,内镜用圈套器,常州生物医学工程有限公司,,
C1101100111000003739,11-吻（缝）合器及附件,01-开放及微创手术通用吻 （缝）合器及附件,10-内镜用圈套器,011-圈套器类,10-不区分,000--,011001,内镜用圈套器,南通华利康医疗器械有限公司,,
C1101100111000004250,11-吻（缝）合器及附件,01-开放及微创手术通用吻 （缝）合器及附件,10-内镜用圈套器,011-圈套器类,10-不区分,000--,011001,内镜用圈套器,杭州威德医疗科技有限公司,,
C1101100111000005940,11-吻（缝）合器及附件,01-开放及微创手术通用吻 （缝）合器及附件,10-内镜用圈套器,011-圈套器类,10-不区分,000--,011001,内镜用圈套器,江苏安诺锐科医疗器械有限公司,,
C1101100111000006224,11-吻（缝）合器及附件,01-开放及微创手术通用吻 （缝）合器及附件,10-内镜用圈套器,011-圈套器类,10-不区分,000--,011001,内镜用圈套器,江苏风和医疗器材股份有限公司,,
C1101100111000006680,11-吻（缝）合器及附件,01-开放及微创手术通用吻 （缝）合器及附件,10-内镜用圈套器,011-圈套器类,10-不区分,000--,011001,内镜用圈套器,南通华尔康医疗科技有限公司,,
C1101100111000006823,11-吻（缝）合器及附件,01-开放及微创手术通用吻 （缝）合器及附件,10-内镜用圈套器,011-圈套器类,10-不区分,000--,011001,内镜用圈套器,柯惠医疗器材国际贸易（上海）有 限公司,,
C1101100111000007284,11-吻（缝）合器及附件,01-开放及微创手术通用吻 （缝）合器及附件,10-内镜用圈套器,011-圈套器类,10-不区分,000--,011001,内镜用圈套器,微至（苏州）医疗科技有限公司,,
C1101100111000009003,11-吻（缝）合器及附件,01-开放及微创手术通用吻 （缝）合器及附件,10-内镜用圈套器,011-圈套器类,10-不区分,000--,011001,内镜用圈套器,宁波天益医疗器械股份有限公司,,
C1101100111000009098,11-吻（缝）合器及附件,01-开放及微创手术通用吻 （缝）合器及附件,10-内镜用圈套器,011-圈套器类,10-不区分,000--,011001,内镜用圈套器,强生（上海）医疗器材有限公司,,
C1101100111000009949,11-吻（缝）合器及附件,01-开放及微创手术通用吻 （缝）合器及附件,10-内镜用圈套器,011-圈套器类,10-不区分,000--,011001,内镜用圈套器,广州德脉医疗器械有限公司,,
C1101100111000020643,11-吻（缝）合器及附件,01-开放及微创手术通用吻 （缝）合器及附件,10-内镜用圈套器,011-圈套器类,10-不区分,000--,011001,内镜用圈套器,河南久益科技有限公司,,
C1101131871002100841,11-吻（缝）合器及附件,01-开放及微创手术通用吻 （缝）合器及附件,13-腔镜缝合器,187-缝合器类,10-不区分,021-软组织,187001,腔镜缝合器（软组织）,苏州法兰克曼医疗器械有限公司,,
C1101131871002101659,11-吻（缝）合器及附件,01-开放及微创手术通用吻 （缝）合器及附件,13-腔镜缝合器,187-缝合器类,10-不区分,021-软组织,187001,腔镜缝合器（软组织）,南京普立蒙医疗科技有限公司,,
C1101131871002101959,11-吻（缝）合器及附件,01-开放及微创手术通用吻 （缝）合器及附件,13-腔镜缝合器,187-缝合器类,10-不区分,021-软组织,187001,腔镜缝合器（软组织）,江苏博朗森思医疗器械有限公司,,
C1101131871002106452,11-吻（缝）合器及附件,01-开放及微创手术通用吻 （缝）合器及附件,13-腔镜缝合器,187-缝合器类,10-不区分,021-软组织,187001,腔镜缝合器（软组织）,无锡市神康医疗器械设备有限公司,,
C1101131871002107013,11-吻（缝）合器及附件,01-开放及微创手术通用吻 （缝）合器及附件,13-腔镜缝合器,187-缝合器类,10-不区分,021-软组织,187001,腔镜缝合器（软组织）,无锡市舒康医疗器械有限公司,,
C1101131871002108019,11-吻（缝）合器及附件,01-开放及微创手术通用吻 （缝）合器及附件,13-腔镜缝合器,187-缝合器类,10-不区分,021-软组织,187001,腔镜缝合器（软组织）,江苏瑞普医疗器械科技有限公司,,
C1101131871002109443,11-吻（缝）合器及附件,01-开放及微创手术通用吻 （缝）合器及附件,13-腔镜缝合器,187-缝合器类,10-不区分,021-软组织,187001,腔镜缝合器（软组织）,湖南瀚德微创医疗科技有限公司,,
C1101131871002111640,11-吻（缝）合器及附件,01-开放及微创手术通用吻 （缝）合器及附件,13-腔镜缝合器,187-缝合器类,10-不区分,021-软组织,187001,腔镜缝合器（软组织）,英特姆（武汉）医疗科技有限公司,,
C1101131871002111860,11-吻（缝）合器及附件,01-开放及微创手术通用吻 （缝）合器及附件,13-腔镜缝合器,187-缝合器类,10-不区分,021-软组织,187001,腔镜缝合器（软组织）,邦尼医疗科技（常州）有限公司,,
C1101131871002112276,11-吻（缝）合器及附件,01-开放及微创手术通用吻 （缝）合器及附件,13-腔镜缝合器,187-缝合器类,10-不区分,021-软组织,187001,腔镜缝合器（软组织）,镁格生物科技（江苏）有限公司,,
C1101131871002113637,11-吻（缝）合器及附件,01-开放及微创手术通用吻 （缝）合器及附件,13-腔镜缝合器,187-缝合器类,10-不区分,021-软组织,187001,腔镜缝合器（软组织）,湖南科曼医疗科技有限公司,,
C1101131871002114680,11-吻（缝）合器及附件,01-开放及微创手术通用吻 （缝）合器及附件,13-腔镜缝合器,187-缝合器类,10-不区分,021-软组织,187001,腔镜缝合器（软组织）,湖南润蓓医疗器械有限公司,,
C1101131871002116026,11-吻（缝）合器及附件,01-开放及微创手术通用吻 （缝）合器及附件,13-腔镜缝合器,187-缝合器类,10-不区分,021-软组织,187001,腔镜缝合器（软组织）,小迈医学科技（山东）有限公司,,
C1101131871002120742,11-吻（缝）合器及附件,01-开放及微创手术通用吻 （缝）合器及附件,13-腔镜缝合器,187-缝合器类,10-不区分,021-软组织,187001,腔镜缝合器（软组织）,喀秋莎（厦门）医疗科技有限公司,,
C1101131871002124156,11-吻（缝）合器及附件,01-开放及微创手术通用吻 （缝）合器及附件,13-腔镜缝合器,187-缝合器类,10-不区分,021-软组织,187001,腔镜缝合器（软组织）,湖南纳铂瑞医疗科技有限责任公司,,
C1101131871002200274,11-吻（缝）合器及附件,01-开放及微创手术通用吻 （缝）合器及附件,13-腔镜缝合器,187-缝合器类,10-不区分,022-腹壁,187002,腔镜缝合器（腹壁）,济南晨生医疗科技有限公司,,
C1101131871002200610,11-吻（缝）合器及附件,01-开放及微创手术通用吻 （缝）合器及附件,13-腔镜缝合器,187-缝合器类,10-不区分,022-腹壁,187002,腔镜缝合器（腹壁）,北京航天卡迪技术开发研究所,,
C1101131871002200884,11-吻（缝）合器及附件,01-开放及微创手术通用吻 （缝）合器及附件,13-腔镜缝合器,187-缝合器类,10-不区分,022-腹壁,187002,腔镜缝合器（腹壁）,无锡华纳医疗科技有限公司,,
C1101131871002200977,11-吻（缝）合器及附件,01-开放及微创手术通用吻 （缝）合器及附件,13-腔镜缝合器,187-缝合器类,10-不区分,022-腹壁,187002,腔镜缝合器（腹壁）,施爱德（厦门）医疗器材有限公司,,
C1101131871002201298,11-吻（缝）合器及附件,01-开放及微创手术通用吻 （缝）合器及附件,13-腔镜缝合器,187-缝合器类,10-不区分,022-腹壁,187002,腔镜缝合器（腹壁）,无锡中科光远生物材料有限公司,,
C1101131871002201458,11-吻（缝）合器及附件,01-开放及微创手术通用吻 （缝）合器及附件,13-腔镜缝合器,187-缝合器类,10-不区分,022-腹壁,187002,腔镜缝合器（腹壁）,无锡贝恩外科器械有限公司,,
C1101131871002202776,11-吻（缝）合器及附件,01-开放及微创手术通用吻 （缝）合器及附件,13-腔镜缝合器,187-缝合器类,10-不区分,022-腹壁,187002,腔镜缝合器（腹壁）,江苏钱璟医疗器械有限公司,,
C1101131871002203800,11-吻（缝）合器及附件,01-开放及微创手术通用吻 （缝）合器及附件,13-腔镜缝合器,187-缝合器类,10-不区分,022-腹壁,187002,腔镜缝合器（腹壁）,河北诺盛科创生物科技有限公司,,
C1101131871002205942,11-吻（缝）合器及附件,01-开放及微创手术通用吻 （缝）合器及附件,13-腔镜缝合器,187-缝合器类,10-不区分,022-腹壁,187002,腔镜缝合器（腹壁）,湖北康泉医疗科技有限责任公司,,
C1101131871002206332,11-吻（缝）合器及附件,01-开放及微创手术通用吻 （缝）合器及附件,13-腔镜缝合器,187-缝合器类,10-不区分,022-腹壁,187002,腔镜缝合器（腹壁）,诺信医学科技（山东）有限公司,,
C1101131871002206452,11-吻（缝）合器及附件,01-开放及微创手术通用吻 （缝）合器及附件,13-腔镜缝合器,187-缝合器类,10-不区分,022-腹壁,187002,腔镜缝合器（腹壁）,无锡市神康医疗器械设备有限公司,,
C1101131871002206823,11-吻（缝）合器及附件,01-开放及微创手术通用吻 （缝）合器及附件,13-腔镜缝合器,187-缝合器类,10-不区分,022-腹壁,187002,腔镜缝合器（腹壁）,柯惠医疗器材国际贸易（上海）有 限公司,,
C1101131871002207013,11-吻（缝）合器及附件,01-开放及微创手术通用吻 （缝）合器及附件,13-腔镜缝合器,187-缝合器类,10-不区分,022-腹壁,187002,腔镜缝合器（腹壁）,无锡市舒康医疗器械有限公司,,
C1101131871002207120,11-吻（缝）合器及附件,01-开放及微创手术通用吻 （缝）合器及附件,13-腔镜缝合器,187-缝合器类,10-不区分,022-腹壁,187002,腔镜缝合器（腹壁）,浙江微度医疗器械有限公司,,
C1101131871002207197,11-吻（缝）合器及附件,01-开放及微创手术通用吻 （缝）合器及附件,13-腔镜缝合器,187-缝合器类,10-不区分,022-腹壁,187002,腔镜缝合器（腹壁）,常州海尔斯医疗器械科技有限公司,,
C1101131871002208124,11-吻（缝）合器及附件,01-开放及微创手术通用吻 （缝）合器及附件,13-腔镜缝合器,187-缝合器类,10-不区分,022-腹壁,187002,腔镜缝合器（腹壁）,安能医疗器械（常熟）有限公司,,
C1101131871002208915,11-吻（缝）合器及附件,01-开放及微创手术通用吻 （缝）合器及附件,13-腔镜缝合器,187-缝合器类,10-不区分,022-腹壁,187002,腔镜缝合器（腹壁）,广东实联医疗器械有限公司,,
C1101131871002210208,11-吻（缝）合器及附件,01-开放及微创手术通用吻 （缝）合器及附件,13-腔镜缝合器,187-缝合器类,10-不区分,022-腹壁,187002,腔镜缝合器（腹壁）,杭州康基医疗器械有限公司,,
C1101131871002210705,11-吻（缝）合器及附件,01-开放及微创手术通用吻 （缝）合器及附件,13-腔镜缝合器,187-缝合器类,10-不区分,022-腹壁,187002,腔镜缝合器（腹壁）,河南盛华医疗器械有限公司,,
C1101131871002211594,11-吻（缝）合器及附件,01-开放及微创手术通用吻 （缝）合器及附件,13-腔镜缝合器,187-缝合器类,10-不区分,022-腹壁,187002,腔镜缝合器（腹壁）,河北卫崭医疗科技有限公司,,
C1101131871002211859,11-吻（缝）合器及附件,01-开放及微创手术通用吻 （缝）合器及附件,13-腔镜缝合器,187-缝合器类,10-不区分,022-腹壁,187002,腔镜缝合器（腹壁）,常州伟普医疗器械有限公司,,
C1101131871002211860,11-吻（缝）合器及附件,01-开放及微创手术通用吻 （缝）合器及附件,13-腔镜缝合器,187-缝合器类,10-不区分,022-腹壁,187002,腔镜缝合器（腹壁）,邦尼医疗科技（常州）有限公司,,
C1101131871002211930,11-吻（缝）合器及附件,01-开放及微创手术通用吻 （缝）合器及附件,13-腔镜缝合器,187-缝合器类,10-不区分,022-腹壁,187002,腔镜缝合器（腹壁）,江阴市康捷医疗科技有限公司,,
C1101131871002211953,11-吻（缝）合器及附件,01-开放及微创手术通用吻 （缝）合器及附件,13-腔镜缝合器,187-缝合器类,10-不区分,022-腹壁,187002,腔镜缝合器（腹壁）,康晴（江苏）医疗科技有限公司,,
C1101131871002212126,11-吻（缝）合器及附件,01-开放及微创手术通用吻 （缝）合器及附件,13-腔镜缝合器,187-缝合器类,10-不区分,022-腹壁,187002,腔镜缝合器（腹壁）,天津百和至远医疗技术有限公司,,
C1101131871002213781,11-吻（缝）合器及附件,01-开放及微创手术通用吻 （缝）合器及附件,13-腔镜缝合器,187-缝合器类,10-不区分,022-腹壁,187002,腔镜缝合器（腹壁）,常州市三润医疗器械科技有限公司,,
C1101131871002214250,11-吻（缝）合器及附件,01-开放及微创手术通用吻 （缝）合器及附件,13-腔镜缝合器,187-缝合器类,10-不区分,022-腹壁,187002,腔镜缝合器（腹壁）,江苏诚普医疗器械有限公司,,
C1101131871002215743,11-吻（缝）合器及附件,01-开放及微创手术通用吻 （缝）合器及附件,13-腔镜缝合器,187-缝合器类,10-不区分,022-腹壁,187002,腔镜缝合器（腹壁）,施爱德（长沙）医疗器材有限公司,,
C1101131871002216022,11-吻（缝）合器及附件,01-开放及微创手术通用吻 （缝）合器及附件,13-腔镜缝合器,187-缝合器类,10-不区分,022-腹壁,187002,腔镜缝合器（腹壁）,江苏京品医疗科技有限公司,,
C1101131871002216902,11-吻（缝）合器及附件,01-开放及微创手术通用吻 （缝）合器及附件,13-腔镜缝合器,187-缝合器类,10-不区分,022-腹壁,187002,腔镜缝合器（腹壁）,江苏华铭工贸有限公司,,
C1101131871002217344,11-吻（缝）合器及附件,01-开放及微创手术通用吻 （缝）合器及附件,13-腔镜缝合器,187-缝合器类,10-不区分,022-腹壁,187002,腔镜缝合器（腹壁）,福建善慈乐生物科技有限公司,,
C1101131871002218157,11-吻（缝）合器及附件,01-开放及微创手术通用吻 （缝）合器及附件,13-腔镜缝合器,187-缝合器类,10-不区分,022-腹壁,187002,腔镜缝合器（腹壁）,湖南省天怡方健生物科技有限公司,,
C1101131871002218194,11-吻（缝）合器及附件,01-开放及微创手术通用吻 （缝）合器及附件,13-腔镜缝合器,187-缝合器类,10-不区分,022-腹壁,187002,腔镜缝合器（腹壁）,广东天成天美医疗科技有限公司,,
C1101131871002219595,11-吻（缝）合器及附件,01-开放及微创手术通用吻 （缝）合器及附件,13-腔镜缝合器,187-缝合器类,10-不区分,022-腹壁,187002,腔镜缝合器（腹壁）,厦门星火微光医疗器械制造有限公 司,,
C1101131871002219724,11-吻（缝）合器及附件,01-开放及微创手术通用吻 （缝）合器及附件,13-腔镜缝合器,187-缝合器类,10-不区分,022-腹壁,187002,腔镜缝合器（腹壁）,湖北翎美生物科技有限公司,,
C1101131871002221651,11-吻（缝）合器及附件,01-开放及微创手术通用吻 （缝）合器及附件,13-腔镜缝合器,187-缝合器类,10-不区分,022-腹壁,187002,腔镜缝合器（腹壁）,苏州神韵医疗器械有限公司,,
C1101131871002224156,11-吻（缝）合器及附件,01-开放及微创手术通用吻 （缝）合器及附件,13-腔镜缝合器,187-缝合器类,10-不区分,022-腹壁,187002,腔镜缝合器（腹壁）,湖南纳铂瑞医疗科技有限责任公司,,
C1101131871002224436,11-吻（缝）合器及附件,01-开放及微创手术通用吻 （缝）合器及附件,13-腔镜缝合器,187-缝合器类,10-不区分,022-腹壁,187002,腔镜缝合器（腹壁）,大瓷生物医疗科技（江苏）有限公 司,,
C1101131871002300162,11-吻（缝）合器及附件,01-开放及微创手术通用吻 （缝）合器及附件,13-腔镜缝合器,187-缝合器类,10-不区分,023-筋膜,187003,腔镜缝合器（筋膜）,广州保瑞医疗技术有限公司,,
C1101131871002300653,11-吻（缝）合器及附件,01-开放及微创手术通用吻 （缝）合器及附件,13-腔镜缝合器,187-缝合器类,10-不区分,023-筋膜,187003,腔镜缝合器（筋膜）,武汉蓝普医品有限公司,,
C1101131871002300884,11-吻（缝）合器及附件,01-开放及微创手术通用吻 （缝）合器及附件,13-腔镜缝合器,187-缝合器类,10-不区分,023-筋膜,187003,腔镜缝合器（筋膜）,无锡华纳医疗科技有限公司,,
C1101131871002300977,11-吻（缝）合器及附件,01-开放及微创手术通用吻 （缝）合器及附件,13-腔镜缝合器,187-缝合器类,10-不区分,023-筋膜,187003,腔镜缝合器（筋膜）,施爱德（厦门）医疗器材有限公司,,
C1101131871002301298,11-吻（缝）合器及附件,01-开放及微创手术通用吻 （缝）合器及附件,13-腔镜缝合器,187-缝合器类,10-不区分,023-筋膜,187003,腔镜缝合器（筋膜）,无锡中科光远生物材料有限公司,,
C1101131871002301370,11-吻（缝）合器及附件,01-开放及微创手术通用吻 （缝）合器及附件,13-腔镜缝合器,187-缝合器类,10-不区分,023-筋膜,187003,腔镜缝合器（筋膜）,安徽奥弗医疗设备科技股份有限公 司,,
C1101131871002301458,11-吻（缝）合器及附件,01-开放及微创手术通用吻 （缝）合器及附件,13-腔镜缝合器,187-缝合器类,10-不区分,023-筋膜,187003,腔镜缝合器（筋膜）,无锡贝恩外科器械有限公司,,
C1101131871002301564,11-吻（缝）合器及附件,01-开放及微创手术通用吻 （缝）合器及附件,13-腔镜缝合器,187-缝合器类,10-不区分,023-筋膜,187003,腔镜缝合器（筋膜）,江苏三联星海医疗器械有限公司,,
C1101131871002301959,11-吻（缝）合器及附件,01-开放及微创手术通用吻 （缝）合器及附件,13-腔镜缝合器,187-缝合器类,10-不区分,023-筋膜,187003,腔镜缝合器（筋膜）,江苏博朗森思医疗器械有限公司,,
C1101131871002302002,11-吻（缝）合器及附件,01-开放及微创手术通用吻 （缝）合器及附件,13-腔镜缝合器,187-缝合器类,10-不区分,023-筋膜,187003,腔镜缝合器（筋膜）,江苏景润医疗器械有限公司,,
C1101131871002302176,11-吻（缝）合器及附件,01-开放及微创手术通用吻 （缝）合器及附件,13-腔镜缝合器,187-缝合器类,10-不区分,023-筋膜,187003,腔镜缝合器（筋膜）,无锡东峰怡和科技发展有限公司,,
C1101131871002302228,11-吻（缝）合器及附件,01-开放及微创手术通用吻 （缝）合器及附件,13-腔镜缝合器,187-缝合器类,10-不区分,023-筋膜,187003,腔镜缝合器（筋膜）,常州科峰医疗科技有限公司,,
C1101131871002302412,11-吻（缝）合器及附件,01-开放及微创手术通用吻 （缝）合器及附件,13-腔镜缝合器,187-缝合器类,10-不区分,023-筋膜,187003,腔镜缝合器（筋膜）,常州生物医学工程有限公司,,
C1101131871002302601,11-吻（缝）合器及附件,01-开放及微创手术通用吻 （缝）合器及附件,13-腔镜缝合器,187-缝合器类,10-不区分,023-筋膜,187003,腔镜缝合器（筋膜）,常州洛克曼医疗器械有限公司,,
C1101131871002302707,11-吻（缝）合器及附件,01-开放及微创手术通用吻 （缝）合器及附件,13-腔镜缝合器,187-缝合器类,10-不区分,023-筋膜,187003,腔镜缝合器（筋膜）,常州安克医疗科技有限公司,,
C1101131871002302776,11-吻（缝）合器及附件,01-开放及微创手术通用吻 （缝）合器及附件,13-腔镜缝合器,187-缝合器类,10-不区分,023-筋膜,187003,腔镜缝合器（筋膜）,江苏钱璟医疗器械有限公司,,
C1101131871002302842,11-吻（缝）合器及附件,01-开放及微创手术通用吻 （缝）合器及附件,13-腔镜缝合器,187-缝合器类,10-不区分,023-筋膜,187003,腔镜缝合器（筋膜）,江苏瑞安贝医疗器械有限公司,,
C1101131871002303030,11-吻（缝）合器及附件,01-开放及微创手术通用吻 （缝）合器及附件,13-腔镜缝合器,187-缝合器类,10-不区分,023-筋膜,187003,腔镜缝合器（筋膜）,山东贝诺斯医疗器械有限公司,,
C1101131871002303494,11-吻（缝）合器及附件,01-开放及微创手术通用吻 （缝）合器及附件,13-腔镜缝合器,187-缝合器类,10-不区分,023-筋膜,187003,腔镜缝合器（筋膜）,佛山市优特医疗科技有限公司,,
C1101131871002303496,11-吻（缝）合器及附件,01-开放及微创手术通用吻 （缝）合器及附件,13-腔镜缝合器,187-缝合器类,10-不区分,023-筋膜,187003,腔镜缝合器（筋膜）,南阳市久康医疗器械有限公司,,
C1101131871002303800,11-吻（缝）合器及附件,01-开放及微创手术通用吻 （缝）合器及附件,13-腔镜缝合器,187-缝合器类,10-不区分,023-筋膜,187003,腔镜缝合器（筋膜）,河北诺盛科创生物科技有限公司,,
C1101131871002304017,11-吻（缝）合器及附件,01-开放及微创手术通用吻 （缝）合器及附件,13-腔镜缝合器,187-缝合器类,10-不区分,023-筋膜,187003,腔镜缝合器（筋膜）,武汉金柏威光电技术有限公司,,
C1101131871002304043,11-吻（缝）合器及附件,01-开放及微创手术通用吻 （缝）合器及附件,13-腔镜缝合器,187-缝合器类,10-不区分,023-筋膜,187003,腔镜缝合器（筋膜）,江苏新智源医学科技有限公司,,
C1101131871002304246,11-吻（缝）合器及附件,01-开放及微创手术通用吻 （缝）合器及附件,13-腔镜缝合器,187-缝合器类,10-不区分,023-筋膜,187003,腔镜缝合器（筋膜）,长春市罡恒电子有限责任公司,,
C1101131871002304250,11-吻（缝）合器及附件,01-开放及微创手术通用吻 （缝）合器及附件,13-腔镜缝合器,187-缝合器类,10-不区分,023-筋膜,187003,腔镜缝合器（筋膜）,杭州威德医疗科技有限公司,,
C1101131871002304479,11-吻（缝）合器及附件,01-开放及微创手术通用吻 （缝）合器及附件,13-腔镜缝合器,187-缝合器类,10-不区分,023-筋膜,187003,腔镜缝合器（筋膜）,郑州迪奥医学技术有限公司,,
C1101131871002304500,11-吻（缝）合器及附件,01-开放及微创手术通用吻 （缝）合器及附件,13-腔镜缝合器,187-缝合器类,10-不区分,023-筋膜,187003,腔镜缝合器（筋膜）,湖北博康医药科技有限公司,,
C1101131871002304638,11-吻（缝）合器及附件,01-开放及微创手术通用吻 （缝）合器及附件,13-腔镜缝合器,187-缝合器类,10-不区分,023-筋膜,187003,腔镜缝合器（筋膜）,常州威克医疗器械有限公司,,
C1101131871002305107,11-吻（缝）合器及附件,01-开放及微创手术通用吻 （缝）合器及附件,13-腔镜缝合器,187-缝合器类,10-不区分,023-筋膜,187003,腔镜缝合器（筋膜）,常州市新能源吻合器总厂有限公司,,
C1101131871002305587,11-吻（缝）合器及附件,01-开放及微创手术通用吻 （缝）合器及附件,13-腔镜缝合器,187-缝合器类,10-不区分,023-筋膜,187003,腔镜缝合器（筋膜）,武汉君安友联医疗科技有限责任公 司,,
C1101131871002305704,11-吻（缝）合器及附件,01-开放及微创手术通用吻 （缝）合器及附件,13-腔镜缝合器,187-缝合器类,10-不区分,023-筋膜,187003,腔镜缝合器（筋膜）,武汉沃德利派医疗器械有限公司,,
C1101131871002306224,11-吻（缝）合器及附件,01-开放及微创手术通用吻 （缝）合器及附件,13-腔镜缝合器,187-缝合器类,10-不区分,023-筋膜,187003,腔镜缝合器（筋膜）,江苏风和医疗器材股份有限公司,,
C1101131871002306332,11-吻（缝）合器及附件,01-开放及微创手术通用吻 （缝）合器及附件,13-腔镜缝合器,187-缝合器类,10-不区分,023-筋膜,187003,腔镜缝合器（筋膜）,诺信医学科技（山东）有限公司,,
C1101131871002306345,11-吻（缝）合器及附件,01-开放及微创手术通用吻 （缝）合器及附件,13-腔镜缝合器,187-缝合器类,10-不区分,023-筋膜,187003,腔镜缝合器（筋膜）,河南立科达医疗用品科技有限公司,,
C1101131871002306410,11-吻（缝）合器及附件,01-开放及微创手术通用吻 （缝）合器及附件,13-腔镜缝合器,187-缝合器类,10-不区分,023-筋膜,187003,腔镜缝合器（筋膜）,常州华森医疗器械股份有限公司,,
C1101131871002306618,11-吻（缝）合器及附件,01-开放及微创手术通用吻 （缝）合器及附件,13-腔镜缝合器,187-缝合器类,10-不区分,023-筋膜,187003,腔镜缝合器（筋膜）,江苏健瑞宝医疗科技股份有限公司,,
C1101131871002306759,11-吻（缝）合器及附件,01-开放及微创手术通用吻 （缝）合器及附件,13-腔镜缝合器,187-缝合器类,10-不区分,023-筋膜,187003,腔镜缝合器（筋膜）,宁波维尔凯迪医疗器械有限公司,,
C1101131871002306823,11-吻（缝）合器及附件,01-开放及微创手术通用吻 （缝）合器及附件,13-腔镜缝合器,187-缝合器类,10-不区分,023-筋膜,187003,腔镜缝合器（筋膜）,柯惠医疗器材国际贸易（上海）有 限公司,,
C1101131871002307013,11-吻（缝）合器及附件,01-开放及微创手术通用吻 （缝）合器及附件,13-腔镜缝合器,187-缝合器类,10-不区分,023-筋膜,187003,腔镜缝合器（筋膜）,无锡市舒康医疗器械有限公司,,
C1101131871002307120,11-吻（缝）合器及附件,01-开放及微创手术通用吻 （缝）合器及附件,13-腔镜缝合器,187-缝合器类,10-不区分,023-筋膜,187003,腔镜缝合器（筋膜）,浙江微度医疗器械有限公司,,
C1101131871002307197,11-吻（缝）合器及附件,01-开放及微创手术通用吻 （缝）合器及附件,13-腔镜缝合器,187-缝合器类,10-不区分,023-筋膜,187003,腔镜缝合器（筋膜）,常州海尔斯医疗器械科技有限公司,,
C1101131871002307633,11-吻（缝）合器及附件,01-开放及微创手术通用吻 （缝）合器及附件,13-腔镜缝合器,187-缝合器类,10-不区分,023-筋膜,187003,腔镜缝合器（筋膜）,中山市瑞隆医疗科技有限公司,,
C1101131871002307805,11-吻（缝）合器及附件,01-开放及微创手术通用吻 （缝）合器及附件,13-腔镜缝合器,187-缝合器类,10-不区分,023-筋膜,187003,腔镜缝合器（筋膜）,湖南豌豆医疗用品有限公司,,
C1101131871002308019,11-吻（缝）合器及附件,01-开放及微创手术通用吻 （缝）合器及附件,13-腔镜缝合器,187-缝合器类,10-不区分,023-筋膜,187003,腔镜缝合器（筋膜）,江苏瑞普医疗器械科技有限公司,,
C1101131871002308101,11-吻（缝）合器及附件,01-开放及微创手术通用吻 （缝）合器及附件,13-腔镜缝合器,187-缝合器类,10-不区分,023-筋膜,187003,腔镜缝合器（筋膜）,江苏弘爱医疗科技有限公司,,
C1101131871002308181,11-吻（缝）合器及附件,01-开放及微创手术通用吻 （缝）合器及附件,13-腔镜缝合器,187-缝合器类,10-不区分,023-筋膜,187003,腔镜缝合器（筋膜）,广东弘和医疗器械制造有限公司,,
C1101131871002308414,11-吻（缝）合器及附件,01-开放及微创手术通用吻 （缝）合器及附件,13-腔镜缝合器,187-缝合器类,10-不区分,023-筋膜,187003,腔镜缝合器（筋膜）,北京派尔特医疗科技股份有限公司,,
C1101131871002308455,11-吻（缝）合器及附件,01-开放及微创手术通用吻 （缝）合器及附件,13-腔镜缝合器,187-缝合器类,10-不区分,023-筋膜,187003,腔镜缝合器（筋膜）,泰利福医疗器械商贸（上海）有限 公司,,
C1101131871002308468,11-吻（缝）合器及附件,01-开放及微创手术通用吻 （缝）合器及附件,13-腔镜缝合器,187-缝合器类,10-不区分,023-筋膜,187003,腔镜缝合器（筋膜）,山西湛华医疗科技有限公司,,
C1101131871002308471,11-吻（缝）合器及附件,01-开放及微创手术通用吻 （缝）合器及附件,13-腔镜缝合器,187-缝合器类,10-不区分,023-筋膜,187003,腔镜缝合器（筋膜）,江苏明朗医疗器械科技有限公司,,
C1101131871002308670,11-吻（缝）合器及附件,01-开放及微创手术通用吻 （缝）合器及附件,13-腔镜缝合器,187-缝合器类,10-不区分,023-筋膜,187003,腔镜缝合器（筋膜）,武汉耦合医学科技有限责任公司,,
C1101131871002308901,11-吻（缝）合器及附件,01-开放及微创手术通用吻 （缝）合器及附件,13-腔镜缝合器,187-缝合器类,10-不区分,023-筋膜,187003,腔镜缝合器（筋膜）,上海执中医疗技术有限公司,,
C1101131871002309051,11-吻（缝）合器及附件,01-开放及微创手术通用吻 （缝）合器及附件,13-腔镜缝合器,187-缝合器类,10-不区分,023-筋膜,187003,腔镜缝合器（筋膜）,江苏冠创医疗科技有限公司,,
C1101131871002309222,11-吻（缝）合器及附件,01-开放及微创手术通用吻 （缝）合器及附件,13-腔镜缝合器,187-缝合器类,10-不区分,023-筋膜,187003,腔镜缝合器（筋膜）,上海瑛泰医疗器械股份有限公司,,
C1101131871002309408,11-吻（缝）合器及附件,01-开放及微创手术通用吻 （缝）合器及附件,13-腔镜缝合器,187-缝合器类,10-不区分,023-筋膜,187003,腔镜缝合器（筋膜）,武汉正午阳光医药生物科技有限公 司,,
C1101131871002309869,11-吻（缝）合器及附件,01-开放及微创手术通用吻 （缝）合器及附件,13-腔镜缝合器,187-缝合器类,10-不区分,023-筋膜,187003,腔镜缝合器（筋膜）,江苏芸众医疗科技有限公司,,
C1101131871002310203,11-吻（缝）合器及附件,01-开放及微创手术通用吻 （缝）合器及附件,13-腔镜缝合器,187-缝合器类,10-不区分,023-筋膜,187003,腔镜缝合器（筋膜）,普瑞德医疗器械科技江苏有限公司,,
C1101131871002310208,11-吻（缝）合器及附件,01-开放及微创手术通用吻 （缝）合器及附件,13-腔镜缝合器,187-缝合器类,10-不区分,023-筋膜,187003,腔镜缝合器（筋膜）,杭州康基医疗器械有限公司,,
C1101131871002310303,11-吻（缝）合器及附件,01-开放及微创手术通用吻 （缝）合器及附件,13-腔镜缝合器,187-缝合器类,10-不区分,023-筋膜,187003,腔镜缝合器（筋膜）,苏州奥芮济医疗科技有限公司,,
C1101131871002310705,11-吻（缝）合器及附件,01-开放及微创手术通用吻 （缝）合器及附件,13-腔镜缝合器,187-缝合器类,10-不区分,023-筋膜,187003,腔镜缝合器（筋膜）,河南盛华医疗器械有限公司,,
C1101131871002311079,11-吻（缝）合器及附件,01-开放及微创手术通用吻 （缝）合器及附件,13-腔镜缝合器,187-缝合器类,10-不区分,023-筋膜,187003,腔镜缝合器（筋膜）,常州杰瑞尔医疗器械有限公司,,
C1101131871002311155,11-吻（缝）合器及附件,01-开放及微创手术通用吻 （缝）合器及附件,13-腔镜缝合器,187-缝合器类,10-不区分,023-筋膜,187003,腔镜缝合器（筋膜）,欣瑞德（江苏）医疗科技有限公司,,
C1101131871002311344,11-吻（缝）合器及附件,01-开放及微创手术通用吻 （缝）合器及附件,13-腔镜缝合器,187-缝合器类,10-不区分,023-筋膜,187003,腔镜缝合器（筋膜）,中加百康（福建）医疗器械有限责 任公司,,
C1101131871002311490,11-吻（缝）合器及附件,01-开放及微创手术通用吻 （缝）合器及附件,13-腔镜缝合器,187-缝合器类,10-不区分,023-筋膜,187003,腔镜缝合器（筋膜）,山东海迪科医用制品有限公司,,
C1101131871002311492,11-吻（缝）合器及附件,01-开放及微创手术通用吻 （缝）合器及附件,13-腔镜缝合器,187-缝合器类,10-不区分,023-筋膜,187003,腔镜缝合器（筋膜）,江苏柯汇医疗科技有限公司,,
C1101131871002311594,11-吻（缝）合器及附件,01-开放及微创手术通用吻 （缝）合器及附件,13-腔镜缝合器,187-缝合器类,10-不区分,023-筋膜,187003,腔镜缝合器（筋膜）,河北卫崭医疗科技有限公司,,
C1101131871002311640,11-吻（缝）合器及附件,01-开放及微创手术通用吻 （缝）合器及附件,13-腔镜缝合器,187-缝合器类,10-不区分,023-筋膜,187003,腔镜缝合器（筋膜）,英特姆（武汉）医疗科技有限公司,,
C1101131871002311774,11-吻（缝）合器及附件,01-开放及微创手术通用吻 （缝）合器及附件,13-腔镜缝合器,187-缝合器类,10-不区分,023-筋膜,187003,腔镜缝合器（筋膜）,浙江朗特医疗科技有限公司,,
C1101131871002311803,11-吻（缝）合器及附件,01-开放及微创手术通用吻 （缝）合器及附件,13-腔镜缝合器,187-缝合器类,10-不区分,023-筋膜,187003,腔镜缝合器（筋膜）,苏州鑫斯达医疗科技有限公司,,
C1101131871002311809,11-吻（缝）合器及附件,01-开放及微创手术通用吻 （缝）合器及附件,13-腔镜缝合器,187-缝合器类,10-不区分,023-筋膜,187003,腔镜缝合器（筋膜）,湖南思捷泰克医疗科技有限公司,,
C1101131871002311834,11-吻（缝）合器及附件,01-开放及微创手术通用吻 （缝）合器及附件,13-腔镜缝合器,187-缝合器类,10-不区分,023-筋膜,187003,腔镜缝合器（筋膜）,江苏寒武纪医疗设备有限公司,,
C1101131871002311859,11-吻（缝）合器及附件,01-开放及微创手术通用吻 （缝）合器及附件,13-腔镜缝合器,187-缝合器类,10-不区分,023-筋膜,187003,腔镜缝合器（筋膜）,常州伟普医疗器械有限公司,,
C1101131871002311860,11-吻（缝）合器及附件,01-开放及微创手术通用吻 （缝）合器及附件,13-腔镜缝合器,187-缝合器类,10-不区分,023-筋膜,187003,腔镜缝合器（筋膜）,邦尼医疗科技（常州）有限公司,,
C1101131871002311953,11-吻（缝）合器及附件,01-开放及微创手术通用吻 （缝）合器及附件,13-腔镜缝合器,187-缝合器类,10-不区分,023-筋膜,187003,腔镜缝合器（筋膜）,康晴（江苏）医疗科技有限公司,,
C1101131871002312004,11-吻（缝）合器及附件,01-开放及微创手术通用吻 （缝）合器及附件,13-腔镜缝合器,187-缝合器类,10-不区分,023-筋膜,187003,腔镜缝合器（筋膜）,兰州红会医疗器械有限公司,,
C1101131871002312126,11-吻（缝）合器及附件,01-开放及微创手术通用吻 （缝）合器及附件,13-腔镜缝合器,187-缝合器类,10-不区分,023-筋膜,187003,腔镜缝合器（筋膜）,天津百和至远医疗技术有限公司,,
C1101131871002312276,11-吻（缝）合器及附件,01-开放及微创手术通用吻 （缝）合器及附件,13-腔镜缝合器,187-缝合器类,10-不区分,023-筋膜,187003,腔镜缝合器（筋膜）,镁格生物科技（江苏）有限公司,,
C1101131871002312643,11-吻（缝）合器及附件,01-开放及微创手术通用吻 （缝）合器及附件,13-腔镜缝合器,187-缝合器类,10-不区分,023-筋膜,187003,腔镜缝合器（筋膜）,江苏瑞晟医疗器械有限公司,,
C1101131871002312680,11-吻（缝）合器及附件,01-开放及微创手术通用吻 （缝）合器及附件,13-腔镜缝合器,187-缝合器类,10-不区分,023-筋膜,187003,腔镜缝合器（筋膜）,江苏宝多利亚医疗科技有限公司,,
C1101131871002313781,11-吻（缝）合器及附件,01-开放及微创手术通用吻 （缝）合器及附件,13-腔镜缝合器,187-缝合器类,10-不区分,023-筋膜,187003,腔镜缝合器（筋膜）,常州市三润医疗器械科技有限公司,,
C1101131871002313944,11-吻（缝）合器及附件,01-开放及微创手术通用吻 （缝）合器及附件,13-腔镜缝合器,187-缝合器类,10-不区分,023-筋膜,187003,腔镜缝合器（筋膜）,泰州艾贝医疗科技有限公司,,
C1101131871002314250,11-吻（缝）合器及附件,01-开放及微创手术通用吻 （缝）合器及附件,13-腔镜缝合器,187-缝合器类,10-不区分,023-筋膜,187003,腔镜缝合器（筋膜）,江苏诚普医疗器械有限公司,,
C1101131871002315743,11-吻（缝）合器及附件,01-开放及微创手术通用吻 （缝）合器及附件,13-腔镜缝合器,187-缝合器类,10-不区分,023-筋膜,187003,腔镜缝合器（筋膜）,施爱德（长沙）医疗器材有限公司,,
C1101131871002315965,11-吻（缝）合器及附件,01-开放及微创手术通用吻 （缝）合器及附件,13-腔镜缝合器,187-缝合器类,10-不区分,023-筋膜,187003,腔镜缝合器（筋膜）,江苏柏联医疗科技有限公司,,
C1101131871002316022,11-吻（缝）合器及附件,01-开放及微创手术通用吻 （缝）合器及附件,13-腔镜缝合器,187-缝合器类,10-不区分,023-筋膜,187003,腔镜缝合器（筋膜）,江苏京品医疗科技有限公司,,
C1101131871002316125,11-吻（缝）合器及附件,01-开放及微创手术通用吻 （缝）合器及附件,13-腔镜缝合器,187-缝合器类,10-不区分,023-筋膜,187003,腔镜缝合器（筋膜）,威海柯凡医疗器械科技有限公司,,
C1101131871002316132,11-吻（缝）合器及附件,01-开放及微创手术通用吻 （缝）合器及附件,13-腔镜缝合器,187-缝合器类,10-不区分,023-筋膜,187003,腔镜缝合器（筋膜）,湖南贝恩外科器械有限公司,,
C1101131871002317133,11-吻（缝）合器及附件,01-开放及微创手术通用吻 （缝）合器及附件,13-腔镜缝合器,187-缝合器类,10-不区分,023-筋膜,187003,腔镜缝合器（筋膜）,力可束（浙江）医疗科技有限公司,,
C1101131871002317533,11-吻（缝）合器及附件,01-开放及微创手术通用吻 （缝）合器及附件,13-腔镜缝合器,187-缝合器类,10-不区分,023-筋膜,187003,腔镜缝合器（筋膜）,金灵医疗科技（常州）有限公司,,
C1101131871002319595,11-吻（缝）合器及附件,01-开放及微创手术通用吻 （缝）合器及附件,13-腔镜缝合器,187-缝合器类,10-不区分,023-筋膜,187003,腔镜缝合器（筋膜）,厦门星火微光医疗器械制造有限公 司,,
C1101131871002319724,11-吻（缝）合器及附件,01-开放及微创手术通用吻 （缝）合器及附件,13-腔镜缝合器,187-缝合器类,10-不区分,023-筋膜,187003,腔镜缝合器（筋膜）,湖北翎美生物科技有限公司,,
C1101131871002320901,11-吻（缝）合器及附件,01-开放及微创手术通用吻 （缝）合器及附件,13-腔镜缝合器,187-缝合器类,10-不区分,023-筋膜,187003,腔镜缝合器（筋膜）,湖南禾瑞医疗科技有限公司,,
C1101131871002321291,11-吻（缝）合器及附件,01-开放及微创手术通用吻 （缝）合器及附件,13-腔镜缝合器,187-缝合器类,10-不区分,023-筋膜,187003,腔镜缝合器（筋膜）,景宏医疗器械有限责任公司,,
C1101131871002321528,11-吻（缝）合器及附件,01-开放及微创手术通用吻 （缝）合器及附件,13-腔镜缝合器,187-缝合器类,10-不区分,023-筋膜,187003,腔镜缝合器（筋膜）,安徽茂康医疗器械有限公司,,
C1101131871002322814,11-吻（缝）合器及附件,01-开放及微创手术通用吻 （缝）合器及附件,13-腔镜缝合器,187-缝合器类,10-不区分,023-筋膜,187003,腔镜缝合器（筋膜）,杭州微永医疗器械有限公司,,
C1101131871002323605,11-吻（缝）合器及附件,01-开放及微创手术通用吻 （缝）合器及附件,13-腔镜缝合器,187-缝合器类,10-不区分,023-筋膜,187003,腔镜缝合器（筋膜）,海南栗栗生医疗科技有限公司,,
C1101141721000000977,11-吻（缝）合器及附件,01-开放及微创手术通用吻 （缝）合器及附件,14-腔镜切割荷包吻合器,172-吻合器类,10-不区分,000--,172009,腔镜切割荷包吻合器,施爱德（厦门）医疗器材有限公司,,
C1101151731000000977,11-吻（缝）合器及附件,01-开放及微创手术通用吻 （缝）合器及附件,15-腔镜切割荷包吻合器钉仓（钉 匣）,173-吻合器适配钉 仓类,10-不区分,000--,173004,腔镜切割荷包吻合器钉仓 （钉匣）,施爱德（厦门）医疗器材有限公司,,
C1101161731100505107,11-吻（缝）合器及附件,01-开放及微创手术通用吻 （缝）合器及附件,16-管型吻合器钉仓（钉匣）,173-吻合器适配钉 仓类,11-纯钛,005-手动,173001,管型吻合器钉仓（钉匣）,常州市新能源吻合器总厂有限公司,,
C1101161731100507722,11-吻（缝）合器及附件,01-开放及微创手术通用吻 （缝）合器及附件,16-管型吻合器钉仓（钉匣）,173-吻合器适配钉 仓类,11-纯钛,005-手动,173001,管型吻合器钉仓（钉匣）,常州瑞索斯医疗设备有限公司,,
C1101161731100509820,11-吻（缝）合器及附件,01-开放及微创手术通用吻 （缝）合器及附件,16-管型吻合器钉仓（钉匣）,173-吻合器适配钉 仓类,11-纯钛,005-手动,173001,管型吻合器钉仓（钉匣）,常州市智业医疗仪器研究所有限公 司,,
C1102011721002400013,11-吻（缝）合器及附件,02-开放手术用吻（缝）合器 及附件,01-开放切割吻合器,172-吻合器类,10-不区分,024-一次性使用/直线,172101,开放直线型切割吻合器（一 次性使用）,常州安康医疗器械有限公司,,
C1102011721002400841,11-吻（缝）合器及附件,02-开放手术用吻（缝）合器 及附件,01-开放切割吻合器,172-吻合器类,10-不区分,024-一次性使用/直线,172101,开放直线型切割吻合器（一 次性使用）,苏州法兰克曼医疗器械有限公司,,
C1102011721002400942,11-吻（缝）合器及附件,02-开放手术用吻（缝）合器 及附件,01-开放切割吻合器,172-吻合器类,10-不区分,024-一次性使用/直线,172101,开放直线型切割吻合器（一 次性使用）,无锡市宇寿医疗器械有限公司,,
C1102011721002400943,11-吻（缝）合器及附件,02-开放手术用吻（缝）合器 及附件,01-开放切割吻合器,172-吻合器类,10-不区分,024-一次性使用/直线,172101,开放直线型切割吻合器（一 次性使用）,天津瑞奇外科器械股份有限公司,,
C1102011721002401105,11-吻（缝）合器及附件,02-开放手术用吻（缝）合器 及附件,01-开放切割吻合器,172-吻合器类,10-不区分,024-一次性使用/直线,172101,开放直线型切割吻合器（一 次性使用）,常州贺利氏微创医疗器械有限公司,,
C1102011721002401174,11-吻（缝）合器及附件,02-开放手术用吻（缝）合器 及附件,01-开放切割吻合器,172-吻合器类,10-不区分,024-一次性使用/直线,172101,开放直线型切割吻合器（一 次性使用）,上海迈诺仕医疗器械有限公司,,
C1102011721002401321,11-吻（缝）合器及附件,02-开放手术用吻（缝）合器 及附件,01-开放切割吻合器,172-吻合器类,10-不区分,024-一次性使用/直线,172101,开放直线型切割吻合器（一 次性使用）,江苏华夏医疗器械有限公司,,
C1102011721002401458,11-吻（缝）合器及附件,02-开放手术用吻（缝）合器 及附件,01-开放切割吻合器,172-吻合器类,10-不区分,024-一次性使用/直线,172101,开放直线型切割吻合器（一 次性使用）,无锡贝恩外科器械有限公司,,
C1102011721002401564,11-吻（缝）合器及附件,02-开放手术用吻（缝）合器 及附件,01-开放切割吻合器,172-吻合器类,10-不区分,024-一次性使用/直线,172101,开放直线型切割吻合器（一 次性使用）,江苏三联星海医疗器械有限公司,,
C1102011721002401600,11-吻（缝）合器及附件,02-开放手术用吻（缝）合器 及附件,01-开放切割吻合器,172-吻合器类,10-不区分,024-一次性使用/直线,172101,开放直线型切割吻合器（一 次性使用）,常州市久成电子设备有限公司,,
C1102011721002401933,11-吻（缝）合器及附件,02-开放手术用吻（缝）合器 及附件,01-开放切割吻合器,172-吻合器类,10-不区分,024-一次性使用/直线,172101,开放直线型切割吻合器（一 次性使用）,安徽国泰国瑞医疗科技有限公司,,
C1102011721002401959,11-吻（缝）合器及附件,02-开放手术用吻（缝）合器 及附件,01-开放切割吻合器,172-吻合器类,10-不区分,024-一次性使用/直线,172101,开放直线型切割吻合器（一 次性使用）,江苏博朗森思医疗器械有限公司,,
C1102011721002402088,11-吻（缝）合器及附件,02-开放手术用吻（缝）合器 及附件,01-开放切割吻合器,172-吻合器类,10-不区分,024-一次性使用/直线,172101,开放直线型切割吻合器（一 次性使用）,苏州贝诺医疗器械有限公司,,
C1102011721002402176,11-吻（缝）合器及附件,02-开放手术用吻（缝）合器 及附件,01-开放切割吻合器,172-吻合器类,10-不区分,024-一次性使用/直线,172101,开放直线型切割吻合器（一 次性使用）,无锡东峰怡和科技发展有限公司,,
C1102011721002402228,11-吻（缝）合器及附件,02-开放手术用吻（缝）合器 及附件,01-开放切割吻合器,172-吻合器类,10-不区分,024-一次性使用/直线,172101,开放直线型切割吻合器（一 次性使用）,常州科峰医疗科技有限公司,,
C1102011721002402275,11-吻（缝）合器及附件,02-开放手术用吻（缝）合器 及附件,01-开放切割吻合器,172-吻合器类,10-不区分,024-一次性使用/直线,172101,开放直线型切割吻合器（一 次性使用）,江苏特普优微创医疗科技有限公司,,
C1102011721002402326,11-吻（缝）合器及附件,02-开放手术用吻（缝）合器 及附件,01-开放切割吻合器,172-吻合器类,10-不区分,024-一次性使用/直线,172101,开放直线型切割吻合器（一 次性使用）,常州创捷微创医疗器械有限公司,,
C1102011721002402486,11-吻（缝）合器及附件,02-开放手术用吻（缝）合器 及附件,01-开放切割吻合器,172-吻合器类,10-不区分,024-一次性使用/直线,172101,开放直线型切割吻合器（一 次性使用）,河南省驼人医疗科技有限公司,,
C1102011721002402494,11-吻（缝）合器及附件,02-开放手术用吻（缝）合器 及附件,01-开放切割吻合器,172-吻合器类,10-不区分,024-一次性使用/直线,172101,开放直线型切割吻合器（一 次性使用）,北京天助畅运医疗技术股份有限公 司,,
C1102011721002402573,11-吻（缝）合器及附件,02-开放手术用吻（缝）合器 及附件,01-开放切割吻合器,172-吻合器类,10-不区分,024-一次性使用/直线,172101,开放直线型切割吻合器（一 次性使用）,普瑞斯星（常州）医疗器械有限公 司,,
C1102011721002402601,11-吻（缝）合器及附件,02-开放手术用吻（缝）合器 及附件,01-开放切割吻合器,172-吻合器类,10-不区分,024-一次性使用/直线,172101,开放直线型切割吻合器（一 次性使用）,常州洛克曼医疗器械有限公司,,
C1102011721002402707,11-吻（缝）合器及附件,02-开放手术用吻（缝）合器 及附件,01-开放切割吻合器,172-吻合器类,10-不区分,024-一次性使用/直线,172101,开放直线型切割吻合器（一 次性使用）,常州安克医疗科技有限公司,,
C1102011721002402776,11-吻（缝）合器及附件,02-开放手术用吻（缝）合器 及附件,01-开放切割吻合器,172-吻合器类,10-不区分,024-一次性使用/直线,172101,开放直线型切割吻合器（一 次性使用）,江苏钱璟医疗器械有限公司,,
C1102011721002402842,11-吻（缝）合器及附件,02-开放手术用吻（缝）合器 及附件,01-开放切割吻合器,172-吻合器类,10-不区分,024-一次性使用/直线,172101,开放直线型切割吻合器（一 次性使用）,江苏瑞安贝医疗器械有限公司,,
C1102011721002403237,11-吻（缝）合器及附件,02-开放手术用吻（缝）合器 及附件,01-开放切割吻合器,172-吻合器类,10-不区分,024-一次性使用/直线,172101,开放直线型切割吻合器（一 次性使用）,宝玛医疗科技（无锡）有限公司,,
C1102011721002403365,11-吻（缝）合器及附件,02-开放手术用吻（缝）合器 及附件,01-开放切割吻合器,172-吻合器类,10-不区分,024-一次性使用/直线,172101,开放直线型切割吻合器（一 次性使用）,上海迈思强医疗器械有限公司,,
C1102011721002403370,11-吻（缝）合器及附件,02-开放手术用吻（缝）合器 及附件,01-开放切割吻合器,172-吻合器类,10-不区分,024-一次性使用/直线,172101,开放直线型切割吻合器（一 次性使用）,泰戈斯医疗器械（江苏）有限公司,,
C1102011721002403585,11-吻（缝）合器及附件,02-开放手术用吻（缝）合器 及附件,01-开放切割吻合器,172-吻合器类,10-不区分,024-一次性使用/直线,172101,开放直线型切割吻合器（一 次性使用）,常州市微凯医疗科技有限公司,,
C1102011721002403675,11-吻（缝）合器及附件,02-开放手术用吻（缝）合器 及附件,01-开放切割吻合器,172-吻合器类,10-不区分,024-一次性使用/直线,172101,开放直线型切割吻合器（一 次性使用）,江苏海泽医疗科技发展有限公司,,
C1102011721002403800,11-吻（缝）合器及附件,02-开放手术用吻（缝）合器 及附件,01-开放切割吻合器,172-吻合器类,10-不区分,024-一次性使用/直线,172101,开放直线型切割吻合器（一 次性使用）,河北诺盛科创生物科技有限公司,,
C1102011721002404021,11-吻（缝）合器及附件,02-开放手术用吻（缝）合器 及附件,01-开放切割吻合器,172-吻合器类,10-不区分,024-一次性使用/直线,172101,开放直线型切割吻合器（一 次性使用）,无锡市瑞源普斯医疗器械有限公司,,
C1102011721002404119,11-吻（缝）合器及附件,02-开放手术用吻（缝）合器 及附件,01-开放切割吻合器,172-吻合器类,10-不区分,024-一次性使用/直线,172101,开放直线型切割吻合器（一 次性使用）,盈甲医疗器械制造（上海）有限公 司,,
C1102011721002404389,11-吻（缝）合器及附件,02-开放手术用吻（缝）合器 及附件,01-开放切割吻合器,172-吻合器类,10-不区分,024-一次性使用/直线,172101,开放直线型切割吻合器（一 次性使用）,威海威高富森医用材料有限公司,,
C1102011721002404638,11-吻（缝）合器及附件,02-开放手术用吻（缝）合器 及附件,01-开放切割吻合器,172-吻合器类,10-不区分,024-一次性使用/直线,172101,开放直线型切割吻合器（一 次性使用）,常州威克医疗器械有限公司,,
C1102011721002404690,11-吻（缝）合器及附件,02-开放手术用吻（缝）合器 及附件,01-开放切割吻合器,172-吻合器类,10-不区分,024-一次性使用/直线,172101,开放直线型切割吻合器（一 次性使用）,常州纳森医疗器械有限公司,,
C1102011721002405107,11-吻（缝）合器及附件,02-开放手术用吻（缝）合器 及附件,01-开放切割吻合器,172-吻合器类,10-不区分,024-一次性使用/直线,172101,开放直线型切割吻合器（一 次性使用）,常州市新能源吻合器总厂有限公司,,
C1102011721002406224,11-吻（缝）合器及附件,02-开放手术用吻（缝）合器 及附件,01-开放切割吻合器,172-吻合器类,10-不区分,024-一次性使用/直线,172101,开放直线型切割吻合器（一 次性使用）,江苏风和医疗器材股份有限公司,,
C1102011721002406352,11-吻（缝）合器及附件,02-开放手术用吻（缝）合器 及附件,01-开放切割吻合器,172-吻合器类,10-不区分,024-一次性使用/直线,172101,开放直线型切割吻合器（一 次性使用）,江苏通达医疗器械有限公司,,
C1102011721002406410,11-吻（缝）合器及附件,02-开放手术用吻（缝）合器 及附件,01-开放切割吻合器,172-吻合器类,10-不区分,024-一次性使用/直线,172101,开放直线型切割吻合器（一 次性使用）,常州华森医疗器械股份有限公司,,
C1102011721002406452,11-吻（缝）合器及附件,02-开放手术用吻（缝）合器 及附件,01-开放切割吻合器,172-吻合器类,10-不区分,024-一次性使用/直线,172101,开放直线型切割吻合器（一 次性使用）,无锡市神康医疗器械设备有限公司,,
C1102011721002406618,11-吻（缝）合器及附件,02-开放手术用吻（缝）合器 及附件,01-开放切割吻合器,172-吻合器类,10-不区分,024-一次性使用/直线,172101,开放直线型切割吻合器（一 次性使用）,江苏健瑞宝医疗科技股份有限公司,,
C1102011721002406759,11-吻（缝）合器及附件,02-开放手术用吻（缝）合器 及附件,01-开放切割吻合器,172-吻合器类,10-不区分,024-一次性使用/直线,172101,开放直线型切割吻合器（一 次性使用）,宁波维尔凯迪医疗器械有限公司,,
C1102011721002406823,11-吻（缝）合器及附件,02-开放手术用吻（缝）合器 及附件,01-开放切割吻合器,172-吻合器类,10-不区分,024-一次性使用/直线,172101,开放直线型切割吻合器（一 次性使用）,柯惠医疗器材国际贸易（上海）有 限公司,,
C1102011721002406855,11-吻（缝）合器及附件,02-开放手术用吻（缝）合器 及附件,01-开放切割吻合器,172-吻合器类,10-不区分,024-一次性使用/直线,172101,开放直线型切割吻合器（一 次性使用）,山东威瑞外科医用制品有限公司,,
C1102011721002406894,11-吻（缝）合器及附件,02-开放手术用吻（缝）合器 及附件,01-开放切割吻合器,172-吻合器类,10-不区分,024-一次性使用/直线,172101,开放直线型切割吻合器（一 次性使用）,南京迈迪欣医疗器械有限公司,,
C1102011721002407013,11-吻（缝）合器及附件,02-开放手术用吻（缝）合器 及附件,01-开放切割吻合器,172-吻合器类,10-不区分,024-一次性使用/直线,172101,开放直线型切割吻合器（一 次性使用）,无锡市舒康医疗器械有限公司,,
C1102011721002407030,11-吻（缝）合器及附件,02-开放手术用吻（缝）合器 及附件,01-开放切割吻合器,172-吻合器类,10-不区分,024-一次性使用/直线,172101,开放直线型切割吻合器（一 次性使用）,江苏凯尔特医疗科技有限公司,,
C1102011721002407079,11-吻（缝）合器及附件,02-开放手术用吻（缝）合器 及附件,01-开放切割吻合器,172-吻合器类,10-不区分,024-一次性使用/直线,172101,开放直线型切割吻合器（一 次性使用）,常州同创医疗器械科技有限公司,,
C1102011721002407185,11-吻（缝）合器及附件,02-开放手术用吻（缝）合器 及附件,01-开放切割吻合器,172-吻合器类,10-不区分,024-一次性使用/直线,172101,开放直线型切割吻合器（一 次性使用）,常州伊沃特医疗器械有限公司,,
C1102011721002407197,11-吻（缝）合器及附件,02-开放手术用吻（缝）合器 及附件,01-开放切割吻合器,172-吻合器类,10-不区分,024-一次性使用/直线,172101,开放直线型切割吻合器（一 次性使用）,常州海尔斯医疗器械科技有限公司,,
C1102011721002407284,11-吻（缝）合器及附件,02-开放手术用吻（缝）合器 及附件,01-开放切割吻合器,172-吻合器类,10-不区分,024-一次性使用/直线,172101,开放直线型切割吻合器（一 次性使用）,微至（苏州）医疗科技有限公司,,
C1102011721002407341,11-吻（缝）合器及附件,02-开放手术用吻（缝）合器 及附件,01-开放切割吻合器,172-吻合器类,10-不区分,024-一次性使用/直线,172101,开放直线型切割吻合器（一 次性使用）,无锡博康医疗器械有限公司,,
C1102011721002407429,11-吻（缝）合器及附件,02-开放手术用吻（缝）合器 及附件,01-开放切割吻合器,172-吻合器类,10-不区分,024-一次性使用/直线,172101,开放直线型切割吻合器（一 次性使用）,天臣国际医疗科技股份有限公司,,
C1102011721002407507,11-吻（缝）合器及附件,02-开放手术用吻（缝）合器 及附件,01-开放切割吻合器,172-吻合器类,10-不区分,024-一次性使用/直线,172101,开放直线型切割吻合器（一 次性使用）,北京博辉瑞进生物科技有限公司,,
C1102011721002407722,11-吻（缝）合器及附件,02-开放手术用吻（缝）合器 及附件,01-开放切割吻合器,172-吻合器类,10-不区分,024-一次性使用/直线,172101,开放直线型切割吻合器（一 次性使用）,常州瑞索斯医疗设备有限公司,,
C1102011721002407805,11-吻（缝）合器及附件,02-开放手术用吻（缝）合器 及附件,01-开放切割吻合器,172-吻合器类,10-不区分,024-一次性使用/直线,172101,开放直线型切割吻合器（一 次性使用）,湖南豌豆医疗用品有限公司,,
C1102011721002408019,11-吻（缝）合器及附件,02-开放手术用吻（缝）合器 及附件,01-开放切割吻合器,172-吻合器类,10-不区分,024-一次性使用/直线,172101,开放直线型切割吻合器（一 次性使用）,江苏瑞普医疗器械科技有限公司,,
C1102011721002408304,11-吻（缝）合器及附件,02-开放手术用吻（缝）合器 及附件,01-开放切割吻合器,172-吻合器类,10-不区分,024-一次性使用/直线,172101,开放直线型切割吻合器（一 次性使用）,强生（苏州）医疗器材有限公司,,
C1102011721002408340,11-吻（缝）合器及附件,02-开放手术用吻（缝）合器 及附件,01-开放切割吻合器,172-吻合器类,10-不区分,024-一次性使用/直线,172101,开放直线型切割吻合器（一 次性使用）,振德医疗用品股份有限公司,,
C1102011721002408414,11-吻（缝）合器及附件,02-开放手术用吻（缝）合器 及附件,01-开放切割吻合器,172-吻合器类,10-不区分,024-一次性使用/直线,172101,开放直线型切割吻合器（一 次性使用）,北京派尔特医疗科技股份有限公司,,
C1102011721002408471,11-吻（缝）合器及附件,02-开放手术用吻（缝）合器 及附件,01-开放切割吻合器,172-吻合器类,10-不区分,024-一次性使用/直线,172101,开放直线型切割吻合器（一 次性使用）,江苏明朗医疗器械科技有限公司,,
C1102011721002408486,11-吻（缝）合器及附件,02-开放手术用吻（缝）合器 及附件,01-开放切割吻合器,172-吻合器类,10-不区分,024-一次性使用/直线,172101,开放直线型切割吻合器（一 次性使用）,浙江格宜医疗器械有限公司,,
C1102011721002408631,11-吻（缝）合器及附件,02-开放手术用吻（缝）合器 及附件,01-开放切割吻合器,172-吻合器类,10-不区分,024-一次性使用/直线,172101,开放直线型切割吻合器（一 次性使用）,河南省健琪医疗器械有限公司,,
C1102011721002408889,11-吻（缝）合器及附件,02-开放手术用吻（缝）合器 及附件,01-开放切割吻合器,172-吻合器类,10-不区分,024-一次性使用/直线,172101,开放直线型切割吻合器（一 次性使用）,湖南康呈医疗科技有限公司,,
C1102011721002409051,11-吻（缝）合器及附件,02-开放手术用吻（缝）合器 及附件,01-开放切割吻合器,172-吻合器类,10-不区分,024-一次性使用/直线,172101,开放直线型切割吻合器（一 次性使用）,江苏冠创医疗科技有限公司,,
C1102011721002409071,11-吻（缝）合器及附件,02-开放手术用吻（缝）合器 及附件,01-开放切割吻合器,172-吻合器类,10-不区分,024-一次性使用/直线,172101,开放直线型切割吻合器（一 次性使用）,江苏泓正医疗科技有限公司,,
C1102011721002409098,11-吻（缝）合器及附件,02-开放手术用吻（缝）合器 及附件,01-开放切割吻合器,172-吻合器类,10-不区分,024-一次性使用/直线,172101,开放直线型切割吻合器（一 次性使用）,强生（上海）医疗器材有限公司,,
C1102011721002409495,11-吻（缝）合器及附件,02-开放手术用吻（缝）合器 及附件,01-开放切割吻合器,172-吻合器类,10-不区分,024-一次性使用/直线,172101,开放直线型切割吻合器（一 次性使用）,常州医疗器材总厂股份有限公司,,
C1102011721002409550,11-吻（缝）合器及附件,02-开放手术用吻（缝）合器 及附件,01-开放切割吻合器,172-吻合器类,10-不区分,024-一次性使用/直线,172101,开放直线型切割吻合器（一 次性使用）,江苏臣诺医疗器械有限公司,,
C1102011721002409709,11-吻（缝）合器及附件,02-开放手术用吻（缝）合器 及附件,01-开放切割吻合器,172-吻合器类,10-不区分,024-一次性使用/直线,172101,开放直线型切割吻合器（一 次性使用）,常州市海达医疗器械有限公司,,
C1102011721002409820,11-吻（缝）合器及附件,02-开放手术用吻（缝）合器 及附件,01-开放切割吻合器,172-吻合器类,10-不区分,024-一次性使用/直线,172101,开放直线型切割吻合器（一 次性使用）,常州市智业医疗仪器研究所有限公 司,,
C1102011721002409979,11-吻（缝）合器及附件,02-开放手术用吻（缝）合器 及附件,01-开放切割吻合器,172-吻合器类,10-不区分,024-一次性使用/直线,172101,开放直线型切割吻合器（一 次性使用）,上海逸思医疗科技股份有限公司,,
C1102011721002410084,11-吻（缝）合器及附件,02-开放手术用吻（缝）合器 及附件,01-开放切割吻合器,172-吻合器类,10-不区分,024-一次性使用/直线,172101,开放直线型切割吻合器（一 次性使用）,宁波海泰科迈医疗器械有限公司,,
C1102011721002410088,11-吻（缝）合器及附件,02-开放手术用吻（缝）合器 及附件,01-开放切割吻合器,172-吻合器类,10-不区分,024-一次性使用/直线,172101,开放直线型切割吻合器（一 次性使用）,青岛中惠圣熙生物工程有限公司,,
C1102011721002410203,11-吻（缝）合器及附件,02-开放手术用吻（缝）合器 及附件,01-开放切割吻合器,172-吻合器类,10-不区分,024-一次性使用/直线,172101,开放直线型切割吻合器（一 次性使用）,普瑞德医疗器械科技江苏有限公司,,
C1102011721002410208,11-吻（缝）合器及附件,02-开放手术用吻（缝）合器 及附件,01-开放切割吻合器,172-吻合器类,10-不区分,024-一次性使用/直线,172101,开放直线型切割吻合器（一 次性使用）,杭州康基医疗器械有限公司,,
C1102011721002410236,11-吻（缝）合器及附件,02-开放手术用吻（缝）合器 及附件,01-开放切割吻合器,172-吻合器类,10-不区分,024-一次性使用/直线,172101,开放直线型切割吻合器（一 次性使用）,湖南三瑞生物科技有限责任公司,,
C1102011721002410394,11-吻（缝）合器及附件,02-开放手术用吻（缝）合器 及附件,01-开放切割吻合器,172-吻合器类,10-不区分,024-一次性使用/直线,172101,开放直线型切割吻合器（一 次性使用）,重庆迈科唯医疗科技有限公司,,
C1102011721002410420,11-吻（缝）合器及附件,02-开放手术用吻（缝）合器 及附件,01-开放切割吻合器,172-吻合器类,10-不区分,024-一次性使用/直线,172101,开放直线型切割吻合器（一 次性使用）,常州市康迪医用吻合器有限公司,,
C1102011721002410562,11-吻（缝）合器及附件,02-开放手术用吻（缝）合器 及附件,01-开放切割吻合器,172-吻合器类,10-不区分,024-一次性使用/直线,172101,开放直线型切割吻合器（一 次性使用）,南京嘉威医疗器械有限责任公司,,
C1102011721002410602,11-吻（缝）合器及附件,02-开放手术用吻（缝）合器 及附件,01-开放切割吻合器,172-吻合器类,10-不区分,024-一次性使用/直线,172101,开放直线型切割吻合器（一 次性使用）,常州智力微创医疗器械有限公司,,
C1102011721002410705,11-吻（缝）合器及附件,02-开放手术用吻（缝）合器 及附件,01-开放切割吻合器,172-吻合器类,10-不区分,024-一次性使用/直线,172101,开放直线型切割吻合器（一 次性使用）,河南盛华医疗器械有限公司,,
C1102011721002411155,11-吻（缝）合器及附件,02-开放手术用吻（缝）合器 及附件,01-开放切割吻合器,172-吻合器类,10-不区分,024-一次性使用/直线,172101,开放直线型切割吻合器（一 次性使用）,欣瑞德（江苏）医疗科技有限公司,,
C1102011721002411178,11-吻（缝）合器及附件,02-开放手术用吻（缝）合器 及附件,01-开放切割吻合器,172-吻合器类,10-不区分,024-一次性使用/直线,172101,开放直线型切割吻合器（一 次性使用）,北京普润医疗器械有限公司,,
C1102011721002411352,11-吻（缝）合器及附件,02-开放手术用吻（缝）合器 及附件,01-开放切割吻合器,172-吻合器类,10-不区分,024-一次性使用/直线,172101,开放直线型切割吻合器（一 次性使用）,苏州朗特斯医疗科技有限公司,,
C1102011721002411432,11-吻（缝）合器及附件,02-开放手术用吻（缝）合器 及附件,01-开放切割吻合器,172-吻合器类,10-不区分,024-一次性使用/直线,172101,开放直线型切割吻合器（一 次性使用）,江苏康赛医疗器械科技有限公司,,
C1102011721002411452,11-吻（缝）合器及附件,02-开放手术用吻（缝）合器 及附件,01-开放切割吻合器,172-吻合器类,10-不区分,024-一次性使用/直线,172101,开放直线型切割吻合器（一 次性使用）,江苏百纳医疗科技有限公司,,
C1102011721002411492,11-吻（缝）合器及附件,02-开放手术用吻（缝）合器 及附件,01-开放切割吻合器,172-吻合器类,10-不区分,024-一次性使用/直线,172101,开放直线型切割吻合器（一 次性使用）,江苏柯汇医疗科技有限公司,,
C1102011721002411552,11-吻（缝）合器及附件,02-开放手术用吻（缝）合器 及附件,01-开放切割吻合器,172-吻合器类,10-不区分,024-一次性使用/直线,172101,开放直线型切割吻合器（一 次性使用）,重庆德川医疗器械有限公司,,
C1102011721002411594,11-吻（缝）合器及附件,02-开放手术用吻（缝）合器 及附件,01-开放切割吻合器,172-吻合器类,10-不区分,024-一次性使用/直线,172101,开放直线型切割吻合器（一 次性使用）,河北卫崭医疗科技有限公司,,
C1102011721002411721,11-吻（缝）合器及附件,02-开放手术用吻（缝）合器 及附件,01-开放切割吻合器,172-吻合器类,10-不区分,024-一次性使用/直线,172101,开放直线型切割吻合器（一 次性使用）,四川双陆医疗器械有限公司,,
C1102011721002411797,11-吻（缝）合器及附件,02-开放手术用吻（缝）合器 及附件,01-开放切割吻合器,172-吻合器类,10-不区分,024-一次性使用/直线,172101,开放直线型切割吻合器（一 次性使用）,江西国康实业有限公司,,
C1102011721002411809,11-吻（缝）合器及附件,02-开放手术用吻（缝）合器 及附件,01-开放切割吻合器,172-吻合器类,10-不区分,024-一次性使用/直线,172101,开放直线型切割吻合器（一 次性使用）,湖南思捷泰克医疗科技有限公司,,
C1102011721002411953,11-吻（缝）合器及附件,02-开放手术用吻（缝）合器 及附件,01-开放切割吻合器,172-吻合器类,10-不区分,024-一次性使用/直线,172101,开放直线型切割吻合器（一 次性使用）,康晴（江苏）医疗科技有限公司,,
C1102011721002412276,11-吻（缝）合器及附件,02-开放手术用吻（缝）合器 及附件,01-开放切割吻合器,172-吻合器类,10-不区分,024-一次性使用/直线,172101,开放直线型切割吻合器（一 次性使用）,镁格生物科技（江苏）有限公司,,
C1102011721002412643,11-吻（缝）合器及附件,02-开放手术用吻（缝）合器 及附件,01-开放切割吻合器,172-吻合器类,10-不区分,024-一次性使用/直线,172101,开放直线型切割吻合器（一 次性使用）,江苏瑞晟医疗器械有限公司,,
C1102011721002413633,11-吻（缝）合器及附件,02-开放手术用吻（缝）合器 及附件,01-开放切割吻合器,172-吻合器类,10-不区分,024-一次性使用/直线,172101,开放直线型切割吻合器（一 次性使用）,湖南浣然医疗科技有限公司,,
C1102011721002413748,11-吻（缝）合器及附件,02-开放手术用吻（缝）合器 及附件,01-开放切割吻合器,172-吻合器类,10-不区分,024-一次性使用/直线,172101,开放直线型切割吻合器（一 次性使用）,江苏乾康医疗器械有限公司,,
C1102011721002414419,11-吻（缝）合器及附件,02-开放手术用吻（缝）合器 及附件,01-开放切割吻合器,172-吻合器类,10-不区分,024-一次性使用/直线,172101,开放直线型切割吻合器（一 次性使用）,江西汉普医疗科技有限公司,,
C1102011721002416022,11-吻（缝）合器及附件,02-开放手术用吻（缝）合器 及附件,01-开放切割吻合器,172-吻合器类,10-不区分,024-一次性使用/直线,172101,开放直线型切割吻合器（一 次性使用）,江苏京品医疗科技有限公司,,
C1102011721002416882,11-吻（缝）合器及附件,02-开放手术用吻（缝）合器 及附件,01-开放切割吻合器,172-吻合器类,10-不区分,024-一次性使用/直线,172101,开放直线型切割吻合器（一 次性使用）,长沙乐普外科医疗器械有限公司,,
C1102011721002417064,11-吻（缝）合器及附件,02-开放手术用吻（缝）合器 及附件,01-开放切割吻合器,172-吻合器类,10-不区分,024-一次性使用/直线,172101,开放直线型切割吻合器（一 次性使用）,湖南辰润医疗科技有限公司,,
C1102011721002417657,11-吻（缝）合器及附件,02-开放手术用吻（缝）合器 及附件,01-开放切割吻合器,172-吻合器类,10-不区分,024-一次性使用/直线,172101,开放直线型切割吻合器（一 次性使用）,苏州越众生物科技有限公司,,
C1102011721002417734,11-吻（缝）合器及附件,02-开放手术用吻（缝）合器 及附件,01-开放切割吻合器,172-吻合器类,10-不区分,024-一次性使用/直线,172101,开放直线型切割吻合器（一 次性使用）,江苏安欣医疗科技有限公司,,
C1102011721002419946,11-吻（缝）合器及附件,02-开放手术用吻（缝）合器 及附件,01-开放切割吻合器,172-吻合器类,10-不区分,024-一次性使用/直线,172101,开放直线型切割吻合器（一 次性使用）,苏州科曼医疗器械有限公司,,
C1102011721002421161,11-吻（缝）合器及附件,02-开放手术用吻（缝）合器 及附件,01-开放切割吻合器,172-吻合器类,10-不区分,024-一次性使用/直线,172101,开放直线型切割吻合器（一 次性使用）,江苏泰科博曼医疗器械有限公司,,
C1102011721002423434,11-吻（缝）合器及附件,02-开放手术用吻（缝）合器 及附件,01-开放切割吻合器,172-吻合器类,10-不区分,024-一次性使用/直线,172101,开放直线型切割吻合器（一 次性使用）,江苏芙肽生物科技有限公司,,
C1102011721002424436,11-吻（缝）合器及附件,02-开放手术用吻（缝）合器 及附件,01-开放切割吻合器,172-吻合器类,10-不区分,024-一次性使用/直线,172101,开放直线型切割吻合器（一 次性使用）,大瓷生物医疗科技（江苏）有限公 司,,
C1102011721002500013,11-吻（缝）合器及附件,02-开放手术用吻（缝）合器 及附件,01-开放切割吻合器,172-吻合器类,10-不区分,025-一次性使用/弧形,172103,开放弧线型切割吻合器（一 次性使用）,常州安康医疗器械有限公司,,
C1102011721002501105,11-吻（缝）合器及附件,02-开放手术用吻（缝）合器 及附件,01-开放切割吻合器,172-吻合器类,10-不区分,025-一次性使用/弧形,172103,开放弧线型切割吻合器（一 次性使用）,常州贺利氏微创医疗器械有限公司,,
C1102011721002501321,11-吻（缝）合器及附件,02-开放手术用吻（缝）合器 及附件,01-开放切割吻合器,172-吻合器类,10-不区分,025-一次性使用/弧形,172103,开放弧线型切割吻合器（一 次性使用）,江苏华夏医疗器械有限公司,,
C1102011721002501564,11-吻（缝）合器及附件,02-开放手术用吻（缝）合器 及附件,01-开放切割吻合器,172-吻合器类,10-不区分,025-一次性使用/弧形,172103,开放弧线型切割吻合器（一 次性使用）,江苏三联星海医疗器械有限公司,,
C1102011721002501600,11-吻（缝）合器及附件,02-开放手术用吻（缝）合器 及附件,01-开放切割吻合器,172-吻合器类,10-不区分,025-一次性使用/弧形,172103,开放弧线型切割吻合器（一 次性使用）,常州市久成电子设备有限公司,,
C1102011721002501933,11-吻（缝）合器及附件,02-开放手术用吻（缝）合器 及附件,01-开放切割吻合器,172-吻合器类,10-不区分,025-一次性使用/弧形,172103,开放弧线型切割吻合器（一 次性使用）,安徽国泰国瑞医疗科技有限公司,,
C1102011721002501959,11-吻（缝）合器及附件,02-开放手术用吻（缝）合器 及附件,01-开放切割吻合器,172-吻合器类,10-不区分,025-一次性使用/弧形,172103,开放弧线型切割吻合器（一 次性使用）,江苏博朗森思医疗器械有限公司,,
C1102011721002502176,11-吻（缝）合器及附件,02-开放手术用吻（缝）合器 及附件,01-开放切割吻合器,172-吻合器类,10-不区分,025-一次性使用/弧形,172103,开放弧线型切割吻合器（一 次性使用）,无锡东峰怡和科技发展有限公司,,
C1102011721002502326,11-吻（缝）合器及附件,02-开放手术用吻（缝）合器 及附件,01-开放切割吻合器,172-吻合器类,10-不区分,025-一次性使用/弧形,172103,开放弧线型切割吻合器（一 次性使用）,常州创捷微创医疗器械有限公司,,
C1102011721002502412,11-吻（缝）合器及附件,02-开放手术用吻（缝）合器 及附件,01-开放切割吻合器,172-吻合器类,10-不区分,025-一次性使用/弧形,172103,开放弧线型切割吻合器（一 次性使用）,常州生物医学工程有限公司,,
C1102011721002502573,11-吻（缝）合器及附件,02-开放手术用吻（缝）合器 及附件,01-开放切割吻合器,172-吻合器类,10-不区分,025-一次性使用/弧形,172103,开放弧线型切割吻合器（一 次性使用）,普瑞斯星（常州）医疗器械有限公 司,,
C1102011721002502601,11-吻（缝）合器及附件,02-开放手术用吻（缝）合器 及附件,01-开放切割吻合器,172-吻合器类,10-不区分,025-一次性使用/弧形,172103,开放弧线型切割吻合器（一 次性使用）,常州洛克曼医疗器械有限公司,,
C1102011721002502776,11-吻（缝）合器及附件,02-开放手术用吻（缝）合器 及附件,01-开放切割吻合器,172-吻合器类,10-不区分,025-一次性使用/弧形,172103,开放弧线型切割吻合器（一 次性使用）,江苏钱璟医疗器械有限公司,,
C1102011721002502842,11-吻（缝）合器及附件,02-开放手术用吻（缝）合器 及附件,01-开放切割吻合器,172-吻合器类,10-不区分,025-一次性使用/弧形,172103,开放弧线型切割吻合器（一 次性使用）,江苏瑞安贝医疗器械有限公司,,
C1102011721002503585,11-吻（缝）合器及附件,02-开放手术用吻（缝）合器 及附件,01-开放切割吻合器,172-吻合器类,10-不区分,025-一次性使用/弧形,172103,开放弧线型切割吻合器（一 次性使用）,常州市微凯医疗科技有限公司,,
C1102011721002504021,11-吻（缝）合器及附件,02-开放手术用吻（缝）合器 及附件,01-开放切割吻合器,172-吻合器类,10-不区分,025-一次性使用/弧形,172103,开放弧线型切割吻合器（一 次性使用）,无锡市瑞源普斯医疗器械有限公司,,
C1102011721002504389,11-吻（缝）合器及附件,02-开放手术用吻（缝）合器 及附件,01-开放切割吻合器,172-吻合器类,10-不区分,025-一次性使用/弧形,172103,开放弧线型切割吻合器（一 次性使用）,威海威高富森医用材料有限公司,,
C1102011721002504638,11-吻（缝）合器及附件,02-开放手术用吻（缝）合器 及附件,01-开放切割吻合器,172-吻合器类,10-不区分,025-一次性使用/弧形,172103,开放弧线型切割吻合器（一 次性使用）,常州威克医疗器械有限公司,,
C1102011721002504690,11-吻（缝）合器及附件,02-开放手术用吻（缝）合器 及附件,01-开放切割吻合器,172-吻合器类,10-不区分,025-一次性使用/弧形,172103,开放弧线型切割吻合器（一 次性使用）,常州纳森医疗器械有限公司,,
C1102011721002506224,11-吻（缝）合器及附件,02-开放手术用吻（缝）合器 及附件,01-开放切割吻合器,172-吻合器类,10-不区分,025-一次性使用/弧形,172103,开放弧线型切割吻合器（一 次性使用）,江苏风和医疗器材股份有限公司,,
C1102011721002506352,11-吻（缝）合器及附件,02-开放手术用吻（缝）合器 及附件,01-开放切割吻合器,172-吻合器类,10-不区分,025-一次性使用/弧形,172103,开放弧线型切割吻合器（一 次性使用）,江苏通达医疗器械有限公司,,
C1102011721002506410,11-吻（缝）合器及附件,02-开放手术用吻（缝）合器 及附件,01-开放切割吻合器,172-吻合器类,10-不区分,025-一次性使用/弧形,172103,开放弧线型切割吻合器（一 次性使用）,常州华森医疗器械股份有限公司,,
C1102011721002506452,11-吻（缝）合器及附件,02-开放手术用吻（缝）合器 及附件,01-开放切割吻合器,172-吻合器类,10-不区分,025-一次性使用/弧形,172103,开放弧线型切割吻合器（一 次性使用）,无锡市神康医疗器械设备有限公司,,
C1102011721002506618,11-吻（缝）合器及附件,02-开放手术用吻（缝）合器 及附件,01-开放切割吻合器,172-吻合器类,10-不区分,025-一次性使用/弧形,172103,开放弧线型切割吻合器（一 次性使用）,江苏健瑞宝医疗科技股份有限公司,,
C1102011721002506759,11-吻（缝）合器及附件,02-开放手术用吻（缝）合器 及附件,01-开放切割吻合器,172-吻合器类,10-不区分,025-一次性使用/弧形,172103,开放弧线型切割吻合器（一 次性使用）,宁波维尔凯迪医疗器械有限公司,,
C1102011721002507013,11-吻（缝）合器及附件,02-开放手术用吻（缝）合器 及附件,01-开放切割吻合器,172-吻合器类,10-不区分,025-一次性使用/弧形,172103,开放弧线型切割吻合器（一 次性使用）,无锡市舒康医疗器械有限公司,,
C1102011721002507030,11-吻（缝）合器及附件,02-开放手术用吻（缝）合器 及附件,01-开放切割吻合器,172-吻合器类,10-不区分,025-一次性使用/弧形,172103,开放弧线型切割吻合器（一 次性使用）,江苏凯尔特医疗科技有限公司,,
C1102011721002507079,11-吻（缝）合器及附件,02-开放手术用吻（缝）合器 及附件,01-开放切割吻合器,172-吻合器类,10-不区分,025-一次性使用/弧形,172103,开放弧线型切割吻合器（一 次性使用）,常州同创医疗器械科技有限公司,,
C1102011721002507185,11-吻（缝）合器及附件,02-开放手术用吻（缝）合器 及附件,01-开放切割吻合器,172-吻合器类,10-不区分,025-一次性使用/弧形,172103,开放弧线型切割吻合器（一 次性使用）,常州伊沃特医疗器械有限公司,,
C1102011721002507197,11-吻（缝）合器及附件,02-开放手术用吻（缝）合器 及附件,01-开放切割吻合器,172-吻合器类,10-不区分,025-一次性使用/弧形,172103,开放弧线型切割吻合器（一 次性使用）,常州海尔斯医疗器械科技有限公司,,
C1102011721002507341,11-吻（缝）合器及附件,02-开放手术用吻（缝）合器 及附件,01-开放切割吻合器,172-吻合器类,10-不区分,025-一次性使用/弧形,172103,开放弧线型切割吻合器（一 次性使用）,无锡博康医疗器械有限公司,,
C1102011721002507722,11-吻（缝）合器及附件,02-开放手术用吻（缝）合器 及附件,01-开放切割吻合器,172-吻合器类,10-不区分,025-一次性使用/弧形,172103,开放弧线型切割吻合器（一 次性使用）,常州瑞索斯医疗设备有限公司,,
C1102011721002508019,11-吻（缝）合器及附件,02-开放手术用吻（缝）合器 及附件,01-开放切割吻合器,172-吻合器类,10-不区分,025-一次性使用/弧形,172103,开放弧线型切割吻合器（一 次性使用）,江苏瑞普医疗器械科技有限公司,,
C1102011721002508471,11-吻（缝）合器及附件,02-开放手术用吻（缝）合器 及附件,01-开放切割吻合器,172-吻合器类,10-不区分,025-一次性使用/弧形,172103,开放弧线型切割吻合器（一 次性使用）,江苏明朗医疗器械科技有限公司,,
C1102011721002508631,11-吻（缝）合器及附件,02-开放手术用吻（缝）合器 及附件,01-开放切割吻合器,172-吻合器类,10-不区分,025-一次性使用/弧形,172103,开放弧线型切割吻合器（一 次性使用）,河南省健琪医疗器械有限公司,,
C1102011721002509051,11-吻（缝）合器及附件,02-开放手术用吻（缝）合器 及附件,01-开放切割吻合器,172-吻合器类,10-不区分,025-一次性使用/弧形,172103,开放弧线型切割吻合器（一 次性使用）,江苏冠创医疗科技有限公司,,
C1102011721002509071,11-吻（缝）合器及附件,02-开放手术用吻（缝）合器 及附件,01-开放切割吻合器,172-吻合器类,10-不区分,025-一次性使用/弧形,172103,开放弧线型切割吻合器（一 次性使用）,江苏泓正医疗科技有限公司,,
C1102011721002509098,11-吻（缝）合器及附件,02-开放手术用吻（缝）合器 及附件,01-开放切割吻合器,172-吻合器类,10-不区分,025-一次性使用/弧形,172103,开放弧线型切割吻合器（一 次性使用）,强生（上海）医疗器材有限公司,,
C1102011721002509709,11-吻（缝）合器及附件,02-开放手术用吻（缝）合器 及附件,01-开放切割吻合器,172-吻合器类,10-不区分,025-一次性使用/弧形,172103,开放弧线型切割吻合器（一 次性使用）,常州市海达医疗器械有限公司,,
C1102011721002509820,11-吻（缝）合器及附件,02-开放手术用吻（缝）合器 及附件,01-开放切割吻合器,172-吻合器类,10-不区分,025-一次性使用/弧形,172103,开放弧线型切割吻合器（一 次性使用）,常州市智业医疗仪器研究所有限公 司,,
C1102011721002510088,11-吻（缝）合器及附件,02-开放手术用吻（缝）合器 及附件,01-开放切割吻合器,172-吻合器类,10-不区分,025-一次性使用/弧形,172103,开放弧线型切割吻合器（一 次性使用）,青岛中惠圣熙生物工程有限公司,,
C1102011721002510203,11-吻（缝）合器及附件,02-开放手术用吻（缝）合器 及附件,01-开放切割吻合器,172-吻合器类,10-不区分,025-一次性使用/弧形,172103,开放弧线型切割吻合器（一 次性使用）,普瑞德医疗器械科技江苏有限公司,,
C1102011721002510208,11-吻（缝）合器及附件,02-开放手术用吻（缝）合器 及附件,01-开放切割吻合器,172-吻合器类,10-不区分,025-一次性使用/弧形,172103,开放弧线型切割吻合器（一 次性使用）,杭州康基医疗器械有限公司,,
C1102011721002510420,11-吻（缝）合器及附件,02-开放手术用吻（缝）合器 及附件,01-开放切割吻合器,172-吻合器类,10-不区分,025-一次性使用/弧形,172103,开放弧线型切割吻合器（一 次性使用）,常州市康迪医用吻合器有限公司,,
C1102011721002510705,11-吻（缝）合器及附件,02-开放手术用吻（缝）合器 及附件,01-开放切割吻合器,172-吻合器类,10-不区分,025-一次性使用/弧形,172103,开放弧线型切割吻合器（一 次性使用）,河南盛华医疗器械有限公司,,
C1102011721002511155,11-吻（缝）合器及附件,02-开放手术用吻（缝）合器 及附件,01-开放切割吻合器,172-吻合器类,10-不区分,025-一次性使用/弧形,172103,开放弧线型切割吻合器（一 次性使用）,欣瑞德（江苏）医疗科技有限公司,,
C1102011721002511492,11-吻（缝）合器及附件,02-开放手术用吻（缝）合器 及附件,01-开放切割吻合器,172-吻合器类,10-不区分,025-一次性使用/弧形,172103,开放弧线型切割吻合器（一 次性使用）,江苏柯汇医疗科技有限公司,,
C1102011721002511552,11-吻（缝）合器及附件,02-开放手术用吻（缝）合器 及附件,01-开放切割吻合器,172-吻合器类,10-不区分,025-一次性使用/弧形,172103,开放弧线型切割吻合器（一 次性使用）,重庆德川医疗器械有限公司,,
C1102011721002511713,11-吻（缝）合器及附件,02-开放手术用吻（缝）合器 及附件,01-开放切割吻合器,172-吻合器类,10-不区分,025-一次性使用/弧形,172103,开放弧线型切割吻合器（一 次性使用）,南京竹海生物科技有限公司,,
C1102011721002511953,11-吻（缝）合器及附件,02-开放手术用吻（缝）合器 及附件,01-开放切割吻合器,172-吻合器类,10-不区分,025-一次性使用/弧形,172103,开放弧线型切割吻合器（一 次性使用）,康晴（江苏）医疗科技有限公司,,
C1102011721002512276,11-吻（缝）合器及附件,02-开放手术用吻（缝）合器 及附件,01-开放切割吻合器,172-吻合器类,10-不区分,025-一次性使用/弧形,172103,开放弧线型切割吻合器（一 次性使用）,镁格生物科技（江苏）有限公司,,
C1102011721002512643,11-吻（缝）合器及附件,02-开放手术用吻（缝）合器 及附件,01-开放切割吻合器,172-吻合器类,10-不区分,025-一次性使用/弧形,172103,开放弧线型切割吻合器（一 次性使用）,江苏瑞晟医疗器械有限公司,,
C1102011721002513748,11-吻（缝）合器及附件,02-开放手术用吻（缝）合器 及附件,01-开放切割吻合器,172-吻合器类,10-不区分,025-一次性使用/弧形,172103,开放弧线型切割吻合器（一 次性使用）,江苏乾康医疗器械有限公司,,
C1102011721002514419,11-吻（缝）合器及附件,02-开放手术用吻（缝）合器 及附件,01-开放切割吻合器,172-吻合器类,10-不区分,025-一次性使用/弧形,172103,开放弧线型切割吻合器（一 次性使用）,江西汉普医疗科技有限公司,,
C1102011721002516022,11-吻（缝）合器及附件,02-开放手术用吻（缝）合器 及附件,01-开放切割吻合器,172-吻合器类,10-不区分,025-一次性使用/弧形,172103,开放弧线型切割吻合器（一 次性使用）,江苏京品医疗科技有限公司,,
C1102011721002519595,11-吻（缝）合器及附件,02-开放手术用吻（缝）合器 及附件,01-开放切割吻合器,172-吻合器类,10-不区分,025-一次性使用/弧形,172103,开放弧线型切割吻合器（一 次性使用）,厦门星火微光医疗器械制造有限公 司,,
C1102021731102800013,11-吻（缝）合器及附件,02-开放手术用吻（缝）合器 及附件,02-开放切割吻合器钉仓（钉匣）,173-吻合器适配钉 仓类,11-纯钛,028-直线,173101,开放直线型切割吻合器钉仓 （钉匣）,常州安康医疗器械有限公司,,
C1102021731102800841,11-吻（缝）合器及附件,02-开放手术用吻（缝）合器 及附件,02-开放切割吻合器钉仓（钉匣）,173-吻合器适配钉 仓类,11-纯钛,028-直线,173101,开放直线型切割吻合器钉仓 （钉匣）,苏州法兰克曼医疗器械有限公司,,
C1102021731102800942,11-吻（缝）合器及附件,02-开放手术用吻（缝）合器 及附件,02-开放切割吻合器钉仓（钉匣）,173-吻合器适配钉 仓类,11-纯钛,028-直线,173101,开放直线型切割吻合器钉仓 （钉匣）,无锡市宇寿医疗器械有限公司,,
C1102021731102800943,11-吻（缝）合器及附件,02-开放手术用吻（缝）合器 及附件,02-开放切割吻合器钉仓（钉匣）,173-吻合器适配钉 仓类,11-纯钛,028-直线,173101,开放直线型切割吻合器钉仓 （钉匣）,天津瑞奇外科器械股份有限公司,,
C1102021731102801105,11-吻（缝）合器及附件,02-开放手术用吻（缝）合器 及附件,02-开放切割吻合器钉仓（钉匣）,173-吻合器适配钉 仓类,11-纯钛,028-直线,173101,开放直线型切割吻合器钉仓 （钉匣）,常州贺利氏微创医疗器械有限公司,,
C1102021731102801458,11-吻（缝）合器及附件,02-开放手术用吻（缝）合器 及附件,02-开放切割吻合器钉仓（钉匣）,173-吻合器适配钉 仓类,11-纯钛,028-直线,173101,开放直线型切割吻合器钉仓 （钉匣）,无锡贝恩外科器械有限公司,,
C1102021731102801564,11-吻（缝）合器及附件,02-开放手术用吻（缝）合器 及附件,02-开放切割吻合器钉仓（钉匣）,173-吻合器适配钉 仓类,11-纯钛,028-直线,173101,开放直线型切割吻合器钉仓 （钉匣）,江苏三联星海医疗器械有限公司,,
C1102021731102801600,11-吻（缝）合器及附件,02-开放手术用吻（缝）合器 及附件,02-开放切割吻合器钉仓（钉匣）,173-吻合器适配钉 仓类,11-纯钛,028-直线,173101,开放直线型切割吻合器钉仓 （钉匣）,常州市久成电子设备有限公司,,
C1102021731102801933,11-吻（缝）合器及附件,02-开放手术用吻（缝）合器 及附件,02-开放切割吻合器钉仓（钉匣）,173-吻合器适配钉 仓类,11-纯钛,028-直线,173101,开放直线型切割吻合器钉仓 （钉匣）,安徽国泰国瑞医疗科技有限公司,,
C1102021731102801959,11-吻（缝）合器及附件,02-开放手术用吻（缝）合器 及附件,02-开放切割吻合器钉仓（钉匣）,173-吻合器适配钉 仓类,11-纯钛,028-直线,173101,开放直线型切割吻合器钉仓 （钉匣）,江苏博朗森思医疗器械有限公司,,
C1102021731102802088,11-吻（缝）合器及附件,02-开放手术用吻（缝）合器 及附件,02-开放切割吻合器钉仓（钉匣）,173-吻合器适配钉 仓类,11-纯钛,028-直线,173101,开放直线型切割吻合器钉仓 （钉匣）,苏州贝诺医疗器械有限公司,,
C1102021731102802176,11-吻（缝）合器及附件,02-开放手术用吻（缝）合器 及附件,02-开放切割吻合器钉仓（钉匣）,173-吻合器适配钉 仓类,11-纯钛,028-直线,173101,开放直线型切割吻合器钉仓 （钉匣）,无锡东峰怡和科技发展有限公司,,
C1102021731102802228,11-吻（缝）合器及附件,02-开放手术用吻（缝）合器 及附件,02-开放切割吻合器钉仓（钉匣）,173-吻合器适配钉 仓类,11-纯钛,028-直线,173101,开放直线型切割吻合器钉仓 （钉匣）,常州科峰医疗科技有限公司,,
C1102021731102802275,11-吻（缝）合器及附件,02-开放手术用吻（缝）合器 及附件,02-开放切割吻合器钉仓（钉匣）,173-吻合器适配钉 仓类,11-纯钛,028-直线,173101,开放直线型切割吻合器钉仓 （钉匣）,江苏特普优微创医疗科技有限公司,,
C1102021731102802326,11-吻（缝）合器及附件,02-开放手术用吻（缝）合器 及附件,02-开放切割吻合器钉仓（钉匣）,173-吻合器适配钉 仓类,11-纯钛,028-直线,173101,开放直线型切割吻合器钉仓 （钉匣）,常州创捷微创医疗器械有限公司,,
C1102021731102802412,11-吻（缝）合器及附件,02-开放手术用吻（缝）合器 及附件,02-开放切割吻合器钉仓（钉匣）,173-吻合器适配钉 仓类,11-纯钛,028-直线,173101,开放直线型切割吻合器钉仓 （钉匣）,常州生物医学工程有限公司,,
C1102021731102802486,11-吻（缝）合器及附件,02-开放手术用吻（缝）合器 及附件,02-开放切割吻合器钉仓（钉匣）,173-吻合器适配钉 仓类,11-纯钛,028-直线,173101,开放直线型切割吻合器钉仓 （钉匣）,河南省驼人医疗科技有限公司,,
C1102021731102802494,11-吻（缝）合器及附件,02-开放手术用吻（缝）合器 及附件,02-开放切割吻合器钉仓（钉匣）,173-吻合器适配钉 仓类,11-纯钛,028-直线,173101,开放直线型切割吻合器钉仓 （钉匣）,北京天助畅运医疗技术股份有限公 司,,
C1102021731102802573,11-吻（缝）合器及附件,02-开放手术用吻（缝）合器 及附件,02-开放切割吻合器钉仓（钉匣）,173-吻合器适配钉 仓类,11-纯钛,028-直线,173101,开放直线型切割吻合器钉仓 （钉匣）,普瑞斯星（常州）医疗器械有限公 司,,
C1102021731102802601,11-吻（缝）合器及附件,02-开放手术用吻（缝）合器 及附件,02-开放切割吻合器钉仓（钉匣）,173-吻合器适配钉 仓类,11-纯钛,028-直线,173101,开放直线型切割吻合器钉仓 （钉匣）,常州洛克曼医疗器械有限公司,,
C1102021731102802707,11-吻（缝）合器及附件,02-开放手术用吻（缝）合器 及附件,02-开放切割吻合器钉仓（钉匣）,173-吻合器适配钉 仓类,11-纯钛,028-直线,173101,开放直线型切割吻合器钉仓 （钉匣）,常州安克医疗科技有限公司,,
C1102021731102802776,11-吻（缝）合器及附件,02-开放手术用吻（缝）合器 及附件,02-开放切割吻合器钉仓（钉匣）,173-吻合器适配钉 仓类,11-纯钛,028-直线,173101,开放直线型切割吻合器钉仓 （钉匣）,江苏钱璟医疗器械有限公司,,
C1102021731102803370,11-吻（缝）合器及附件,02-开放手术用吻（缝）合器 及附件,02-开放切割吻合器钉仓（钉匣）,173-吻合器适配钉 仓类,11-纯钛,028-直线,173101,开放直线型切割吻合器钉仓 （钉匣）,泰戈斯医疗器械（江苏）有限公司,,
C1102021731102803585,11-吻（缝）合器及附件,02-开放手术用吻（缝）合器 及附件,02-开放切割吻合器钉仓（钉匣）,173-吻合器适配钉 仓类,11-纯钛,028-直线,173101,开放直线型切割吻合器钉仓 （钉匣）,常州市微凯医疗科技有限公司,,
C1102021731102803675,11-吻（缝）合器及附件,02-开放手术用吻（缝）合器 及附件,02-开放切割吻合器钉仓（钉匣）,173-吻合器适配钉 仓类,11-纯钛,028-直线,173101,开放直线型切割吻合器钉仓 （钉匣）,江苏海泽医疗科技发展有限公司,,
C1102021731102803800,11-吻（缝）合器及附件,02-开放手术用吻（缝）合器 及附件,02-开放切割吻合器钉仓（钉匣）,173-吻合器适配钉 仓类,11-纯钛,028-直线,173101,开放直线型切割吻合器钉仓 （钉匣）,河北诺盛科创生物科技有限公司,,
C1102021731102804021,11-吻（缝）合器及附件,02-开放手术用吻（缝）合器 及附件,02-开放切割吻合器钉仓（钉匣）,173-吻合器适配钉 仓类,11-纯钛,028-直线,173101,开放直线型切割吻合器钉仓 （钉匣）,无锡市瑞源普斯医疗器械有限公司,,
C1102021731102804389,11-吻（缝）合器及附件,02-开放手术用吻（缝）合器 及附件,02-开放切割吻合器钉仓（钉匣）,173-吻合器适配钉 仓类,11-纯钛,028-直线,173101,开放直线型切割吻合器钉仓 （钉匣）,威海威高富森医用材料有限公司,,
C1102021731102804638,11-吻（缝）合器及附件,02-开放手术用吻（缝）合器 及附件,02-开放切割吻合器钉仓（钉匣）,173-吻合器适配钉 仓类,11-纯钛,028-直线,173101,开放直线型切割吻合器钉仓 （钉匣）,常州威克医疗器械有限公司,,
C1102021731102804690,11-吻（缝）合器及附件,02-开放手术用吻（缝）合器 及附件,02-开放切割吻合器钉仓（钉匣）,173-吻合器适配钉 仓类,11-纯钛,028-直线,173101,开放直线型切割吻合器钉仓 （钉匣）,常州纳森医疗器械有限公司,,
C1102021731102805107,11-吻（缝）合器及附件,02-开放手术用吻（缝）合器 及附件,02-开放切割吻合器钉仓（钉匣）,173-吻合器适配钉 仓类,11-纯钛,028-直线,173101,开放直线型切割吻合器钉仓 （钉匣）,常州市新能源吻合器总厂有限公司,,
C1102021731102806224,11-吻（缝）合器及附件,02-开放手术用吻（缝）合器 及附件,02-开放切割吻合器钉仓（钉匣）,173-吻合器适配钉 仓类,11-纯钛,028-直线,173101,开放直线型切割吻合器钉仓 （钉匣）,江苏风和医疗器材股份有限公司,,
C1102021731102806352,11-吻（缝）合器及附件,02-开放手术用吻（缝）合器 及附件,02-开放切割吻合器钉仓（钉匣）,173-吻合器适配钉 仓类,11-纯钛,028-直线,173101,开放直线型切割吻合器钉仓 （钉匣）,江苏通达医疗器械有限公司,,
C1102021731102806410,11-吻（缝）合器及附件,02-开放手术用吻（缝）合器 及附件,02-开放切割吻合器钉仓（钉匣）,173-吻合器适配钉 仓类,11-纯钛,028-直线,173101,开放直线型切割吻合器钉仓 （钉匣）,常州华森医疗器械股份有限公司,,
C1102021731102806452,11-吻（缝）合器及附件,02-开放手术用吻（缝）合器 及附件,02-开放切割吻合器钉仓（钉匣）,173-吻合器适配钉 仓类,11-纯钛,028-直线,173101,开放直线型切割吻合器钉仓 （钉匣）,无锡市神康医疗器械设备有限公司,,
C1102021731102806618,11-吻（缝）合器及附件,02-开放手术用吻（缝）合器 及附件,02-开放切割吻合器钉仓（钉匣）,173-吻合器适配钉 仓类,11-纯钛,028-直线,173101,开放直线型切割吻合器钉仓 （钉匣）,江苏健瑞宝医疗科技股份有限公司,,
C1102021731102806759,11-吻（缝）合器及附件,02-开放手术用吻（缝）合器 及附件,02-开放切割吻合器钉仓（钉匣）,173-吻合器适配钉 仓类,11-纯钛,028-直线,173101,开放直线型切割吻合器钉仓 （钉匣）,宁波维尔凯迪医疗器械有限公司,,
C1102021731102806823,11-吻（缝）合器及附件,02-开放手术用吻（缝）合器 及附件,02-开放切割吻合器钉仓（钉匣）,173-吻合器适配钉 仓类,11-纯钛,028-直线,173101,开放直线型切割吻合器钉仓 （钉匣）,柯惠医疗器材国际贸易（上海）有 限公司,,
C1102021731102806855,11-吻（缝）合器及附件,02-开放手术用吻（缝）合器 及附件,02-开放切割吻合器钉仓（钉匣）,173-吻合器适配钉 仓类,11-纯钛,028-直线,173101,开放直线型切割吻合器钉仓 （钉匣）,山东威瑞外科医用制品有限公司,,
C1102021731102806894,11-吻（缝）合器及附件,02-开放手术用吻（缝）合器 及附件,02-开放切割吻合器钉仓（钉匣）,173-吻合器适配钉 仓类,11-纯钛,028-直线,173101,开放直线型切割吻合器钉仓 （钉匣）,南京迈迪欣医疗器械有限公司,,
C1102021731102807013,11-吻（缝）合器及附件,02-开放手术用吻（缝）合器 及附件,02-开放切割吻合器钉仓（钉匣）,173-吻合器适配钉 仓类,11-纯钛,028-直线,173101,开放直线型切割吻合器钉仓 （钉匣）,无锡市舒康医疗器械有限公司,,
C1102021731102807030,11-吻（缝）合器及附件,02-开放手术用吻（缝）合器 及附件,02-开放切割吻合器钉仓（钉匣）,173-吻合器适配钉 仓类,11-纯钛,028-直线,173101,开放直线型切割吻合器钉仓 （钉匣）,江苏凯尔特医疗科技有限公司,,
C1102021731102807079,11-吻（缝）合器及附件,02-开放手术用吻（缝）合器 及附件,02-开放切割吻合器钉仓（钉匣）,173-吻合器适配钉 仓类,11-纯钛,028-直线,173101,开放直线型切割吻合器钉仓 （钉匣）,常州同创医疗器械科技有限公司,,
C1102021731102807185,11-吻（缝）合器及附件,02-开放手术用吻（缝）合器 及附件,02-开放切割吻合器钉仓（钉匣）,173-吻合器适配钉 仓类,11-纯钛,028-直线,173101,开放直线型切割吻合器钉仓 （钉匣）,常州伊沃特医疗器械有限公司,,
C1102021731102807197,11-吻（缝）合器及附件,02-开放手术用吻（缝）合器 及附件,02-开放切割吻合器钉仓（钉匣）,173-吻合器适配钉 仓类,11-纯钛,028-直线,173101,开放直线型切割吻合器钉仓 （钉匣）,常州海尔斯医疗器械科技有限公司,,
C1102021731102807284,11-吻（缝）合器及附件,02-开放手术用吻（缝）合器 及附件,02-开放切割吻合器钉仓（钉匣）,173-吻合器适配钉 仓类,11-纯钛,028-直线,173101,开放直线型切割吻合器钉仓 （钉匣）,微至（苏州）医疗科技有限公司,,
C1102021731102807341,11-吻（缝）合器及附件,02-开放手术用吻（缝）合器 及附件,02-开放切割吻合器钉仓（钉匣）,173-吻合器适配钉 仓类,11-纯钛,028-直线,173101,开放直线型切割吻合器钉仓 （钉匣）,无锡博康医疗器械有限公司,,
C1102021731102807722,11-吻（缝）合器及附件,02-开放手术用吻（缝）合器 及附件,02-开放切割吻合器钉仓（钉匣）,173-吻合器适配钉 仓类,11-纯钛,028-直线,173101,开放直线型切割吻合器钉仓 （钉匣）,常州瑞索斯医疗设备有限公司,,
C1102021731102808019,11-吻（缝）合器及附件,02-开放手术用吻（缝）合器 及附件,02-开放切割吻合器钉仓（钉匣）,173-吻合器适配钉 仓类,11-纯钛,028-直线,173101,开放直线型切割吻合器钉仓 （钉匣）,江苏瑞普医疗器械科技有限公司,,
C1102021731102808340,11-吻（缝）合器及附件,02-开放手术用吻（缝）合器 及附件,02-开放切割吻合器钉仓（钉匣）,173-吻合器适配钉 仓类,11-纯钛,028-直线,173101,开放直线型切割吻合器钉仓 （钉匣）,振德医疗用品股份有限公司,,
C1102021731102808414,11-吻（缝）合器及附件,02-开放手术用吻（缝）合器 及附件,02-开放切割吻合器钉仓（钉匣）,173-吻合器适配钉 仓类,11-纯钛,028-直线,173101,开放直线型切割吻合器钉仓 （钉匣）,北京派尔特医疗科技股份有限公司,,
C1102021731102808471,11-吻（缝）合器及附件,02-开放手术用吻（缝）合器 及附件,02-开放切割吻合器钉仓（钉匣）,173-吻合器适配钉 仓类,11-纯钛,028-直线,173101,开放直线型切割吻合器钉仓 （钉匣）,江苏明朗医疗器械科技有限公司,,
C1102021731102808486,11-吻（缝）合器及附件,02-开放手术用吻（缝）合器 及附件,02-开放切割吻合器钉仓（钉匣）,173-吻合器适配钉 仓类,11-纯钛,028-直线,173101,开放直线型切割吻合器钉仓 （钉匣）,浙江格宜医疗器械有限公司,,
C1102021731102808631,11-吻（缝）合器及附件,02-开放手术用吻（缝）合器 及附件,02-开放切割吻合器钉仓（钉匣）,173-吻合器适配钉 仓类,11-纯钛,028-直线,173101,开放直线型切割吻合器钉仓 （钉匣）,河南省健琪医疗器械有限公司,,
C1102021731102809051,11-吻（缝）合器及附件,02-开放手术用吻（缝）合器 及附件,02-开放切割吻合器钉仓（钉匣）,173-吻合器适配钉 仓类,11-纯钛,028-直线,173101,开放直线型切割吻合器钉仓 （钉匣）,江苏冠创医疗科技有限公司,,
C1102021731102809071,11-吻（缝）合器及附件,02-开放手术用吻（缝）合器 及附件,02-开放切割吻合器钉仓（钉匣）,173-吻合器适配钉 仓类,11-纯钛,028-直线,173101,开放直线型切割吻合器钉仓 （钉匣）,江苏泓正医疗科技有限公司,,
C1102021731102809495,11-吻（缝）合器及附件,02-开放手术用吻（缝）合器 及附件,02-开放切割吻合器钉仓（钉匣）,173-吻合器适配钉 仓类,11-纯钛,028-直线,173101,开放直线型切割吻合器钉仓 （钉匣）,常州医疗器材总厂股份有限公司,,
C1102021731102809550,11-吻（缝）合器及附件,02-开放手术用吻（缝）合器 及附件,02-开放切割吻合器钉仓（钉匣）,173-吻合器适配钉 仓类,11-纯钛,028-直线,173101,开放直线型切割吻合器钉仓 （钉匣）,江苏臣诺医疗器械有限公司,,
C1102021731102809709,11-吻（缝）合器及附件,02-开放手术用吻（缝）合器 及附件,02-开放切割吻合器钉仓（钉匣）,173-吻合器适配钉 仓类,11-纯钛,028-直线,173101,开放直线型切割吻合器钉仓 （钉匣）,常州市海达医疗器械有限公司,,
C1102021731102809869,11-吻（缝）合器及附件,02-开放手术用吻（缝）合器 及附件,02-开放切割吻合器钉仓（钉匣）,173-吻合器适配钉 仓类,11-纯钛,028-直线,173101,开放直线型切割吻合器钉仓 （钉匣）,江苏芸众医疗科技有限公司,,
C1102021731102809979,11-吻（缝）合器及附件,02-开放手术用吻（缝）合器 及附件,02-开放切割吻合器钉仓（钉匣）,173-吻合器适配钉 仓类,11-纯钛,028-直线,173101,开放直线型切割吻合器钉仓 （钉匣）,上海逸思医疗科技股份有限公司,,
C1102021731102810084,11-吻（缝）合器及附件,02-开放手术用吻（缝）合器 及附件,02-开放切割吻合器钉仓（钉匣）,173-吻合器适配钉 仓类,11-纯钛,028-直线,173101,开放直线型切割吻合器钉仓 （钉匣）,宁波海泰科迈医疗器械有限公司,,
C1102021731102810203,11-吻（缝）合器及附件,02-开放手术用吻（缝）合器 及附件,02-开放切割吻合器钉仓（钉匣）,173-吻合器适配钉 仓类,11-纯钛,028-直线,173101,开放直线型切割吻合器钉仓 （钉匣）,普瑞德医疗器械科技江苏有限公司,,
C1102021731102810208,11-吻（缝）合器及附件,02-开放手术用吻（缝）合器 及附件,02-开放切割吻合器钉仓（钉匣）,173-吻合器适配钉 仓类,11-纯钛,028-直线,173101,开放直线型切割吻合器钉仓 （钉匣）,杭州康基医疗器械有限公司,,
C1102021731102810236,11-吻（缝）合器及附件,02-开放手术用吻（缝）合器 及附件,02-开放切割吻合器钉仓（钉匣）,173-吻合器适配钉 仓类,11-纯钛,028-直线,173101,开放直线型切割吻合器钉仓 （钉匣）,湖南三瑞生物科技有限责任公司,,
C1102021731102810394,11-吻（缝）合器及附件,02-开放手术用吻（缝）合器 及附件,02-开放切割吻合器钉仓（钉匣）,173-吻合器适配钉 仓类,11-纯钛,028-直线,173101,开放直线型切割吻合器钉仓 （钉匣）,重庆迈科唯医疗科技有限公司,,
C1102021731102810420,11-吻（缝）合器及附件,02-开放手术用吻（缝）合器 及附件,02-开放切割吻合器钉仓（钉匣）,173-吻合器适配钉 仓类,11-纯钛,028-直线,173101,开放直线型切割吻合器钉仓 （钉匣）,常州市康迪医用吻合器有限公司,,
C1102021731102810562,11-吻（缝）合器及附件,02-开放手术用吻（缝）合器 及附件,02-开放切割吻合器钉仓（钉匣）,173-吻合器适配钉 仓类,11-纯钛,028-直线,173101,开放直线型切割吻合器钉仓 （钉匣）,南京嘉威医疗器械有限责任公司,,
C1102021731102810602,11-吻（缝）合器及附件,02-开放手术用吻（缝）合器 及附件,02-开放切割吻合器钉仓（钉匣）,173-吻合器适配钉 仓类,11-纯钛,028-直线,173101,开放直线型切割吻合器钉仓 （钉匣）,常州智力微创医疗器械有限公司,,
C1102021731102811155,11-吻（缝）合器及附件,02-开放手术用吻（缝）合器 及附件,02-开放切割吻合器钉仓（钉匣）,173-吻合器适配钉 仓类,11-纯钛,028-直线,173101,开放直线型切割吻合器钉仓 （钉匣）,欣瑞德（江苏）医疗科技有限公司,,
C1102021731102811352,11-吻（缝）合器及附件,02-开放手术用吻（缝）合器 及附件,02-开放切割吻合器钉仓（钉匣）,173-吻合器适配钉 仓类,11-纯钛,028-直线,173101,开放直线型切割吻合器钉仓 （钉匣）,苏州朗特斯医疗科技有限公司,,
C1102021731102811432,11-吻（缝）合器及附件,02-开放手术用吻（缝）合器 及附件,02-开放切割吻合器钉仓（钉匣）,173-吻合器适配钉 仓类,11-纯钛,028-直线,173101,开放直线型切割吻合器钉仓 （钉匣）,江苏康赛医疗器械科技有限公司,,
C1102021731102811452,11-吻（缝）合器及附件,02-开放手术用吻（缝）合器 及附件,02-开放切割吻合器钉仓（钉匣）,173-吻合器适配钉 仓类,11-纯钛,028-直线,173101,开放直线型切割吻合器钉仓 （钉匣）,江苏百纳医疗科技有限公司,,
C1102021731102811492,11-吻（缝）合器及附件,02-开放手术用吻（缝）合器 及附件,02-开放切割吻合器钉仓（钉匣）,173-吻合器适配钉 仓类,11-纯钛,028-直线,173101,开放直线型切割吻合器钉仓 （钉匣）,江苏柯汇医疗科技有限公司,,
C1102021731102811552,11-吻（缝）合器及附件,02-开放手术用吻（缝）合器 及附件,02-开放切割吻合器钉仓（钉匣）,173-吻合器适配钉 仓类,11-纯钛,028-直线,173101,开放直线型切割吻合器钉仓 （钉匣）,重庆德川医疗器械有限公司,,
C1102021731102811594,11-吻（缝）合器及附件,02-开放手术用吻（缝）合器 及附件,02-开放切割吻合器钉仓（钉匣）,173-吻合器适配钉 仓类,11-纯钛,028-直线,173101,开放直线型切割吻合器钉仓 （钉匣）,河北卫崭医疗科技有限公司,,
C1102021731102811713,11-吻（缝）合器及附件,02-开放手术用吻（缝）合器 及附件,02-开放切割吻合器钉仓（钉匣）,173-吻合器适配钉 仓类,11-纯钛,028-直线,173101,开放直线型切割吻合器钉仓 （钉匣）,南京竹海生物科技有限公司,,
C1102021731102811953,11-吻（缝）合器及附件,02-开放手术用吻（缝）合器 及附件,02-开放切割吻合器钉仓（钉匣）,173-吻合器适配钉 仓类,11-纯钛,028-直线,173101,开放直线型切割吻合器钉仓 （钉匣）,康晴（江苏）医疗科技有限公司,,
C1102021731102812276,11-吻（缝）合器及附件,02-开放手术用吻（缝）合器 及附件,02-开放切割吻合器钉仓（钉匣）,173-吻合器适配钉 仓类,11-纯钛,028-直线,173101,开放直线型切割吻合器钉仓 （钉匣）,镁格生物科技（江苏）有限公司,,
C1102021731102812643,11-吻（缝）合器及附件,02-开放手术用吻（缝）合器 及附件,02-开放切割吻合器钉仓（钉匣）,173-吻合器适配钉 仓类,11-纯钛,028-直线,173101,开放直线型切割吻合器钉仓 （钉匣）,江苏瑞晟医疗器械有限公司,,
C1102021731102813633,11-吻（缝）合器及附件,02-开放手术用吻（缝）合器 及附件,02-开放切割吻合器钉仓（钉匣）,173-吻合器适配钉 仓类,11-纯钛,028-直线,173101,开放直线型切割吻合器钉仓 （钉匣）,湖南浣然医疗科技有限公司,,
C1102021731102813748,11-吻（缝）合器及附件,02-开放手术用吻（缝）合器 及附件,02-开放切割吻合器钉仓（钉匣）,173-吻合器适配钉 仓类,11-纯钛,028-直线,173101,开放直线型切割吻合器钉仓 （钉匣）,江苏乾康医疗器械有限公司,,
C1102021731102814419,11-吻（缝）合器及附件,02-开放手术用吻（缝）合器 及附件,02-开放切割吻合器钉仓（钉匣）,173-吻合器适配钉 仓类,11-纯钛,028-直线,173101,开放直线型切割吻合器钉仓 （钉匣）,江西汉普医疗科技有限公司,,
C1102021731102816022,11-吻（缝）合器及附件,02-开放手术用吻（缝）合器 及附件,02-开放切割吻合器钉仓（钉匣）,173-吻合器适配钉 仓类,11-纯钛,028-直线,173101,开放直线型切割吻合器钉仓 （钉匣）,江苏京品医疗科技有限公司,,
C1102021731102817064,11-吻（缝）合器及附件,02-开放手术用吻（缝）合器 及附件,02-开放切割吻合器钉仓（钉匣）,173-吻合器适配钉 仓类,11-纯钛,028-直线,173101,开放直线型切割吻合器钉仓 （钉匣）,湖南辰润医疗科技有限公司,,
C1102021731102817657,11-吻（缝）合器及附件,02-开放手术用吻（缝）合器 及附件,02-开放切割吻合器钉仓（钉匣）,173-吻合器适配钉 仓类,11-纯钛,028-直线,173101,开放直线型切割吻合器钉仓 （钉匣）,苏州越众生物科技有限公司,,
C1102021731102817734,11-吻（缝）合器及附件,02-开放手术用吻（缝）合器 及附件,02-开放切割吻合器钉仓（钉匣）,173-吻合器适配钉 仓类,11-纯钛,028-直线,173101,开放直线型切割吻合器钉仓 （钉匣）,江苏安欣医疗科技有限公司,,
C1102021731102819595,11-吻（缝）合器及附件,02-开放手术用吻（缝）合器 及附件,02-开放切割吻合器钉仓（钉匣）,173-吻合器适配钉 仓类,11-纯钛,028-直线,173101,开放直线型切割吻合器钉仓 （钉匣）,厦门星火微光医疗器械制造有限公 司,,
C1102021731102821161,11-吻（缝）合器及附件,02-开放手术用吻（缝）合器 及附件,02-开放切割吻合器钉仓（钉匣）,173-吻合器适配钉 仓类,11-纯钛,028-直线,173101,开放直线型切割吻合器钉仓 （钉匣）,江苏泰科博曼医疗器械有限公司,,
C1102021731102823434,11-吻（缝）合器及附件,02-开放手术用吻（缝）合器 及附件,02-开放切割吻合器钉仓（钉匣）,173-吻合器适配钉 仓类,11-纯钛,028-直线,173101,开放直线型切割吻合器钉仓 （钉匣）,江苏芙肽生物科技有限公司,,
C1102021731102824436,11-吻（缝）合器及附件,02-开放手术用吻（缝）合器 及附件,02-开放切割吻合器钉仓（钉匣）,173-吻合器适配钉 仓类,11-纯钛,028-直线,173101,开放直线型切割吻合器钉仓 （钉匣）,大瓷生物医疗科技（江苏）有限公 司,,
C1102021731102900013,11-吻（缝）合器及附件,02-开放手术用吻（缝）合器 及附件,02-开放切割吻合器钉仓（钉匣）,173-吻合器适配钉 仓类,11-纯钛,029-弧形,173102,开放弧线型切割吻合器钉仓 （钉匣）,常州安康医疗器械有限公司,,
C1102021731102901105,11-吻（缝）合器及附件,02-开放手术用吻（缝）合器 及附件,02-开放切割吻合器钉仓（钉匣）,173-吻合器适配钉 仓类,11-纯钛,029-弧形,173102,开放弧线型切割吻合器钉仓 （钉匣）,常州贺利氏微创医疗器械有限公司,,
C1102021731102901600,11-吻（缝）合器及附件,02-开放手术用吻（缝）合器 及附件,02-开放切割吻合器钉仓（钉匣）,173-吻合器适配钉 仓类,11-纯钛,029-弧形,173102,开放弧线型切割吻合器钉仓 （钉匣）,常州市久成电子设备有限公司,,
C1102021731102901933,11-吻（缝）合器及附件,02-开放手术用吻（缝）合器 及附件,02-开放切割吻合器钉仓（钉匣）,173-吻合器适配钉 仓类,11-纯钛,029-弧形,173102,开放弧线型切割吻合器钉仓 （钉匣）,安徽国泰国瑞医疗科技有限公司,,
C1102021731102902176,11-吻（缝）合器及附件,02-开放手术用吻（缝）合器 及附件,02-开放切割吻合器钉仓（钉匣）,173-吻合器适配钉 仓类,11-纯钛,029-弧形,173102,开放弧线型切割吻合器钉仓 （钉匣）,无锡东峰怡和科技发展有限公司,,
C1102021731102902326,11-吻（缝）合器及附件,02-开放手术用吻（缝）合器 及附件,02-开放切割吻合器钉仓（钉匣）,173-吻合器适配钉 仓类,11-纯钛,029-弧形,173102,开放弧线型切割吻合器钉仓 （钉匣）,常州创捷微创医疗器械有限公司,,
C1102021731102902601,11-吻（缝）合器及附件,02-开放手术用吻（缝）合器 及附件,02-开放切割吻合器钉仓（钉匣）,173-吻合器适配钉 仓类,11-纯钛,029-弧形,173102,开放弧线型切割吻合器钉仓 （钉匣）,常州洛克曼医疗器械有限公司,,
C1102021731102906224,11-吻（缝）合器及附件,02-开放手术用吻（缝）合器 及附件,02-开放切割吻合器钉仓（钉匣）,173-吻合器适配钉 仓类,11-纯钛,029-弧形,173102,开放弧线型切割吻合器钉仓 （钉匣）,江苏风和医疗器材股份有限公司,,
C1102021731102906410,11-吻（缝）合器及附件,02-开放手术用吻（缝）合器 及附件,02-开放切割吻合器钉仓（钉匣）,173-吻合器适配钉 仓类,11-纯钛,029-弧形,173102,开放弧线型切割吻合器钉仓 （钉匣）,常州华森医疗器械股份有限公司,,
C1102021731102907079,11-吻（缝）合器及附件,02-开放手术用吻（缝）合器 及附件,02-开放切割吻合器钉仓（钉匣）,173-吻合器适配钉 仓类,11-纯钛,029-弧形,173102,开放弧线型切割吻合器钉仓 （钉匣）,常州同创医疗器械科技有限公司,,
C1102021731102907197,11-吻（缝）合器及附件,02-开放手术用吻（缝）合器 及附件,02-开放切割吻合器钉仓（钉匣）,173-吻合器适配钉 仓类,11-纯钛,029-弧形,173102,开放弧线型切割吻合器钉仓 （钉匣）,常州海尔斯医疗器械科技有限公司,,
C1102021731102908019,11-吻（缝）合器及附件,02-开放手术用吻（缝）合器 及附件,02-开放切割吻合器钉仓（钉匣）,173-吻合器适配钉 仓类,11-纯钛,029-弧形,173102,开放弧线型切割吻合器钉仓 （钉匣）,江苏瑞普医疗器械科技有限公司,,
C1102021731102908471,11-吻（缝）合器及附件,02-开放手术用吻（缝）合器 及附件,02-开放切割吻合器钉仓（钉匣）,173-吻合器适配钉 仓类,11-纯钛,029-弧形,173102,开放弧线型切割吻合器钉仓 （钉匣）,江苏明朗医疗器械科技有限公司,,
C1102021731102910208,11-吻（缝）合器及附件,02-开放手术用吻（缝）合器 及附件,02-开放切割吻合器钉仓（钉匣）,173-吻合器适配钉 仓类,11-纯钛,029-弧形,173102,开放弧线型切割吻合器钉仓 （钉匣）,杭州康基医疗器械有限公司,,
C1102021731102912276,11-吻（缝）合器及附件,02-开放手术用吻（缝）合器 及附件,02-开放切割吻合器钉仓（钉匣）,173-吻合器适配钉 仓类,11-纯钛,029-弧形,173102,开放弧线型切割吻合器钉仓 （钉匣）,镁格生物科技（江苏）有限公司,,
C1102021731102916022,11-吻（缝）合器及附件,02-开放手术用吻（缝）合器 及附件,02-开放切割吻合器钉仓（钉匣）,173-吻合器适配钉 仓类,11-纯钛,029-弧形,173102,开放弧线型切割吻合器钉仓 （钉匣）,江苏京品医疗科技有限公司,,
C1102021731402801458,11-吻（缝）合器及附件,02-开放手术用吻（缝）合器 及附件,02-开放切割吻合器钉仓（钉匣）,173-吻合器适配钉 仓类,14-钛合金,028-直线,173101,开放直线型切割吻合器钉仓 （钉匣）,无锡贝恩外科器械有限公司,,
C1102021731402801959,11-吻（缝）合器及附件,02-开放手术用吻（缝）合器 及附件,02-开放切割吻合器钉仓（钉匣）,173-吻合器适配钉 仓类,14-钛合金,028-直线,173101,开放直线型切割吻合器钉仓 （钉匣）,江苏博朗森思医疗器械有限公司,,
C1102021731402802842,11-吻（缝）合器及附件,02-开放手术用吻（缝）合器 及附件,02-开放切割吻合器钉仓（钉匣）,173-吻合器适配钉 仓类,14-钛合金,028-直线,173101,开放直线型切割吻合器钉仓 （钉匣）,江苏瑞安贝医疗器械有限公司,,
C1102021731402803365,11-吻（缝）合器及附件,02-开放手术用吻（缝）合器 及附件,02-开放切割吻合器钉仓（钉匣）,173-吻合器适配钉 仓类,14-钛合金,028-直线,173101,开放直线型切割吻合器钉仓 （钉匣）,上海迈思强医疗器械有限公司,,
C1102021731402804119,11-吻（缝）合器及附件,02-开放手术用吻（缝）合器 及附件,02-开放切割吻合器钉仓（钉匣）,173-吻合器适配钉 仓类,14-钛合金,028-直线,173101,开放直线型切割吻合器钉仓 （钉匣）,盈甲医疗器械制造（上海）有限公 司,,
C1102021731402806759,11-吻（缝）合器及附件,02-开放手术用吻（缝）合器 及附件,02-开放切割吻合器钉仓（钉匣）,173-吻合器适配钉 仓类,14-钛合金,028-直线,173101,开放直线型切割吻合器钉仓 （钉匣）,宁波维尔凯迪医疗器械有限公司,,
C1102021731402807197,11-吻（缝）合器及附件,02-开放手术用吻（缝）合器 及附件,02-开放切割吻合器钉仓（钉匣）,173-吻合器适配钉 仓类,14-钛合金,028-直线,173101,开放直线型切割吻合器钉仓 （钉匣）,常州海尔斯医疗器械科技有限公司,,
C1102021731402807429,11-吻（缝）合器及附件,02-开放手术用吻（缝）合器 及附件,02-开放切割吻合器钉仓（钉匣）,173-吻合器适配钉 仓类,14-钛合金,028-直线,173101,开放直线型切割吻合器钉仓 （钉匣）,天臣国际医疗科技股份有限公司,,
C1102021731402807507,11-吻（缝）合器及附件,02-开放手术用吻（缝）合器 及附件,02-开放切割吻合器钉仓（钉匣）,173-吻合器适配钉 仓类,14-钛合金,028-直线,173101,开放直线型切割吻合器钉仓 （钉匣）,北京博辉瑞进生物科技有限公司,,
C1102021731402807805,11-吻（缝）合器及附件,02-开放手术用吻（缝）合器 及附件,02-开放切割吻合器钉仓（钉匣）,173-吻合器适配钉 仓类,14-钛合金,028-直线,173101,开放直线型切割吻合器钉仓 （钉匣）,湖南豌豆医疗用品有限公司,,
C1102021731402808304,11-吻（缝）合器及附件,02-开放手术用吻（缝）合器 及附件,02-开放切割吻合器钉仓（钉匣）,173-吻合器适配钉 仓类,14-钛合金,028-直线,173101,开放直线型切割吻合器钉仓 （钉匣）,强生（苏州）医疗器材有限公司,,
C1102021731402808889,11-吻（缝）合器及附件,02-开放手术用吻（缝）合器 及附件,02-开放切割吻合器钉仓（钉匣）,173-吻合器适配钉 仓类,14-钛合金,028-直线,173101,开放直线型切割吻合器钉仓 （钉匣）,湖南康呈医疗科技有限公司,,
C1102021731402809098,11-吻（缝）合器及附件,02-开放手术用吻（缝）合器 及附件,02-开放切割吻合器钉仓（钉匣）,173-吻合器适配钉 仓类,14-钛合金,028-直线,173101,开放直线型切割吻合器钉仓 （钉匣）,强生（上海）医疗器材有限公司,,
C1102021731402809709,11-吻（缝）合器及附件,02-开放手术用吻（缝）合器 及附件,02-开放切割吻合器钉仓（钉匣）,173-吻合器适配钉 仓类,14-钛合金,028-直线,173101,开放直线型切割吻合器钉仓 （钉匣）,常州市海达医疗器械有限公司,,
C1102021731402809820,11-吻（缝）合器及附件,02-开放手术用吻（缝）合器 及附件,02-开放切割吻合器钉仓（钉匣）,173-吻合器适配钉 仓类,14-钛合金,028-直线,173101,开放直线型切割吻合器钉仓 （钉匣）,常州市智业医疗仪器研究所有限公 司,,
C1102021731402811178,11-吻（缝）合器及附件,02-开放手术用吻（缝）合器 及附件,02-开放切割吻合器钉仓（钉匣）,173-吻合器适配钉 仓类,14-钛合金,028-直线,173101,开放直线型切割吻合器钉仓 （钉匣）,北京普润医疗器械有限公司,,
C1102021731402811797,11-吻（缝）合器及附件,02-开放手术用吻（缝）合器 及附件,02-开放切割吻合器钉仓（钉匣）,173-吻合器适配钉 仓类,14-钛合金,028-直线,173101,开放直线型切割吻合器钉仓 （钉匣）,江西国康实业有限公司,,
C1102021731402816882,11-吻（缝）合器及附件,02-开放手术用吻（缝）合器 及附件,02-开放切割吻合器钉仓（钉匣）,173-吻合器适配钉 仓类,14-钛合金,028-直线,173101,开放直线型切割吻合器钉仓 （钉匣）,长沙乐普外科医疗器械有限公司,,
C1102021731402819946,11-吻（缝）合器及附件,02-开放手术用吻（缝）合器 及附件,02-开放切割吻合器钉仓（钉匣）,173-吻合器适配钉 仓类,14-钛合金,028-直线,173101,开放直线型切割吻合器钉仓 （钉匣）,苏州科曼医疗器械有限公司,,
C1102021731402909098,11-吻（缝）合器及附件,02-开放手术用吻（缝）合器 及附件,02-开放切割吻合器钉仓（钉匣）,173-吻合器适配钉 仓类,14-钛合金,029-弧形,173102,开放弧线型切割吻合器钉仓 （钉匣）,强生（上海）医疗器材有限公司,,
C1102051721000700013,11-吻（缝）合器及附件,02-开放手术用吻（缝）合器 及附件,05-开放吻合器,172-吻合器类,10-不区分,007-一次性使用/手动/直 线,172105,开放直线型吻合器（一次性 使用/手动),常州安康医疗器械有限公司,,
C1102051721000700841,11-吻（缝）合器及附件,02-开放手术用吻（缝）合器 及附件,05-开放吻合器,172-吻合器类,10-不区分,007-一次性使用/手动/直 线,172105,开放直线型吻合器（一次性 使用/手动),苏州法兰克曼医疗器械有限公司,,
C1102051721000700942,11-吻（缝）合器及附件,02-开放手术用吻（缝）合器 及附件,05-开放吻合器,172-吻合器类,10-不区分,007-一次性使用/手动/直 线,172105,开放直线型吻合器（一次性 使用/手动),无锡市宇寿医疗器械有限公司,,
C1102051721000700977,11-吻（缝）合器及附件,02-开放手术用吻（缝）合器 及附件,05-开放吻合器,172-吻合器类,10-不区分,007-一次性使用/手动/直 线,172105,开放直线型吻合器（一次性 使用/手动),施爱德（厦门）医疗器材有限公司,,
C1102051721000701105,11-吻（缝）合器及附件,02-开放手术用吻（缝）合器 及附件,05-开放吻合器,172-吻合器类,10-不区分,007-一次性使用/手动/直 线,172105,开放直线型吻合器（一次性 使用/手动),常州贺利氏微创医疗器械有限公司,,
C1102051721000701174,11-吻（缝）合器及附件,02-开放手术用吻（缝）合器 及附件,05-开放吻合器,172-吻合器类,10-不区分,007-一次性使用/手动/直 线,172105,开放直线型吻合器（一次性 使用/手动),上海迈诺仕医疗器械有限公司,,
C1102051721000701321,11-吻（缝）合器及附件,02-开放手术用吻（缝）合器 及附件,05-开放吻合器,172-吻合器类,10-不区分,007-一次性使用/手动/直 线,172105,开放直线型吻合器（一次性 使用/手动),江苏华夏医疗器械有限公司,,
C1102051721000701564,11-吻（缝）合器及附件,02-开放手术用吻（缝）合器 及附件,05-开放吻合器,172-吻合器类,10-不区分,007-一次性使用/手动/直 线,172105,开放直线型吻合器（一次性 使用/手动),江苏三联星海医疗器械有限公司,,
C1102051721000701600,11-吻（缝）合器及附件,02-开放手术用吻（缝）合器 及附件,05-开放吻合器,172-吻合器类,10-不区分,007-一次性使用/手动/直 线,172105,开放直线型吻合器（一次性 使用/手动),常州市久成电子设备有限公司,,
C1102051721000701933,11-吻（缝）合器及附件,02-开放手术用吻（缝）合器 及附件,05-开放吻合器,172-吻合器类,10-不区分,007-一次性使用/手动/直 线,172105,开放直线型吻合器（一次性 使用/手动),安徽国泰国瑞医疗科技有限公司,,
C1102051721000701959,11-吻（缝）合器及附件,02-开放手术用吻（缝）合器 及附件,05-开放吻合器,172-吻合器类,10-不区分,007-一次性使用/手动/直 线,172105,开放直线型吻合器（一次性 使用/手动),江苏博朗森思医疗器械有限公司,,
C1102051721000702088,11-吻（缝）合器及附件,02-开放手术用吻（缝）合器 及附件,05-开放吻合器,172-吻合器类,10-不区分,007-一次性使用/手动/直 线,172105,开放直线型吻合器（一次性 使用/手动),苏州贝诺医疗器械有限公司,,
C1102051721000702176,11-吻（缝）合器及附件,02-开放手术用吻（缝）合器 及附件,05-开放吻合器,172-吻合器类,10-不区分,007-一次性使用/手动/直 线,172105,开放直线型吻合器（一次性 使用/手动),无锡东峰怡和科技发展有限公司,,
C1102051721000702486,11-吻（缝）合器及附件,02-开放手术用吻（缝）合器 及附件,05-开放吻合器,172-吻合器类,10-不区分,007-一次性使用/手动/直 线,172105,开放直线型吻合器（一次性 使用/手动),河南省驼人医疗科技有限公司,,
C1102051721000702494,11-吻（缝）合器及附件,02-开放手术用吻（缝）合器 及附件,05-开放吻合器,172-吻合器类,10-不区分,007-一次性使用/手动/直 线,172105,开放直线型吻合器（一次性 使用/手动),北京天助畅运医疗技术股份有限公 司,,
C1102051721000702573,11-吻（缝）合器及附件,02-开放手术用吻（缝）合器 及附件,05-开放吻合器,172-吻合器类,10-不区分,007-一次性使用/手动/直 线,172105,开放直线型吻合器（一次性 使用/手动),普瑞斯星（常州）医疗器械有限公 司,,
C1102051721000702601,11-吻（缝）合器及附件,02-开放手术用吻（缝）合器 及附件,05-开放吻合器,172-吻合器类,10-不区分,007-一次性使用/手动/直 线,172105,开放直线型吻合器（一次性 使用/手动),常州洛克曼医疗器械有限公司,,
C1102051721000702707,11-吻（缝）合器及附件,02-开放手术用吻（缝）合器 及附件,05-开放吻合器,172-吻合器类,10-不区分,007-一次性使用/手动/直 线,172105,开放直线型吻合器（一次性 使用/手动),常州安克医疗科技有限公司,,
C1102051721000702776,11-吻（缝）合器及附件,02-开放手术用吻（缝）合器 及附件,05-开放吻合器,172-吻合器类,10-不区分,007-一次性使用/手动/直 线,172105,开放直线型吻合器（一次性 使用/手动),江苏钱璟医疗器械有限公司,,
C1102051721000702842,11-吻（缝）合器及附件,02-开放手术用吻（缝）合器 及附件,05-开放吻合器,172-吻合器类,10-不区分,007-一次性使用/手动/直 线,172105,开放直线型吻合器（一次性 使用/手动),江苏瑞安贝医疗器械有限公司,,
C1102051721000703237,11-吻（缝）合器及附件,02-开放手术用吻（缝）合器 及附件,05-开放吻合器,172-吻合器类,10-不区分,007-一次性使用/手动/直 线,172105,开放直线型吻合器（一次性 使用/手动),宝玛医疗科技（无锡）有限公司,,
C1102051721000703370,11-吻（缝）合器及附件,02-开放手术用吻（缝）合器 及附件,05-开放吻合器,172-吻合器类,10-不区分,007-一次性使用/手动/直 线,172105,开放直线型吻合器（一次性 使用/手动),泰戈斯医疗器械（江苏）有限公司,,
C1102051721000703585,11-吻（缝）合器及附件,02-开放手术用吻（缝）合器 及附件,05-开放吻合器,172-吻合器类,10-不区分,007-一次性使用/手动/直 线,172105,开放直线型吻合器（一次性 使用/手动),常州市微凯医疗科技有限公司,,
C1102051721000703675,11-吻（缝）合器及附件,02-开放手术用吻（缝）合器 及附件,05-开放吻合器,172-吻合器类,10-不区分,007-一次性使用/手动/直 线,172105,开放直线型吻合器（一次性 使用/手动),江苏海泽医疗科技发展有限公司,,
C1102051721000704389,11-吻（缝）合器及附件,02-开放手术用吻（缝）合器 及附件,05-开放吻合器,172-吻合器类,10-不区分,007-一次性使用/手动/直 线,172105,开放直线型吻合器（一次性 使用/手动),威海威高富森医用材料有限公司,,
C1102051721000704638,11-吻（缝）合器及附件,02-开放手术用吻（缝）合器 及附件,05-开放吻合器,172-吻合器类,10-不区分,007-一次性使用/手动/直 线,172105,开放直线型吻合器（一次性 使用/手动),常州威克医疗器械有限公司,,
C1102051721000704690,11-吻（缝）合器及附件,02-开放手术用吻（缝）合器 及附件,05-开放吻合器,172-吻合器类,10-不区分,007-一次性使用/手动/直 线,172105,开放直线型吻合器（一次性 使用/手动),常州纳森医疗器械有限公司,,
C1102051721000705107,11-吻（缝）合器及附件,02-开放手术用吻（缝）合器 及附件,05-开放吻合器,172-吻合器类,10-不区分,007-一次性使用/手动/直 线,172105,开放直线型吻合器（一次性 使用/手动),常州市新能源吻合器总厂有限公司,,
C1102051721000706224,11-吻（缝）合器及附件,02-开放手术用吻（缝）合器 及附件,05-开放吻合器,172-吻合器类,10-不区分,007-一次性使用/手动/直 线,172105,开放直线型吻合器（一次性 使用/手动),江苏风和医疗器材股份有限公司,,
C1102051721000706352,11-吻（缝）合器及附件,02-开放手术用吻（缝）合器 及附件,05-开放吻合器,172-吻合器类,10-不区分,007-一次性使用/手动/直 线,172105,开放直线型吻合器（一次性 使用/手动),江苏通达医疗器械有限公司,,
C1102051721000706410,11-吻（缝）合器及附件,02-开放手术用吻（缝）合器 及附件,05-开放吻合器,172-吻合器类,10-不区分,007-一次性使用/手动/直 线,172105,开放直线型吻合器（一次性 使用/手动),常州华森医疗器械股份有限公司,,
C1102051721000706452,11-吻（缝）合器及附件,02-开放手术用吻（缝）合器 及附件,05-开放吻合器,172-吻合器类,10-不区分,007-一次性使用/手动/直 线,172105,开放直线型吻合器（一次性 使用/手动),无锡市神康医疗器械设备有限公司,,
C1102051721000706618,11-吻（缝）合器及附件,02-开放手术用吻（缝）合器 及附件,05-开放吻合器,172-吻合器类,10-不区分,007-一次性使用/手动/直 线,172105,开放直线型吻合器（一次性 使用/手动),江苏健瑞宝医疗科技股份有限公司,,
C1102051721000706759,11-吻（缝）合器及附件,02-开放手术用吻（缝）合器 及附件,05-开放吻合器,172-吻合器类,10-不区分,007-一次性使用/手动/直 线,172105,开放直线型吻合器（一次性 使用/手动),宁波维尔凯迪医疗器械有限公司,,
C1102051721000706823,11-吻（缝）合器及附件,02-开放手术用吻（缝）合器 及附件,05-开放吻合器,172-吻合器类,10-不区分,007-一次性使用/手动/直 线,172105,开放直线型吻合器（一次性 使用/手动),柯惠医疗器材国际贸易（上海）有 限公司,,
C1102051721000706855,11-吻（缝）合器及附件,02-开放手术用吻（缝）合器 及附件,05-开放吻合器,172-吻合器类,10-不区分,007-一次性使用/手动/直 线,172105,开放直线型吻合器（一次性 使用/手动),山东威瑞外科医用制品有限公司,,
C1102051721000706894,11-吻（缝）合器及附件,02-开放手术用吻（缝）合器 及附件,05-开放吻合器,172-吻合器类,10-不区分,007-一次性使用/手动/直 线,172105,开放直线型吻合器（一次性 使用/手动),南京迈迪欣医疗器械有限公司,,
C1102051721000706962,11-吻（缝）合器及附件,02-开放手术用吻（缝）合器 及附件,05-开放吻合器,172-吻合器类,10-不区分,007-一次性使用/手动/直 线,172105,开放直线型吻合器（一次性 使用/手动),浙江天松医疗器械股份有限公司,,
C1102051721000707013,11-吻（缝）合器及附件,02-开放手术用吻（缝）合器 及附件,05-开放吻合器,172-吻合器类,10-不区分,007-一次性使用/手动/直 线,172105,开放直线型吻合器（一次性 使用/手动),无锡市舒康医疗器械有限公司,,
C1102051721000707030,11-吻（缝）合器及附件,02-开放手术用吻（缝）合器 及附件,05-开放吻合器,172-吻合器类,10-不区分,007-一次性使用/手动/直 线,172105,开放直线型吻合器（一次性 使用/手动),江苏凯尔特医疗科技有限公司,,
C1102051721000707079,11-吻（缝）合器及附件,02-开放手术用吻（缝）合器 及附件,05-开放吻合器,172-吻合器类,10-不区分,007-一次性使用/手动/直 线,172105,开放直线型吻合器（一次性 使用/手动),常州同创医疗器械科技有限公司,,
C1102051721000707185,11-吻（缝）合器及附件,02-开放手术用吻（缝）合器 及附件,05-开放吻合器,172-吻合器类,10-不区分,007-一次性使用/手动/直 线,172105,开放直线型吻合器（一次性 使用/手动),常州伊沃特医疗器械有限公司,,
C1102051721000707197,11-吻（缝）合器及附件,02-开放手术用吻（缝）合器 及附件,05-开放吻合器,172-吻合器类,10-不区分,007-一次性使用/手动/直 线,172105,开放直线型吻合器（一次性 使用/手动),常州海尔斯医疗器械科技有限公司,,
C1102051721000707284,11-吻（缝）合器及附件,02-开放手术用吻（缝）合器 及附件,05-开放吻合器,172-吻合器类,10-不区分,007-一次性使用/手动/直 线,172105,开放直线型吻合器（一次性 使用/手动),微至（苏州）医疗科技有限公司,,
C1102051721000707341,11-吻（缝）合器及附件,02-开放手术用吻（缝）合器 及附件,05-开放吻合器,172-吻合器类,10-不区分,007-一次性使用/手动/直 线,172105,开放直线型吻合器（一次性 使用/手动),无锡博康医疗器械有限公司,,
C1102051721000707429,11-吻（缝）合器及附件,02-开放手术用吻（缝）合器 及附件,05-开放吻合器,172-吻合器类,10-不区分,007-一次性使用/手动/直 线,172105,开放直线型吻合器（一次性 使用/手动),天臣国际医疗科技股份有限公司,,
C1102051721000707507,11-吻（缝）合器及附件,02-开放手术用吻（缝）合器 及附件,05-开放吻合器,172-吻合器类,10-不区分,007-一次性使用/手动/直 线,172105,开放直线型吻合器（一次性 使用/手动),北京博辉瑞进生物科技有限公司,,
C1102051721000707722,11-吻（缝）合器及附件,02-开放手术用吻（缝）合器 及附件,05-开放吻合器,172-吻合器类,10-不区分,007-一次性使用/手动/直 线,172105,开放直线型吻合器（一次性 使用/手动),常州瑞索斯医疗设备有限公司,,
C1102051721000708019,11-吻（缝）合器及附件,02-开放手术用吻（缝）合器 及附件,05-开放吻合器,172-吻合器类,10-不区分,007-一次性使用/手动/直 线,172105,开放直线型吻合器（一次性 使用/手动),江苏瑞普医疗器械科技有限公司,,
C1102051721000708414,11-吻（缝）合器及附件,02-开放手术用吻（缝）合器 及附件,05-开放吻合器,172-吻合器类,10-不区分,007-一次性使用/手动/直 线,172105,开放直线型吻合器（一次性 使用/手动),北京派尔特医疗科技股份有限公司,,
C1102051721000708486,11-吻（缝）合器及附件,02-开放手术用吻（缝）合器 及附件,05-开放吻合器,172-吻合器类,10-不区分,007-一次性使用/手动/直 线,172105,开放直线型吻合器（一次性 使用/手动),浙江格宜医疗器械有限公司,,
C1102051721000709051,11-吻（缝）合器及附件,02-开放手术用吻（缝）合器 及附件,05-开放吻合器,172-吻合器类,10-不区分,007-一次性使用/手动/直 线,172105,开放直线型吻合器（一次性 使用/手动),江苏冠创医疗科技有限公司,,
C1102051721000709071,11-吻（缝）合器及附件,02-开放手术用吻（缝）合器 及附件,05-开放吻合器,172-吻合器类,10-不区分,007-一次性使用/手动/直 线,172105,开放直线型吻合器（一次性 使用/手动),江苏泓正医疗科技有限公司,,
C1102051721000709098,11-吻（缝）合器及附件,02-开放手术用吻（缝）合器 及附件,05-开放吻合器,172-吻合器类,10-不区分,007-一次性使用/手动/直 线,172105,开放直线型吻合器（一次性 使用/手动),强生（上海）医疗器材有限公司,,
C1102051721000709495,11-吻（缝）合器及附件,02-开放手术用吻（缝）合器 及附件,05-开放吻合器,172-吻合器类,10-不区分,007-一次性使用/手动/直 线,172105,开放直线型吻合器（一次性 使用/手动),常州医疗器材总厂股份有限公司,,
C1102051721000709709,11-吻（缝）合器及附件,02-开放手术用吻（缝）合器 及附件,05-开放吻合器,172-吻合器类,10-不区分,007-一次性使用/手动/直 线,172105,开放直线型吻合器（一次性 使用/手动),常州市海达医疗器械有限公司,,
C1102051721000709820,11-吻（缝）合器及附件,02-开放手术用吻（缝）合器 及附件,05-开放吻合器,172-吻合器类,10-不区分,007-一次性使用/手动/直 线,172105,开放直线型吻合器（一次性 使用/手动),常州市智业医疗仪器研究所有限公 司,,
C1102051721000709927,11-吻（缝）合器及附件,02-开放手术用吻（缝）合器 及附件,05-开放吻合器,172-吻合器类,10-不区分,007-一次性使用/手动/直 线,172105,开放直线型吻合器（一次性 使用/手动),湖北瑞沃医药材料有限公司,,
C1102051721000710084,11-吻（缝）合器及附件,02-开放手术用吻（缝）合器 及附件,05-开放吻合器,172-吻合器类,10-不区分,007-一次性使用/手动/直 线,172105,开放直线型吻合器（一次性 使用/手动),宁波海泰科迈医疗器械有限公司,,
C1102051721000710088,11-吻（缝）合器及附件,02-开放手术用吻（缝）合器 及附件,05-开放吻合器,172-吻合器类,10-不区分,007-一次性使用/手动/直 线,172105,开放直线型吻合器（一次性 使用/手动),青岛中惠圣熙生物工程有限公司,,
C1102051721000710203,11-吻（缝）合器及附件,02-开放手术用吻（缝）合器 及附件,05-开放吻合器,172-吻合器类,10-不区分,007-一次性使用/手动/直 线,172105,开放直线型吻合器（一次性 使用/手动),普瑞德医疗器械科技江苏有限公司,,
C1102051721000710420,11-吻（缝）合器及附件,02-开放手术用吻（缝）合器 及附件,05-开放吻合器,172-吻合器类,10-不区分,007-一次性使用/手动/直 线,172105,开放直线型吻合器（一次性 使用/手动),常州市康迪医用吻合器有限公司,,
C1102051721000710705,11-吻（缝）合器及附件,02-开放手术用吻（缝）合器 及附件,05-开放吻合器,172-吻合器类,10-不区分,007-一次性使用/手动/直 线,172105,开放直线型吻合器（一次性 使用/手动),河南盛华医疗器械有限公司,,
C1102051721000711155,11-吻（缝）合器及附件,02-开放手术用吻（缝）合器 及附件,05-开放吻合器,172-吻合器类,10-不区分,007-一次性使用/手动/直 线,172105,开放直线型吻合器（一次性 使用/手动),欣瑞德（江苏）医疗科技有限公司,,
C1102051721000711352,11-吻（缝）合器及附件,02-开放手术用吻（缝）合器 及附件,05-开放吻合器,172-吻合器类,10-不区分,007-一次性使用/手动/直 线,172105,开放直线型吻合器（一次性 使用/手动),苏州朗特斯医疗科技有限公司,,
C1102051721000711452,11-吻（缝）合器及附件,02-开放手术用吻（缝）合器 及附件,05-开放吻合器,172-吻合器类,10-不区分,007-一次性使用/手动/直 线,172105,开放直线型吻合器（一次性 使用/手动),江苏百纳医疗科技有限公司,,
C1102051721000711492,11-吻（缝）合器及附件,02-开放手术用吻（缝）合器 及附件,05-开放吻合器,172-吻合器类,10-不区分,007-一次性使用/手动/直 线,172105,开放直线型吻合器（一次性 使用/手动),江苏柯汇医疗科技有限公司,,
C1102051721000711552,11-吻（缝）合器及附件,02-开放手术用吻（缝）合器 及附件,05-开放吻合器,172-吻合器类,10-不区分,007-一次性使用/手动/直 线,172105,开放直线型吻合器（一次性 使用/手动),重庆德川医疗器械有限公司,,
C1102051721000711594,11-吻（缝）合器及附件,02-开放手术用吻（缝）合器 及附件,05-开放吻合器,172-吻合器类,10-不区分,007-一次性使用/手动/直 线,172105,开放直线型吻合器（一次性 使用/手动),河北卫崭医疗科技有限公司,,
C1102051721000711721,11-吻（缝）合器及附件,02-开放手术用吻（缝）合器 及附件,05-开放吻合器,172-吻合器类,10-不区分,007-一次性使用/手动/直 线,172105,开放直线型吻合器（一次性 使用/手动),四川双陆医疗器械有限公司,,
C1102051721000711809,11-吻（缝）合器及附件,02-开放手术用吻（缝）合器 及附件,05-开放吻合器,172-吻合器类,10-不区分,007-一次性使用/手动/直 线,172105,开放直线型吻合器（一次性 使用/手动),湖南思捷泰克医疗科技有限公司,,
C1102051721000712643,11-吻（缝）合器及附件,02-开放手术用吻（缝）合器 及附件,05-开放吻合器,172-吻合器类,10-不区分,007-一次性使用/手动/直 线,172105,开放直线型吻合器（一次性 使用/手动),江苏瑞晟医疗器械有限公司,,
C1102051721000713748,11-吻（缝）合器及附件,02-开放手术用吻（缝）合器 及附件,05-开放吻合器,172-吻合器类,10-不区分,007-一次性使用/手动/直 线,172105,开放直线型吻合器（一次性 使用/手动),江苏乾康医疗器械有限公司,,
C1102051721000714419,11-吻（缝）合器及附件,02-开放手术用吻（缝）合器 及附件,05-开放吻合器,172-吻合器类,10-不区分,007-一次性使用/手动/直 线,172105,开放直线型吻合器（一次性 使用/手动),江西汉普医疗科技有限公司,,
C1102051721000717734,11-吻（缝）合器及附件,02-开放手术用吻（缝）合器 及附件,05-开放吻合器,172-吻合器类,10-不区分,007-一次性使用/手动/直 线,172105,开放直线型吻合器（一次性 使用/手动),江苏安欣医疗科技有限公司,,
C1102051721000719595,11-吻（缝）合器及附件,02-开放手术用吻（缝）合器 及附件,05-开放吻合器,172-吻合器类,10-不区分,007-一次性使用/手动/直 线,172105,开放直线型吻合器（一次性 使用/手动),厦门星火微光医疗器械制造有限公 司,,
C1102051721000720643,11-吻（缝）合器及附件,02-开放手术用吻（缝）合器 及附件,05-开放吻合器,172-吻合器类,10-不区分,007-一次性使用/手动/直 线,172105,开放直线型吻合器（一次性 使用/手动),河南久益科技有限公司,,
C1102051721000812160,11-吻（缝）合器及附件,02-开放手术用吻（缝）合器 及附件,05-开放吻合器,172-吻合器类,10-不区分,008-一次性使用/电动/直 线,172107,开放直线型吻合器（一次性 使用/电动),苏州英途康医疗科技有限公司,,
C1102051721000905107,11-吻（缝）合器及附件,02-开放手术用吻（缝）合器 及附件,05-开放吻合器,172-吻合器类,10-不区分,009-可重复使用/手动/直 线,172106,开放直线型吻合器（可重复 使用/手动),常州市新能源吻合器总厂有限公司,,
C1102051721000907722,11-吻（缝）合器及附件,02-开放手术用吻（缝）合器 及附件,05-开放吻合器,172-吻合器类,10-不区分,009-可重复使用/手动/直 线,172106,开放直线型吻合器（可重复 使用/手动),常州瑞索斯医疗设备有限公司,,
C1102051721000909820,11-吻（缝）合器及附件,02-开放手术用吻（缝）合器 及附件,05-开放吻合器,172-吻合器类,10-不区分,009-可重复使用/手动/直 线,172106,开放直线型吻合器（可重复 使用/手动),常州市智业医疗仪器研究所有限公 司,,
C1102061731103000013,11-吻（缝）合器及附件,02-开放手术用吻（缝）合器 及附件,06-开放吻合器钉仓（钉匣）,173-吻合器适配钉 仓类,11-纯钛,030-手动/直线,173103,开放直线型吻合器钉仓（钉 匣）,常州安康医疗器械有限公司,,
C1102061731103000841,11-吻（缝）合器及附件,02-开放手术用吻（缝）合器 及附件,06-开放吻合器钉仓（钉匣）,173-吻合器适配钉 仓类,11-纯钛,030-手动/直线,173103,开放直线型吻合器钉仓（钉 匣）,苏州法兰克曼医疗器械有限公司,,
C1102061731103000942,11-吻（缝）合器及附件,02-开放手术用吻（缝）合器 及附件,06-开放吻合器钉仓（钉匣）,173-吻合器适配钉 仓类,11-纯钛,030-手动/直线,173103,开放直线型吻合器钉仓（钉 匣）,无锡市宇寿医疗器械有限公司,,
C1102061731103000977,11-吻（缝）合器及附件,02-开放手术用吻（缝）合器 及附件,06-开放吻合器钉仓（钉匣）,173-吻合器适配钉 仓类,11-纯钛,030-手动/直线,173103,开放直线型吻合器钉仓（钉 匣）,施爱德（厦门）医疗器材有限公司,,
C1102061731103001105,11-吻（缝）合器及附件,02-开放手术用吻（缝）合器 及附件,06-开放吻合器钉仓（钉匣）,173-吻合器适配钉 仓类,11-纯钛,030-手动/直线,173103,开放直线型吻合器钉仓（钉 匣）,常州贺利氏微创医疗器械有限公司,,
C1102061731103001564,11-吻（缝）合器及附件,02-开放手术用吻（缝）合器 及附件,06-开放吻合器钉仓（钉匣）,173-吻合器适配钉 仓类,11-纯钛,030-手动/直线,173103,开放直线型吻合器钉仓（钉 匣）,江苏三联星海医疗器械有限公司,,
C1102061731103001600,11-吻（缝）合器及附件,02-开放手术用吻（缝）合器 及附件,06-开放吻合器钉仓（钉匣）,173-吻合器适配钉 仓类,11-纯钛,030-手动/直线,173103,开放直线型吻合器钉仓（钉 匣）,常州市久成电子设备有限公司,,
C1102061731103001933,11-吻（缝）合器及附件,02-开放手术用吻（缝）合器 及附件,06-开放吻合器钉仓（钉匣）,173-吻合器适配钉 仓类,11-纯钛,030-手动/直线,173103,开放直线型吻合器钉仓（钉 匣）,安徽国泰国瑞医疗科技有限公司,,
C1102061731103001959,11-吻（缝）合器及附件,02-开放手术用吻（缝）合器 及附件,06-开放吻合器钉仓（钉匣）,173-吻合器适配钉 仓类,11-纯钛,030-手动/直线,173103,开放直线型吻合器钉仓（钉 匣）,江苏博朗森思医疗器械有限公司,,
C1102061731103002088,11-吻（缝）合器及附件,02-开放手术用吻（缝）合器 及附件,06-开放吻合器钉仓（钉匣）,173-吻合器适配钉 仓类,11-纯钛,030-手动/直线,173103,开放直线型吻合器钉仓（钉 匣）,苏州贝诺医疗器械有限公司,,
C1102061731103002176,11-吻（缝）合器及附件,02-开放手术用吻（缝）合器 及附件,06-开放吻合器钉仓（钉匣）,173-吻合器适配钉 仓类,11-纯钛,030-手动/直线,173103,开放直线型吻合器钉仓（钉 匣）,无锡东峰怡和科技发展有限公司,,
C1102061731103002486,11-吻（缝）合器及附件,02-开放手术用吻（缝）合器 及附件,06-开放吻合器钉仓（钉匣）,173-吻合器适配钉 仓类,11-纯钛,030-手动/直线,173103,开放直线型吻合器钉仓（钉 匣）,河南省驼人医疗科技有限公司,,
C1102061731103002494,11-吻（缝）合器及附件,02-开放手术用吻（缝）合器 及附件,06-开放吻合器钉仓（钉匣）,173-吻合器适配钉 仓类,11-纯钛,030-手动/直线,173103,开放直线型吻合器钉仓（钉 匣）,北京天助畅运医疗技术股份有限公 司,,
C1102061731103002573,11-吻（缝）合器及附件,02-开放手术用吻（缝）合器 及附件,06-开放吻合器钉仓（钉匣）,173-吻合器适配钉 仓类,11-纯钛,030-手动/直线,173103,开放直线型吻合器钉仓（钉 匣）,普瑞斯星（常州）医疗器械有限公 司,,
C1102061731103002601,11-吻（缝）合器及附件,02-开放手术用吻（缝）合器 及附件,06-开放吻合器钉仓（钉匣）,173-吻合器适配钉 仓类,11-纯钛,030-手动/直线,173103,开放直线型吻合器钉仓（钉 匣）,常州洛克曼医疗器械有限公司,,
C1102061731103002707,11-吻（缝）合器及附件,02-开放手术用吻（缝）合器 及附件,06-开放吻合器钉仓（钉匣）,173-吻合器适配钉 仓类,11-纯钛,030-手动/直线,173103,开放直线型吻合器钉仓（钉 匣）,常州安克医疗科技有限公司,,
C1102061731103002776,11-吻（缝）合器及附件,02-开放手术用吻（缝）合器 及附件,06-开放吻合器钉仓（钉匣）,173-吻合器适配钉 仓类,11-纯钛,030-手动/直线,173103,开放直线型吻合器钉仓（钉 匣）,江苏钱璟医疗器械有限公司,,
C1102061731103003370,11-吻（缝）合器及附件,02-开放手术用吻（缝）合器 及附件,06-开放吻合器钉仓（钉匣）,173-吻合器适配钉 仓类,11-纯钛,030-手动/直线,173103,开放直线型吻合器钉仓（钉 匣）,泰戈斯医疗器械（江苏）有限公司,,
C1102061731103003585,11-吻（缝）合器及附件,02-开放手术用吻（缝）合器 及附件,06-开放吻合器钉仓（钉匣）,173-吻合器适配钉 仓类,11-纯钛,030-手动/直线,173103,开放直线型吻合器钉仓（钉 匣）,常州市微凯医疗科技有限公司,,
C1102061731103003675,11-吻（缝）合器及附件,02-开放手术用吻（缝）合器 及附件,06-开放吻合器钉仓（钉匣）,173-吻合器适配钉 仓类,11-纯钛,030-手动/直线,173103,开放直线型吻合器钉仓（钉 匣）,江苏海泽医疗科技发展有限公司,,
C1102061731103004389,11-吻（缝）合器及附件,02-开放手术用吻（缝）合器 及附件,06-开放吻合器钉仓（钉匣）,173-吻合器适配钉 仓类,11-纯钛,030-手动/直线,173103,开放直线型吻合器钉仓（钉 匣）,威海威高富森医用材料有限公司,,
C1102061731103004638,11-吻（缝）合器及附件,02-开放手术用吻（缝）合器 及附件,06-开放吻合器钉仓（钉匣）,173-吻合器适配钉 仓类,11-纯钛,030-手动/直线,173103,开放直线型吻合器钉仓（钉 匣）,常州威克医疗器械有限公司,,
C1102061731103004690,11-吻（缝）合器及附件,02-开放手术用吻（缝）合器 及附件,06-开放吻合器钉仓（钉匣）,173-吻合器适配钉 仓类,11-纯钛,030-手动/直线,173103,开放直线型吻合器钉仓（钉 匣）,常州纳森医疗器械有限公司,,
C1102061731103005107,11-吻（缝）合器及附件,02-开放手术用吻（缝）合器 及附件,06-开放吻合器钉仓（钉匣）,173-吻合器适配钉 仓类,11-纯钛,030-手动/直线,173103,开放直线型吻合器钉仓（钉 匣）,常州市新能源吻合器总厂有限公司,,
C1102061731103006224,11-吻（缝）合器及附件,02-开放手术用吻（缝）合器 及附件,06-开放吻合器钉仓（钉匣）,173-吻合器适配钉 仓类,11-纯钛,030-手动/直线,173103,开放直线型吻合器钉仓（钉 匣）,江苏风和医疗器材股份有限公司,,
C1102061731103006410,11-吻（缝）合器及附件,02-开放手术用吻（缝）合器 及附件,06-开放吻合器钉仓（钉匣）,173-吻合器适配钉 仓类,11-纯钛,030-手动/直线,173103,开放直线型吻合器钉仓（钉 匣）,常州华森医疗器械股份有限公司,,
C1102061731103006452,11-吻（缝）合器及附件,02-开放手术用吻（缝）合器 及附件,06-开放吻合器钉仓（钉匣）,173-吻合器适配钉 仓类,11-纯钛,030-手动/直线,173103,开放直线型吻合器钉仓（钉 匣）,无锡市神康医疗器械设备有限公司,,
C1102061731103006618,11-吻（缝）合器及附件,02-开放手术用吻（缝）合器 及附件,06-开放吻合器钉仓（钉匣）,173-吻合器适配钉 仓类,11-纯钛,030-手动/直线,173103,开放直线型吻合器钉仓（钉 匣）,江苏健瑞宝医疗科技股份有限公司,,
C1102061731103006823,11-吻（缝）合器及附件,02-开放手术用吻（缝）合器 及附件,06-开放吻合器钉仓（钉匣）,173-吻合器适配钉 仓类,11-纯钛,030-手动/直线,173103,开放直线型吻合器钉仓（钉 匣）,柯惠医疗器材国际贸易（上海）有 限公司,,
C1102061731103006855,11-吻（缝）合器及附件,02-开放手术用吻（缝）合器 及附件,06-开放吻合器钉仓（钉匣）,173-吻合器适配钉 仓类,11-纯钛,030-手动/直线,173103,开放直线型吻合器钉仓（钉 匣）,山东威瑞外科医用制品有限公司,,
C1102061731103006894,11-吻（缝）合器及附件,02-开放手术用吻（缝）合器 及附件,06-开放吻合器钉仓（钉匣）,173-吻合器适配钉 仓类,11-纯钛,030-手动/直线,173103,开放直线型吻合器钉仓（钉 匣）,南京迈迪欣医疗器械有限公司,,
C1102061731103007013,11-吻（缝）合器及附件,02-开放手术用吻（缝）合器 及附件,06-开放吻合器钉仓（钉匣）,173-吻合器适配钉 仓类,11-纯钛,030-手动/直线,173103,开放直线型吻合器钉仓（钉 匣）,无锡市舒康医疗器械有限公司,,
C1102061731103007030,11-吻（缝）合器及附件,02-开放手术用吻（缝）合器 及附件,06-开放吻合器钉仓（钉匣）,173-吻合器适配钉 仓类,11-纯钛,030-手动/直线,173103,开放直线型吻合器钉仓（钉 匣）,江苏凯尔特医疗科技有限公司,,
C1102061731103007079,11-吻（缝）合器及附件,02-开放手术用吻（缝）合器 及附件,06-开放吻合器钉仓（钉匣）,173-吻合器适配钉 仓类,11-纯钛,030-手动/直线,173103,开放直线型吻合器钉仓（钉 匣）,常州同创医疗器械科技有限公司,,
C1102061731103007185,11-吻（缝）合器及附件,02-开放手术用吻（缝）合器 及附件,06-开放吻合器钉仓（钉匣）,173-吻合器适配钉 仓类,11-纯钛,030-手动/直线,173103,开放直线型吻合器钉仓（钉 匣）,常州伊沃特医疗器械有限公司,,
C1102061731103007197,11-吻（缝）合器及附件,02-开放手术用吻（缝）合器 及附件,06-开放吻合器钉仓（钉匣）,173-吻合器适配钉 仓类,11-纯钛,030-手动/直线,173103,开放直线型吻合器钉仓（钉 匣）,常州海尔斯医疗器械科技有限公司,,
C1102061731103007284,11-吻（缝）合器及附件,02-开放手术用吻（缝）合器 及附件,06-开放吻合器钉仓（钉匣）,173-吻合器适配钉 仓类,11-纯钛,030-手动/直线,173103,开放直线型吻合器钉仓（钉 匣）,微至（苏州）医疗科技有限公司,,
C1102061731103007341,11-吻（缝）合器及附件,02-开放手术用吻（缝）合器 及附件,06-开放吻合器钉仓（钉匣）,173-吻合器适配钉 仓类,11-纯钛,030-手动/直线,173103,开放直线型吻合器钉仓（钉 匣）,无锡博康医疗器械有限公司,,
C1102061731103007429,11-吻（缝）合器及附件,02-开放手术用吻（缝）合器 及附件,06-开放吻合器钉仓（钉匣）,173-吻合器适配钉 仓类,11-纯钛,030-手动/直线,173103,开放直线型吻合器钉仓（钉 匣）,天臣国际医疗科技股份有限公司,,
C1102061731103007722,11-吻（缝）合器及附件,02-开放手术用吻（缝）合器 及附件,06-开放吻合器钉仓（钉匣）,173-吻合器适配钉 仓类,11-纯钛,030-手动/直线,173103,开放直线型吻合器钉仓（钉 匣）,常州瑞索斯医疗设备有限公司,,
C1102061731103008019,11-吻（缝）合器及附件,02-开放手术用吻（缝）合器 及附件,06-开放吻合器钉仓（钉匣）,173-吻合器适配钉 仓类,11-纯钛,030-手动/直线,173103,开放直线型吻合器钉仓（钉 匣）,江苏瑞普医疗器械科技有限公司,,
C1102061731103008414,11-吻（缝）合器及附件,02-开放手术用吻（缝）合器 及附件,06-开放吻合器钉仓（钉匣）,173-吻合器适配钉 仓类,11-纯钛,030-手动/直线,173103,开放直线型吻合器钉仓（钉 匣）,北京派尔特医疗科技股份有限公司,,
C1102061731103009051,11-吻（缝）合器及附件,02-开放手术用吻（缝）合器 及附件,06-开放吻合器钉仓（钉匣）,173-吻合器适配钉 仓类,11-纯钛,030-手动/直线,173103,开放直线型吻合器钉仓（钉 匣）,江苏冠创医疗科技有限公司,,
C1102061731103009071,11-吻（缝）合器及附件,02-开放手术用吻（缝）合器 及附件,06-开放吻合器钉仓（钉匣）,173-吻合器适配钉 仓类,11-纯钛,030-手动/直线,173103,开放直线型吻合器钉仓（钉 匣）,江苏泓正医疗科技有限公司,,
C1102061731103009820,11-吻（缝）合器及附件,02-开放手术用吻（缝）合器 及附件,06-开放吻合器钉仓（钉匣）,173-吻合器适配钉 仓类,11-纯钛,030-手动/直线,173103,开放直线型吻合器钉仓（钉 匣）,常州市智业医疗仪器研究所有限公 司,,
C1102061731103010203,11-吻（缝）合器及附件,02-开放手术用吻（缝）合器 及附件,06-开放吻合器钉仓（钉匣）,173-吻合器适配钉 仓类,11-纯钛,030-手动/直线,173103,开放直线型吻合器钉仓（钉 匣）,普瑞德医疗器械科技江苏有限公司,,
C1102061731103010420,11-吻（缝）合器及附件,02-开放手术用吻（缝）合器 及附件,06-开放吻合器钉仓（钉匣）,173-吻合器适配钉 仓类,11-纯钛,030-手动/直线,173103,开放直线型吻合器钉仓（钉 匣）,常州市康迪医用吻合器有限公司,,
C1102061731103011155,11-吻（缝）合器及附件,02-开放手术用吻（缝）合器 及附件,06-开放吻合器钉仓（钉匣）,173-吻合器适配钉 仓类,11-纯钛,030-手动/直线,173103,开放直线型吻合器钉仓（钉 匣）,欣瑞德（江苏）医疗科技有限公司,,
C1102061731103011352,11-吻（缝）合器及附件,02-开放手术用吻（缝）合器 及附件,06-开放吻合器钉仓（钉匣）,173-吻合器适配钉 仓类,11-纯钛,030-手动/直线,173103,开放直线型吻合器钉仓（钉 匣）,苏州朗特斯医疗科技有限公司,,
C1102061731103011452,11-吻（缝）合器及附件,02-开放手术用吻（缝）合器 及附件,06-开放吻合器钉仓（钉匣）,173-吻合器适配钉 仓类,11-纯钛,030-手动/直线,173103,开放直线型吻合器钉仓（钉 匣）,江苏百纳医疗科技有限公司,,
C1102061731103011492,11-吻（缝）合器及附件,02-开放手术用吻（缝）合器 及附件,06-开放吻合器钉仓（钉匣）,173-吻合器适配钉 仓类,11-纯钛,030-手动/直线,173103,开放直线型吻合器钉仓（钉 匣）,江苏柯汇医疗科技有限公司,,
C1102061731103011552,11-吻（缝）合器及附件,02-开放手术用吻（缝）合器 及附件,06-开放吻合器钉仓（钉匣）,173-吻合器适配钉 仓类,11-纯钛,030-手动/直线,173103,开放直线型吻合器钉仓（钉 匣）,重庆德川医疗器械有限公司,,
C1102061731103011594,11-吻（缝）合器及附件,02-开放手术用吻（缝）合器 及附件,06-开放吻合器钉仓（钉匣）,173-吻合器适配钉 仓类,11-纯钛,030-手动/直线,173103,开放直线型吻合器钉仓（钉 匣）,河北卫崭医疗科技有限公司,,
C1102061731103012643,11-吻（缝）合器及附件,02-开放手术用吻（缝）合器 及附件,06-开放吻合器钉仓（钉匣）,173-吻合器适配钉 仓类,11-纯钛,030-手动/直线,173103,开放直线型吻合器钉仓（钉 匣）,江苏瑞晟医疗器械有限公司,,
C1102061731103013748,11-吻（缝）合器及附件,02-开放手术用吻（缝）合器 及附件,06-开放吻合器钉仓（钉匣）,173-吻合器适配钉 仓类,11-纯钛,030-手动/直线,173103,开放直线型吻合器钉仓（钉 匣）,江苏乾康医疗器械有限公司,,
C1102061731103014419,11-吻（缝）合器及附件,02-开放手术用吻（缝）合器 及附件,06-开放吻合器钉仓（钉匣）,173-吻合器适配钉 仓类,11-纯钛,030-手动/直线,173103,开放直线型吻合器钉仓（钉 匣）,江西汉普医疗科技有限公司,,
C1102061731103017734,11-吻（缝）合器及附件,02-开放手术用吻（缝）合器 及附件,06-开放吻合器钉仓（钉匣）,173-吻合器适配钉 仓类,11-纯钛,030-手动/直线,173103,开放直线型吻合器钉仓（钉 匣）,江苏安欣医疗科技有限公司,,
C1102061731103019595,11-吻（缝）合器及附件,02-开放手术用吻（缝）合器 及附件,06-开放吻合器钉仓（钉匣）,173-吻合器适配钉 仓类,11-纯钛,030-手动/直线,173103,开放直线型吻合器钉仓（钉 匣）,厦门星火微光医疗器械制造有限公 司,,
C1102061731403001321,11-吻（缝）合器及附件,02-开放手术用吻（缝）合器 及附件,06-开放吻合器钉仓（钉匣）,173-吻合器适配钉 仓类,14-钛合金,030-手动/直线,173103,开放直线型吻合器钉仓（钉 匣）,江苏华夏医疗器械有限公司,,
C1102061731403002842,11-吻（缝）合器及附件,02-开放手术用吻（缝）合器 及附件,06-开放吻合器钉仓（钉匣）,173-吻合器适配钉 仓类,14-钛合金,030-手动/直线,173103,开放直线型吻合器钉仓（钉 匣）,江苏瑞安贝医疗器械有限公司,,
C1102061731403006759,11-吻（缝）合器及附件,02-开放手术用吻（缝）合器 及附件,06-开放吻合器钉仓（钉匣）,173-吻合器适配钉 仓类,14-钛合金,030-手动/直线,173103,开放直线型吻合器钉仓（钉 匣）,宁波维尔凯迪医疗器械有限公司,,
C1102061731403007197,11-吻（缝）合器及附件,02-开放手术用吻（缝）合器 及附件,06-开放吻合器钉仓（钉匣）,173-吻合器适配钉 仓类,14-钛合金,030-手动/直线,173103,开放直线型吻合器钉仓（钉 匣）,常州海尔斯医疗器械科技有限公司,,
C1102061731403007429,11-吻（缝）合器及附件,02-开放手术用吻（缝）合器 及附件,06-开放吻合器钉仓（钉匣）,173-吻合器适配钉 仓类,14-钛合金,030-手动/直线,173103,开放直线型吻合器钉仓（钉 匣）,天臣国际医疗科技股份有限公司,,
C1102061731403007507,11-吻（缝）合器及附件,02-开放手术用吻（缝）合器 及附件,06-开放吻合器钉仓（钉匣）,173-吻合器适配钉 仓类,14-钛合金,030-手动/直线,173103,开放直线型吻合器钉仓（钉 匣）,北京博辉瑞进生物科技有限公司,,
C1102061731403009098,11-吻（缝）合器及附件,02-开放手术用吻（缝）合器 及附件,06-开放吻合器钉仓（钉匣）,173-吻合器适配钉 仓类,14-钛合金,030-手动/直线,173103,开放直线型吻合器钉仓（钉 匣）,强生（上海）医疗器材有限公司,,
C1102061731403009709,11-吻（缝）合器及附件,02-开放手术用吻（缝）合器 及附件,06-开放吻合器钉仓（钉匣）,173-吻合器适配钉 仓类,14-钛合金,030-手动/直线,173103,开放直线型吻合器钉仓（钉 匣）,常州市海达医疗器械有限公司,,
C1102061731403112160,11-吻（缝）合器及附件,02-开放手术用吻（缝）合器 及附件,06-开放吻合器钉仓（钉匣）,173-吻合器适配钉 仓类,14-钛合金,031-电动/直线,173103,开放直线型吻合器钉仓（钉 匣）,苏州英途康医疗科技有限公司,,
C1102071721100000013,11-吻（缝）合器及附件,02-开放手术用吻（缝）合器 及附件,07-肛肠吻合器,172-吻合器类,11-纯钛,000--,172109,肛肠吻合器,常州安康医疗器械有限公司,,
C1102071721100000680,11-吻（缝）合器及附件,02-开放手术用吻（缝）合器 及附件,07-肛肠吻合器,172-吻合器类,11-纯钛,000--,172109,肛肠吻合器,奥亿康医疗科技无锡有限公司,,
C1102071721100000841,11-吻（缝）合器及附件,02-开放手术用吻（缝）合器 及附件,07-肛肠吻合器,172-吻合器类,11-纯钛,000--,172109,肛肠吻合器,苏州法兰克曼医疗器械有限公司,,
C1102071721100000942,11-吻（缝）合器及附件,02-开放手术用吻（缝）合器 及附件,07-肛肠吻合器,172-吻合器类,11-纯钛,000--,172109,肛肠吻合器,无锡市宇寿医疗器械有限公司,,
C1102071721100000943,11-吻（缝）合器及附件,02-开放手术用吻（缝）合器 及附件,07-肛肠吻合器,172-吻合器类,11-纯钛,000--,172109,肛肠吻合器,天津瑞奇外科器械股份有限公司,,
C1102071721100000977,11-吻（缝）合器及附件,02-开放手术用吻（缝）合器 及附件,07-肛肠吻合器,172-吻合器类,11-纯钛,000--,172109,肛肠吻合器,施爱德（厦门）医疗器材有限公司,,
C1102071721100001105,11-吻（缝）合器及附件,02-开放手术用吻（缝）合器 及附件,07-肛肠吻合器,172-吻合器类,11-纯钛,000--,172109,肛肠吻合器,常州贺利氏微创医疗器械有限公司,,
C1102071721100001174,11-吻（缝）合器及附件,02-开放手术用吻（缝）合器 及附件,07-肛肠吻合器,172-吻合器类,11-纯钛,000--,172109,肛肠吻合器,上海迈诺仕医疗器械有限公司,,
C1102071721100001458,11-吻（缝）合器及附件,02-开放手术用吻（缝）合器 及附件,07-肛肠吻合器,172-吻合器类,11-纯钛,000--,172109,肛肠吻合器,无锡贝恩外科器械有限公司,,
C1102071721100001564,11-吻（缝）合器及附件,02-开放手术用吻（缝）合器 及附件,07-肛肠吻合器,172-吻合器类,11-纯钛,000--,172109,肛肠吻合器,江苏三联星海医疗器械有限公司,,
C1102071721100001600,11-吻（缝）合器及附件,02-开放手术用吻（缝）合器 及附件,07-肛肠吻合器,172-吻合器类,11-纯钛,000--,172109,肛肠吻合器,常州市久成电子设备有限公司,,
C1102071721100001933,11-吻（缝）合器及附件,02-开放手术用吻（缝）合器 及附件,07-肛肠吻合器,172-吻合器类,11-纯钛,000--,172109,肛肠吻合器,安徽国泰国瑞医疗科技有限公司,,
C1102071721100002088,11-吻（缝）合器及附件,02-开放手术用吻（缝）合器 及附件,07-肛肠吻合器,172-吻合器类,11-纯钛,000--,172109,肛肠吻合器,苏州贝诺医疗器械有限公司,,
C1102071721100002176,11-吻（缝）合器及附件,02-开放手术用吻（缝）合器 及附件,07-肛肠吻合器,172-吻合器类,11-纯钛,000--,172109,肛肠吻合器,无锡东峰怡和科技发展有限公司,,
C1102071721100002228,11-吻（缝）合器及附件,02-开放手术用吻（缝）合器 及附件,07-肛肠吻合器,172-吻合器类,11-纯钛,000--,172109,肛肠吻合器,常州科峰医疗科技有限公司,,
C1102071721100002275,11-吻（缝）合器及附件,02-开放手术用吻（缝）合器 及附件,07-肛肠吻合器,172-吻合器类,11-纯钛,000--,172109,肛肠吻合器,江苏特普优微创医疗科技有限公司,,
C1102071721100002326,11-吻（缝）合器及附件,02-开放手术用吻（缝）合器 及附件,07-肛肠吻合器,172-吻合器类,11-纯钛,000--,172109,肛肠吻合器,常州创捷微创医疗器械有限公司,,
C1102071721100002412,11-吻（缝）合器及附件,02-开放手术用吻（缝）合器 及附件,07-肛肠吻合器,172-吻合器类,11-纯钛,000--,172109,肛肠吻合器,常州生物医学工程有限公司,,
C1102071721100002486,11-吻（缝）合器及附件,02-开放手术用吻（缝）合器 及附件,07-肛肠吻合器,172-吻合器类,11-纯钛,000--,172109,肛肠吻合器,河南省驼人医疗科技有限公司,,
C1102071721100002494,11-吻（缝）合器及附件,02-开放手术用吻（缝）合器 及附件,07-肛肠吻合器,172-吻合器类,11-纯钛,000--,172109,肛肠吻合器,北京天助畅运医疗技术股份有限公 司,,
C1102071721100002573,11-吻（缝）合器及附件,02-开放手术用吻（缝）合器 及附件,07-肛肠吻合器,172-吻合器类,11-纯钛,000--,172109,肛肠吻合器,普瑞斯星（常州）医疗器械有限公 司,,
C1102071721100002600,11-吻（缝）合器及附件,02-开放手术用吻（缝）合器 及附件,07-肛肠吻合器,172-吻合器类,11-纯钛,000--,172109,肛肠吻合器,重庆西山科技股份有限公司,,
C1102071721100002601,11-吻（缝）合器及附件,02-开放手术用吻（缝）合器 及附件,07-肛肠吻合器,172-吻合器类,11-纯钛,000--,172109,肛肠吻合器,常州洛克曼医疗器械有限公司,,
C1102071721100002707,11-吻（缝）合器及附件,02-开放手术用吻（缝）合器 及附件,07-肛肠吻合器,172-吻合器类,11-纯钛,000--,172109,肛肠吻合器,常州安克医疗科技有限公司,,
C1102071721100002776,11-吻（缝）合器及附件,02-开放手术用吻（缝）合器 及附件,07-肛肠吻合器,172-吻合器类,11-纯钛,000--,172109,肛肠吻合器,江苏钱璟医疗器械有限公司,,
C1102071721100002842,11-吻（缝）合器及附件,02-开放手术用吻（缝）合器 及附件,07-肛肠吻合器,172-吻合器类,11-纯钛,000--,172109,肛肠吻合器,江苏瑞安贝医疗器械有限公司,,
C1102071721100003052,11-吻（缝）合器及附件,02-开放手术用吻（缝）合器 及附件,07-肛肠吻合器,172-吻合器类,11-纯钛,000--,172109,肛肠吻合器,杭州申科医疗器械有限公司,,
C1102071721100003237,11-吻（缝）合器及附件,02-开放手术用吻（缝）合器 及附件,07-肛肠吻合器,172-吻合器类,11-纯钛,000--,172109,肛肠吻合器,宝玛医疗科技（无锡）有限公司,,
C1102071721100003370,11-吻（缝）合器及附件,02-开放手术用吻（缝）合器 及附件,07-肛肠吻合器,172-吻合器类,11-纯钛,000--,172109,肛肠吻合器,泰戈斯医疗器械（江苏）有限公司,,
C1102071721100003585,11-吻（缝）合器及附件,02-开放手术用吻（缝）合器 及附件,07-肛肠吻合器,172-吻合器类,11-纯钛,000--,172109,肛肠吻合器,常州市微凯医疗科技有限公司,,
C1102071721100003675,11-吻（缝）合器及附件,02-开放手术用吻（缝）合器 及附件,07-肛肠吻合器,172-吻合器类,11-纯钛,000--,172109,肛肠吻合器,江苏海泽医疗科技发展有限公司,,
C1102071721100003800,11-吻（缝）合器及附件,02-开放手术用吻（缝）合器 及附件,07-肛肠吻合器,172-吻合器类,11-纯钛,000--,172109,肛肠吻合器,河北诺盛科创生物科技有限公司,,
C1102071721100004021,11-吻（缝）合器及附件,02-开放手术用吻（缝）合器 及附件,07-肛肠吻合器,172-吻合器类,11-纯钛,000--,172109,肛肠吻合器,无锡市瑞源普斯医疗器械有限公司,,
C1102071721100004330,11-吻（缝）合器及附件,02-开放手术用吻（缝）合器 及附件,07-肛肠吻合器,172-吻合器类,11-纯钛,000--,172109,肛肠吻合器,常州市迈迪医疗器械有限公司,,
C1102071721100004389,11-吻（缝）合器及附件,02-开放手术用吻（缝）合器 及附件,07-肛肠吻合器,172-吻合器类,11-纯钛,000--,172109,肛肠吻合器,威海威高富森医用材料有限公司,,
C1102071721100004638,11-吻（缝）合器及附件,02-开放手术用吻（缝）合器 及附件,07-肛肠吻合器,172-吻合器类,11-纯钛,000--,172109,肛肠吻合器,常州威克医疗器械有限公司,,
C1102071721100004690,11-吻（缝）合器及附件,02-开放手术用吻（缝）合器 及附件,07-肛肠吻合器,172-吻合器类,11-纯钛,000--,172109,肛肠吻合器,常州纳森医疗器械有限公司,,
C1102071721100005107,11-吻（缝）合器及附件,02-开放手术用吻（缝）合器 及附件,07-肛肠吻合器,172-吻合器类,11-纯钛,000--,172109,肛肠吻合器,常州市新能源吻合器总厂有限公司,,
C1102071721100005842,11-吻（缝）合器及附件,02-开放手术用吻（缝）合器 及附件,07-肛肠吻合器,172-吻合器类,11-纯钛,000--,172109,肛肠吻合器,苏州郎和医疗器械科技有限公司,,
C1102071721100006224,11-吻（缝）合器及附件,02-开放手术用吻（缝）合器 及附件,07-肛肠吻合器,172-吻合器类,11-纯钛,000--,172109,肛肠吻合器,江苏风和医疗器材股份有限公司,,
C1102071721100006352,11-吻（缝）合器及附件,02-开放手术用吻（缝）合器 及附件,07-肛肠吻合器,172-吻合器类,11-纯钛,000--,172109,肛肠吻合器,江苏通达医疗器械有限公司,,
C1102071721100006410,11-吻（缝）合器及附件,02-开放手术用吻（缝）合器 及附件,07-肛肠吻合器,172-吻合器类,11-纯钛,000--,172109,肛肠吻合器,常州华森医疗器械股份有限公司,,
C1102071721100006452,11-吻（缝）合器及附件,02-开放手术用吻（缝）合器 及附件,07-肛肠吻合器,172-吻合器类,11-纯钛,000--,172109,肛肠吻合器,无锡市神康医疗器械设备有限公司,,
C1102071721100006618,11-吻（缝）合器及附件,02-开放手术用吻（缝）合器 及附件,07-肛肠吻合器,172-吻合器类,11-纯钛,000--,172109,肛肠吻合器,江苏健瑞宝医疗科技股份有限公司,,
C1102071721100006759,11-吻（缝）合器及附件,02-开放手术用吻（缝）合器 及附件,07-肛肠吻合器,172-吻合器类,11-纯钛,000--,172109,肛肠吻合器,宁波维尔凯迪医疗器械有限公司,,
C1102071721100006823,11-吻（缝）合器及附件,02-开放手术用吻（缝）合器 及附件,07-肛肠吻合器,172-吻合器类,11-纯钛,000--,172109,肛肠吻合器,柯惠医疗器材国际贸易（上海）有 限公司,,
C1102071721100006842,11-吻（缝）合器及附件,02-开放手术用吻（缝）合器 及附件,07-肛肠吻合器,172-吻合器类,11-纯钛,000--,172109,肛肠吻合器,微尔创（武汉）医疗科技有限公司,,
C1102071721100006855,11-吻（缝）合器及附件,02-开放手术用吻（缝）合器 及附件,07-肛肠吻合器,172-吻合器类,11-纯钛,000--,172109,肛肠吻合器,山东威瑞外科医用制品有限公司,,
C1102071721100006894,11-吻（缝）合器及附件,02-开放手术用吻（缝）合器 及附件,07-肛肠吻合器,172-吻合器类,11-纯钛,000--,172109,肛肠吻合器,南京迈迪欣医疗器械有限公司,,
C1102071721100006962,11-吻（缝）合器及附件,02-开放手术用吻（缝）合器 及附件,07-肛肠吻合器,172-吻合器类,11-纯钛,000--,172109,肛肠吻合器,浙江天松医疗器械股份有限公司,,
C1102071721100007013,11-吻（缝）合器及附件,02-开放手术用吻（缝）合器 及附件,07-肛肠吻合器,172-吻合器类,11-纯钛,000--,172109,肛肠吻合器,无锡市舒康医疗器械有限公司,,
C1102071721100007030,11-吻（缝）合器及附件,02-开放手术用吻（缝）合器 及附件,07-肛肠吻合器,172-吻合器类,11-纯钛,000--,172109,肛肠吻合器,江苏凯尔特医疗科技有限公司,,
C1102071721100007079,11-吻（缝）合器及附件,02-开放手术用吻（缝）合器 及附件,07-肛肠吻合器,172-吻合器类,11-纯钛,000--,172109,肛肠吻合器,常州同创医疗器械科技有限公司,,
C1102071721100007185,11-吻（缝）合器及附件,02-开放手术用吻（缝）合器 及附件,07-肛肠吻合器,172-吻合器类,11-纯钛,000--,172109,肛肠吻合器,常州伊沃特医疗器械有限公司,,
C1102071721100007197,11-吻（缝）合器及附件,02-开放手术用吻（缝）合器 及附件,07-肛肠吻合器,172-吻合器类,11-纯钛,000--,172109,肛肠吻合器,常州海尔斯医疗器械科技有限公司,,
C1102071721100007341,11-吻（缝）合器及附件,02-开放手术用吻（缝）合器 及附件,07-肛肠吻合器,172-吻合器类,11-纯钛,000--,172109,肛肠吻合器,无锡博康医疗器械有限公司,,
C1102071721100007429,11-吻（缝）合器及附件,02-开放手术用吻（缝）合器 及附件,07-肛肠吻合器,172-吻合器类,11-纯钛,000--,172109,肛肠吻合器,天臣国际医疗科技股份有限公司,,
C1102071721100007722,11-吻（缝）合器及附件,02-开放手术用吻（缝）合器 及附件,07-肛肠吻合器,172-吻合器类,11-纯钛,000--,172109,肛肠吻合器,常州瑞索斯医疗设备有限公司,,
C1102071721100007805,11-吻（缝）合器及附件,02-开放手术用吻（缝）合器 及附件,07-肛肠吻合器,172-吻合器类,11-纯钛,000--,172109,肛肠吻合器,湖南豌豆医疗用品有限公司,,
C1102071721100008019,11-吻（缝）合器及附件,02-开放手术用吻（缝）合器 及附件,07-肛肠吻合器,172-吻合器类,11-纯钛,000--,172109,肛肠吻合器,江苏瑞普医疗器械科技有限公司,,
C1102071721100008340,11-吻（缝）合器及附件,02-开放手术用吻（缝）合器 及附件,07-肛肠吻合器,172-吻合器类,11-纯钛,000--,172109,肛肠吻合器,振德医疗用品股份有限公司,,
C1102071721100008414,11-吻（缝）合器及附件,02-开放手术用吻（缝）合器 及附件,07-肛肠吻合器,172-吻合器类,11-纯钛,000--,172109,肛肠吻合器,北京派尔特医疗科技股份有限公司,,
C1102071721100008471,11-吻（缝）合器及附件,02-开放手术用吻（缝）合器 及附件,07-肛肠吻合器,172-吻合器类,11-纯钛,000--,172109,肛肠吻合器,江苏明朗医疗器械科技有限公司,,
C1102071721100008486,11-吻（缝）合器及附件,02-开放手术用吻（缝）合器 及附件,07-肛肠吻合器,172-吻合器类,11-纯钛,000--,172109,肛肠吻合器,浙江格宜医疗器械有限公司,,
C1102071721100008631,11-吻（缝）合器及附件,02-开放手术用吻（缝）合器 及附件,07-肛肠吻合器,172-吻合器类,11-纯钛,000--,172109,肛肠吻合器,河南省健琪医疗器械有限公司,,
C1102071721100009051,11-吻（缝）合器及附件,02-开放手术用吻（缝）合器 及附件,07-肛肠吻合器,172-吻合器类,11-纯钛,000--,172109,肛肠吻合器,江苏冠创医疗科技有限公司,,
C1102071721100009071,11-吻（缝）合器及附件,02-开放手术用吻（缝）合器 及附件,07-肛肠吻合器,172-吻合器类,11-纯钛,000--,172109,肛肠吻合器,江苏泓正医疗科技有限公司,,
C1102071721100009495,11-吻（缝）合器及附件,02-开放手术用吻（缝）合器 及附件,07-肛肠吻合器,172-吻合器类,11-纯钛,000--,172109,肛肠吻合器,常州医疗器材总厂股份有限公司,,
C1102071721100009550,11-吻（缝）合器及附件,02-开放手术用吻（缝）合器 及附件,07-肛肠吻合器,172-吻合器类,11-纯钛,000--,172109,肛肠吻合器,江苏臣诺医疗器械有限公司,,
C1102071721100009709,11-吻（缝）合器及附件,02-开放手术用吻（缝）合器 及附件,07-肛肠吻合器,172-吻合器类,11-纯钛,000--,172109,肛肠吻合器,常州市海达医疗器械有限公司,,
C1102071721100009820,11-吻（缝）合器及附件,02-开放手术用吻（缝）合器 及附件,07-肛肠吻合器,172-吻合器类,11-纯钛,000--,172109,肛肠吻合器,常州市智业医疗仪器研究所有限公 司,,
C1102071721100009869,11-吻（缝）合器及附件,02-开放手术用吻（缝）合器 及附件,07-肛肠吻合器,172-吻合器类,11-纯钛,000--,172109,肛肠吻合器,江苏芸众医疗科技有限公司,,
C1102071721100010084,11-吻（缝）合器及附件,02-开放手术用吻（缝）合器 及附件,07-肛肠吻合器,172-吻合器类,11-纯钛,000--,172109,肛肠吻合器,宁波海泰科迈医疗器械有限公司,,
C1102071721100010088,11-吻（缝）合器及附件,02-开放手术用吻（缝）合器 及附件,07-肛肠吻合器,172-吻合器类,11-纯钛,000--,172109,肛肠吻合器,青岛中惠圣熙生物工程有限公司,,
C1102071721100010203,11-吻（缝）合器及附件,02-开放手术用吻（缝）合器 及附件,07-肛肠吻合器,172-吻合器类,11-纯钛,000--,172109,肛肠吻合器,普瑞德医疗器械科技江苏有限公司,,
C1102071721100010208,11-吻（缝）合器及附件,02-开放手术用吻（缝）合器 及附件,07-肛肠吻合器,172-吻合器类,11-纯钛,000--,172109,肛肠吻合器,杭州康基医疗器械有限公司,,
C1102071721100010236,11-吻（缝）合器及附件,02-开放手术用吻（缝）合器 及附件,07-肛肠吻合器,172-吻合器类,11-纯钛,000--,172109,肛肠吻合器,湖南三瑞生物科技有限责任公司,,
C1102071721100010320,11-吻（缝）合器及附件,02-开放手术用吻（缝）合器 及附件,07-肛肠吻合器,172-吻合器类,11-纯钛,000--,172109,肛肠吻合器,联合微创医疗器械（深圳）有限公 司,,
C1102071721100010394,11-吻（缝）合器及附件,02-开放手术用吻（缝）合器 及附件,07-肛肠吻合器,172-吻合器类,11-纯钛,000--,172109,肛肠吻合器,重庆迈科唯医疗科技有限公司,,
C1102071721100010420,11-吻（缝）合器及附件,02-开放手术用吻（缝）合器 及附件,07-肛肠吻合器,172-吻合器类,11-纯钛,000--,172109,肛肠吻合器,常州市康迪医用吻合器有限公司,,
C1102071721100010602,11-吻（缝）合器及附件,02-开放手术用吻（缝）合器 及附件,07-肛肠吻合器,172-吻合器类,11-纯钛,000--,172109,肛肠吻合器,常州智力微创医疗器械有限公司,,
C1102071721100010705,11-吻（缝）合器及附件,02-开放手术用吻（缝）合器 及附件,07-肛肠吻合器,172-吻合器类,11-纯钛,000--,172109,肛肠吻合器,河南盛华医疗器械有限公司,,
C1102071721100011079,11-吻（缝）合器及附件,02-开放手术用吻（缝）合器 及附件,07-肛肠吻合器,172-吻合器类,11-纯钛,000--,172109,肛肠吻合器,常州杰瑞尔医疗器械有限公司,,
C1102071721100011155,11-吻（缝）合器及附件,02-开放手术用吻（缝）合器 及附件,07-肛肠吻合器,172-吻合器类,11-纯钛,000--,172109,肛肠吻合器,欣瑞德（江苏）医疗科技有限公司,,
C1102071721100011178,11-吻（缝）合器及附件,02-开放手术用吻（缝）合器 及附件,07-肛肠吻合器,172-吻合器类,11-纯钛,000--,172109,肛肠吻合器,北京普润医疗器械有限公司,,
C1102071721100011352,11-吻（缝）合器及附件,02-开放手术用吻（缝）合器 及附件,07-肛肠吻合器,172-吻合器类,11-纯钛,000--,172109,肛肠吻合器,苏州朗特斯医疗科技有限公司,,
C1102071721100011432,11-吻（缝）合器及附件,02-开放手术用吻（缝）合器 及附件,07-肛肠吻合器,172-吻合器类,11-纯钛,000--,172109,肛肠吻合器,江苏康赛医疗器械科技有限公司,,
C1102071721100011452,11-吻（缝）合器及附件,02-开放手术用吻（缝）合器 及附件,07-肛肠吻合器,172-吻合器类,11-纯钛,000--,172109,肛肠吻合器,江苏百纳医疗科技有限公司,,
C1102071721100011492,11-吻（缝）合器及附件,02-开放手术用吻（缝）合器 及附件,07-肛肠吻合器,172-吻合器类,11-纯钛,000--,172109,肛肠吻合器,江苏柯汇医疗科技有限公司,,
C1102071721100011552,11-吻（缝）合器及附件,02-开放手术用吻（缝）合器 及附件,07-肛肠吻合器,172-吻合器类,11-纯钛,000--,172109,肛肠吻合器,重庆德川医疗器械有限公司,,
C1102071721100011594,11-吻（缝）合器及附件,02-开放手术用吻（缝）合器 及附件,07-肛肠吻合器,172-吻合器类,11-纯钛,000--,172109,肛肠吻合器,河北卫崭医疗科技有限公司,,
C1102071721100011673,11-吻（缝）合器及附件,02-开放手术用吻（缝）合器 及附件,07-肛肠吻合器,172-吻合器类,11-纯钛,000--,172109,肛肠吻合器,扬州中桓医疗科技有限公司,,
C1102071721100011713,11-吻（缝）合器及附件,02-开放手术用吻（缝）合器 及附件,07-肛肠吻合器,172-吻合器类,11-纯钛,000--,172109,肛肠吻合器,南京竹海生物科技有限公司,,
C1102071721100011721,11-吻（缝）合器及附件,02-开放手术用吻（缝）合器 及附件,07-肛肠吻合器,172-吻合器类,11-纯钛,000--,172109,肛肠吻合器,四川双陆医疗器械有限公司,,
C1102071721100011809,11-吻（缝）合器及附件,02-开放手术用吻（缝）合器 及附件,07-肛肠吻合器,172-吻合器类,11-纯钛,000--,172109,肛肠吻合器,湖南思捷泰克医疗科技有限公司,,
C1102071721100011953,11-吻（缝）合器及附件,02-开放手术用吻（缝）合器 及附件,07-肛肠吻合器,172-吻合器类,11-纯钛,000--,172109,肛肠吻合器,康晴（江苏）医疗科技有限公司,,
C1102071721100012276,11-吻（缝）合器及附件,02-开放手术用吻（缝）合器 及附件,07-肛肠吻合器,172-吻合器类,11-纯钛,000--,172109,肛肠吻合器,镁格生物科技（江苏）有限公司,,
C1102071721100012643,11-吻（缝）合器及附件,02-开放手术用吻（缝）合器 及附件,07-肛肠吻合器,172-吻合器类,11-纯钛,000--,172109,肛肠吻合器,江苏瑞晟医疗器械有限公司,,
C1102071721100012680,11-吻（缝）合器及附件,02-开放手术用吻（缝）合器 及附件,07-肛肠吻合器,172-吻合器类,11-纯钛,000--,172109,肛肠吻合器,江苏宝多利亚医疗科技有限公司,,
C1102071721100013633,11-吻（缝）合器及附件,02-开放手术用吻（缝）合器 及附件,07-肛肠吻合器,172-吻合器类,11-纯钛,000--,172109,肛肠吻合器,湖南浣然医疗科技有限公司,,
C1102071721100013748,11-吻（缝）合器及附件,02-开放手术用吻（缝）合器 及附件,07-肛肠吻合器,172-吻合器类,11-纯钛,000--,172109,肛肠吻合器,江苏乾康医疗器械有限公司,,
C1102071721100013781,11-吻（缝）合器及附件,02-开放手术用吻（缝）合器 及附件,07-肛肠吻合器,172-吻合器类,11-纯钛,000--,172109,肛肠吻合器,常州市三润医疗器械科技有限公司,,
C1102071721100013944,11-吻（缝）合器及附件,02-开放手术用吻（缝）合器 及附件,07-肛肠吻合器,172-吻合器类,11-纯钛,000--,172109,肛肠吻合器,泰州艾贝医疗科技有限公司,,
C1102071721100014419,11-吻（缝）合器及附件,02-开放手术用吻（缝）合器 及附件,07-肛肠吻合器,172-吻合器类,11-纯钛,000--,172109,肛肠吻合器,江西汉普医疗科技有限公司,,
C1102071721100015965,11-吻（缝）合器及附件,02-开放手术用吻（缝）合器 及附件,07-肛肠吻合器,172-吻合器类,11-纯钛,000--,172109,肛肠吻合器,江苏柏联医疗科技有限公司,,
C1102071721100016022,11-吻（缝）合器及附件,02-开放手术用吻（缝）合器 及附件,07-肛肠吻合器,172-吻合器类,11-纯钛,000--,172109,肛肠吻合器,江苏京品医疗科技有限公司,,
C1102071721100017064,11-吻（缝）合器及附件,02-开放手术用吻（缝）合器 及附件,07-肛肠吻合器,172-吻合器类,11-纯钛,000--,172109,肛肠吻合器,湖南辰润医疗科技有限公司,,
C1102071721100017344,11-吻（缝）合器及附件,02-开放手术用吻（缝）合器 及附件,07-肛肠吻合器,172-吻合器类,11-纯钛,000--,172109,肛肠吻合器,福建善慈乐生物科技有限公司,,
C1102071721100017734,11-吻（缝）合器及附件,02-开放手术用吻（缝）合器 及附件,07-肛肠吻合器,172-吻合器类,11-纯钛,000--,172109,肛肠吻合器,江苏安欣医疗科技有限公司,,
C1102071721100019590,11-吻（缝）合器及附件,02-开放手术用吻（缝）合器 及附件,07-肛肠吻合器,172-吻合器类,11-纯钛,000--,172109,肛肠吻合器,上际医疗科技（浙江）有限公司,,
C1102071721100021161,11-吻（缝）合器及附件,02-开放手术用吻（缝）合器 及附件,07-肛肠吻合器,172-吻合器类,11-纯钛,000--,172109,肛肠吻合器,江苏泰科博曼医疗器械有限公司,,
C1102071721100023434,11-吻（缝）合器及附件,02-开放手术用吻（缝）合器 及附件,07-肛肠吻合器,172-吻合器类,11-纯钛,000--,172109,肛肠吻合器,江苏芙肽生物科技有限公司,,
C1102071721100024436,11-吻（缝）合器及附件,02-开放手术用吻（缝）合器 及附件,07-肛肠吻合器,172-吻合器类,11-纯钛,000--,172109,肛肠吻合器,大瓷生物医疗科技（江苏）有限公 司,,
C1102071721400001321,11-吻（缝）合器及附件,02-开放手术用吻（缝）合器 及附件,07-肛肠吻合器,172-吻合器类,14-钛合金,000--,172109,肛肠吻合器,江苏华夏医疗器械有限公司,,
C1102071721400001959,11-吻（缝）合器及附件,02-开放手术用吻（缝）合器 及附件,07-肛肠吻合器,172-吻合器类,14-钛合金,000--,172109,肛肠吻合器,江苏博朗森思医疗器械有限公司,,
C1102071721400002762,11-吻（缝）合器及附件,02-开放手术用吻（缝）合器 及附件,07-肛肠吻合器,172-吻合器类,14-钛合金,000--,172109,肛肠吻合器,河北瑞诺医疗器械股份有限公司,,
C1102071721400006759,11-吻（缝）合器及附件,02-开放手术用吻（缝）合器 及附件,07-肛肠吻合器,172-吻合器类,14-钛合金,000--,172109,肛肠吻合器,宁波维尔凯迪医疗器械有限公司,,
C1102071721400007185,11-吻（缝）合器及附件,02-开放手术用吻（缝）合器 及附件,07-肛肠吻合器,172-吻合器类,14-钛合金,000--,172109,肛肠吻合器,常州伊沃特医疗器械有限公司,,
C1102071721400007197,11-吻（缝）合器及附件,02-开放手术用吻（缝）合器 及附件,07-肛肠吻合器,172-吻合器类,14-钛合金,000--,172109,肛肠吻合器,常州海尔斯医疗器械科技有限公司,,
C1102071721400007284,11-吻（缝）合器及附件,02-开放手术用吻（缝）合器 及附件,07-肛肠吻合器,172-吻合器类,14-钛合金,000--,172109,肛肠吻合器,微至（苏州）医疗科技有限公司,,
C1102071721400007341,11-吻（缝）合器及附件,02-开放手术用吻（缝）合器 及附件,07-肛肠吻合器,172-吻合器类,14-钛合金,000--,172109,肛肠吻合器,无锡博康医疗器械有限公司,,
C1102071721400007429,11-吻（缝）合器及附件,02-开放手术用吻（缝）合器 及附件,07-肛肠吻合器,172-吻合器类,14-钛合金,000--,172109,肛肠吻合器,天臣国际医疗科技股份有限公司,,
C1102071721400007507,11-吻（缝）合器及附件,02-开放手术用吻（缝）合器 及附件,07-肛肠吻合器,172-吻合器类,14-钛合金,000--,172109,肛肠吻合器,北京博辉瑞进生物科技有限公司,,
C1102071721400009098,11-吻（缝）合器及附件,02-开放手术用吻（缝）合器 及附件,07-肛肠吻合器,172-吻合器类,14-钛合金,000--,172109,肛肠吻合器,强生（上海）医疗器材有限公司,,
C1102071721400009709,11-吻（缝）合器及附件,02-开放手术用吻（缝）合器 及附件,07-肛肠吻合器,172-吻合器类,14-钛合金,000--,172109,肛肠吻合器,常州市海达医疗器械有限公司,,
C1102071721400009820,11-吻（缝）合器及附件,02-开放手术用吻（缝）合器 及附件,07-肛肠吻合器,172-吻合器类,14-钛合金,000--,172109,肛肠吻合器,常州市智业医疗仪器研究所有限公 司,,
C1102071721400009949,11-吻（缝）合器及附件,02-开放手术用吻（缝）合器 及附件,07-肛肠吻合器,172-吻合器类,14-钛合金,000--,172109,肛肠吻合器,广州德脉医疗器械有限公司,,
C1102071721400011178,11-吻（缝）合器及附件,02-开放手术用吻（缝）合器 及附件,07-肛肠吻合器,172-吻合器类,14-钛合金,000--,172109,肛肠吻合器,北京普润医疗器械有限公司,,
C1102071721400011797,11-吻（缝）合器及附件,02-开放手术用吻（缝）合器 及附件,07-肛肠吻合器,172-吻合器类,14-钛合金,000--,172109,肛肠吻合器,江西国康实业有限公司,,
C1102071721400012320,11-吻（缝）合器及附件,02-开放手术用吻（缝）合器 及附件,07-肛肠吻合器,172-吻合器类,14-钛合金,000--,172109,肛肠吻合器,常州哈福医疗器械有限公司,,
C1102071721400014250,11-吻（缝）合器及附件,02-开放手术用吻（缝）合器 及附件,07-肛肠吻合器,172-吻合器类,14-钛合金,000--,172109,肛肠吻合器,江苏诚普医疗器械有限公司,,
C1102071721400016882,11-吻（缝）合器及附件,02-开放手术用吻（缝）合器 及附件,07-肛肠吻合器,172-吻合器类,14-钛合金,000--,172109,肛肠吻合器,长沙乐普外科医疗器械有限公司,,
C1102071721400019946,11-吻（缝）合器及附件,02-开放手术用吻（缝）合器 及附件,07-肛肠吻合器,172-吻合器类,14-钛合金,000--,172109,肛肠吻合器,苏州科曼医疗器械有限公司,,
C1102081721000000013,11-吻（缝）合器及附件,02-开放手术用吻（缝）合器 及附件,08-荷包吻合器,172-吻合器类,10-不区分,000--,172110,荷包吻合器,常州安康医疗器械有限公司,,
C1102081721000000841,11-吻（缝）合器及附件,02-开放手术用吻（缝）合器 及附件,08-荷包吻合器,172-吻合器类,10-不区分,000--,172110,荷包吻合器,苏州法兰克曼医疗器械有限公司,,
C1102081721000001105,11-吻（缝）合器及附件,02-开放手术用吻（缝）合器 及附件,08-荷包吻合器,172-吻合器类,10-不区分,000--,172110,荷包吻合器,常州贺利氏微创医疗器械有限公司,,
C1102081721000001564,11-吻（缝）合器及附件,02-开放手术用吻（缝）合器 及附件,08-荷包吻合器,172-吻合器类,10-不区分,000--,172110,荷包吻合器,江苏三联星海医疗器械有限公司,,
C1102081721000001600,11-吻（缝）合器及附件,02-开放手术用吻（缝）合器 及附件,08-荷包吻合器,172-吻合器类,10-不区分,000--,172110,荷包吻合器,常州市久成电子设备有限公司,,
C1102081721000001959,11-吻（缝）合器及附件,02-开放手术用吻（缝）合器 及附件,08-荷包吻合器,172-吻合器类,10-不区分,000--,172110,荷包吻合器,江苏博朗森思医疗器械有限公司,,
C1102081721000002088,11-吻（缝）合器及附件,02-开放手术用吻（缝）合器 及附件,08-荷包吻合器,172-吻合器类,10-不区分,000--,172110,荷包吻合器,苏州贝诺医疗器械有限公司,,
C1102081721000003675,11-吻（缝）合器及附件,02-开放手术用吻（缝）合器 及附件,08-荷包吻合器,172-吻合器类,10-不区分,000--,172110,荷包吻合器,江苏海泽医疗科技发展有限公司,,
C1102081721000004638,11-吻（缝）合器及附件,02-开放手术用吻（缝）合器 及附件,08-荷包吻合器,172-吻合器类,10-不区分,000--,172110,荷包吻合器,常州威克医疗器械有限公司,,
C1102081721000006410,11-吻（缝）合器及附件,02-开放手术用吻（缝）合器 及附件,08-荷包吻合器,172-吻合器类,10-不区分,000--,172110,荷包吻合器,常州华森医疗器械股份有限公司,,
C1102081721000006618,11-吻（缝）合器及附件,02-开放手术用吻（缝）合器 及附件,08-荷包吻合器,172-吻合器类,10-不区分,000--,172110,荷包吻合器,江苏健瑞宝医疗科技股份有限公司,,
C1102081721000006823,11-吻（缝）合器及附件,02-开放手术用吻（缝）合器 及附件,08-荷包吻合器,172-吻合器类,10-不区分,000--,172110,荷包吻合器,柯惠医疗器材国际贸易（上海）有 限公司,,
C1102081721000006855,11-吻（缝）合器及附件,02-开放手术用吻（缝）合器 及附件,08-荷包吻合器,172-吻合器类,10-不区分,000--,172110,荷包吻合器,山东威瑞外科医用制品有限公司,,
C1102081721000007013,11-吻（缝）合器及附件,02-开放手术用吻（缝）合器 及附件,08-荷包吻合器,172-吻合器类,10-不区分,000--,172110,荷包吻合器,无锡市舒康医疗器械有限公司,,
C1102081721000007030,11-吻（缝）合器及附件,02-开放手术用吻（缝）合器 及附件,08-荷包吻合器,172-吻合器类,10-不区分,000--,172110,荷包吻合器,江苏凯尔特医疗科技有限公司,,
C1102081721000007185,11-吻（缝）合器及附件,02-开放手术用吻（缝）合器 及附件,08-荷包吻合器,172-吻合器类,10-不区分,000--,172110,荷包吻合器,常州伊沃特医疗器械有限公司,,
C1102081721000007429,11-吻（缝）合器及附件,02-开放手术用吻（缝）合器 及附件,08-荷包吻合器,172-吻合器类,10-不区分,000--,172110,荷包吻合器,天臣国际医疗科技股份有限公司,,
C1102081721000007722,11-吻（缝）合器及附件,02-开放手术用吻（缝）合器 及附件,08-荷包吻合器,172-吻合器类,10-不区分,000--,172110,荷包吻合器,常州瑞索斯医疗设备有限公司,,
C1102081721000008019,11-吻（缝）合器及附件,02-开放手术用吻（缝）合器 及附件,08-荷包吻合器,172-吻合器类,10-不区分,000--,172110,荷包吻合器,江苏瑞普医疗器械科技有限公司,,
C1102081721000008414,11-吻（缝）合器及附件,02-开放手术用吻（缝）合器 及附件,08-荷包吻合器,172-吻合器类,10-不区分,000--,172110,荷包吻合器,北京派尔特医疗科技股份有限公司,,
C1102081721000009051,11-吻（缝）合器及附件,02-开放手术用吻（缝）合器 及附件,08-荷包吻合器,172-吻合器类,10-不区分,000--,172110,荷包吻合器,江苏冠创医疗科技有限公司,,
C1102081721000009709,11-吻（缝）合器及附件,02-开放手术用吻（缝）合器 及附件,08-荷包吻合器,172-吻合器类,10-不区分,000--,172110,荷包吻合器,常州市海达医疗器械有限公司,,
C1102081721000009820,11-吻（缝）合器及附件,02-开放手术用吻（缝）合器 及附件,08-荷包吻合器,172-吻合器类,10-不区分,000--,172110,荷包吻合器,常州市智业医疗仪器研究所有限公 司,,
C1102081721000010420,11-吻（缝）合器及附件,02-开放手术用吻（缝）合器 及附件,08-荷包吻合器,172-吻合器类,10-不区分,000--,172110,荷包吻合器,常州市康迪医用吻合器有限公司,,
C1102081721000010705,11-吻（缝）合器及附件,02-开放手术用吻（缝）合器 及附件,08-荷包吻合器,172-吻合器类,10-不区分,000--,172110,荷包吻合器,河南盛华医疗器械有限公司,,
C1102091751001511859,11-吻（缝）合器及附件,02-开放手术用吻（缝）合器 及附件,09-开放施夹钳,175-施夹器类,10-不区分,015-单发,175101,开放施夹钳,常州伟普医疗器械有限公司,,
C1102091751001512524,11-吻（缝）合器及附件,02-开放手术用吻（缝）合器 及附件,09-开放施夹钳,175-施夹器类,10-不区分,015-单发,175101,开放施夹钳,陕西华鹏医疗器械有限公司,,
C1102091751001513467,11-吻（缝）合器及附件,02-开放手术用吻（缝）合器 及附件,09-开放施夹钳,175-施夹器类,10-不区分,015-单发,175101,开放施夹钳,江苏松泽医疗科技有限公司,,
C1102121721003208098,11-吻（缝）合器及附件,02-开放手术用吻（缝）合器 及附件,12-皮肤吻合器,172-吻合器类,10-不区分,032-可吸收钉,172111,皮肤吻合器,北京颐合恒瑞医疗科技有限公司,,
C1102121721003300013,11-吻（缝）合器及附件,02-开放手术用吻（缝）合器 及附件,12-皮肤吻合器,172-吻合器类,10-不区分,033-不可吸收钉,172111,皮肤吻合器,常州安康医疗器械有限公司,,
C1102121721003300388,11-吻（缝）合器及附件,02-开放手术用吻（缝）合器 及附件,12-皮肤吻合器,172-吻合器类,10-不区分,033-不可吸收钉,172111,皮肤吻合器,湖南灵康医疗科技有限公司,,
C1102121721003300525,11-吻（缝）合器及附件,02-开放手术用吻（缝）合器 及附件,12-皮肤吻合器,172-吻合器类,10-不区分,033-不可吸收钉,172111,皮肤吻合器,北京市春立正达医疗器械股份有限 公司,,
C1102121721003301105,11-吻（缝）合器及附件,02-开放手术用吻（缝）合器 及附件,12-皮肤吻合器,172-吻合器类,10-不区分,033-不可吸收钉,172111,皮肤吻合器,常州贺利氏微创医疗器械有限公司,,
C1102121721003301174,11-吻（缝）合器及附件,02-开放手术用吻（缝）合器 及附件,12-皮肤吻合器,172-吻合器类,10-不区分,033-不可吸收钉,172111,皮肤吻合器,上海迈诺仕医疗器械有限公司,,
C1102121721003301209,11-吻（缝）合器及附件,02-开放手术用吻（缝）合器 及附件,12-皮肤吻合器,172-吻合器类,10-不区分,033-不可吸收钉,172111,皮肤吻合器,重庆爱众医疗器械有限公司,,
C1102121721003301321,11-吻（缝）合器及附件,02-开放手术用吻（缝）合器 及附件,12-皮肤吻合器,172-吻合器类,10-不区分,033-不可吸收钉,172111,皮肤吻合器,江苏华夏医疗器械有限公司,,
C1102121721003301564,11-吻（缝）合器及附件,02-开放手术用吻（缝）合器 及附件,12-皮肤吻合器,172-吻合器类,10-不区分,033-不可吸收钉,172111,皮肤吻合器,江苏三联星海医疗器械有限公司,,
C1102121721003301600,11-吻（缝）合器及附件,02-开放手术用吻（缝）合器 及附件,12-皮肤吻合器,172-吻合器类,10-不区分,033-不可吸收钉,172111,皮肤吻合器,常州市久成电子设备有限公司,,
C1102121721003301687,11-吻（缝）合器及附件,02-开放手术用吻（缝）合器 及附件,12-皮肤吻合器,172-吻合器类,10-不区分,033-不可吸收钉,172111,皮肤吻合器,艾派（广州）医疗器械有限公司,,
C1102121721003301959,11-吻（缝）合器及附件,02-开放手术用吻（缝）合器 及附件,12-皮肤吻合器,172-吻合器类,10-不区分,033-不可吸收钉,172111,皮肤吻合器,江苏博朗森思医疗器械有限公司,,
C1102121721003302126,11-吻（缝）合器及附件,02-开放手术用吻（缝）合器 及附件,12-皮肤吻合器,172-吻合器类,10-不区分,033-不可吸收钉,172111,皮肤吻合器,河南亚都实业有限公司,,
C1102121721003302176,11-吻（缝）合器及附件,02-开放手术用吻（缝）合器 及附件,12-皮肤吻合器,172-吻合器类,10-不区分,033-不可吸收钉,172111,皮肤吻合器,无锡东峰怡和科技发展有限公司,,
C1102121721003302228,11-吻（缝）合器及附件,02-开放手术用吻（缝）合器 及附件,12-皮肤吻合器,172-吻合器类,10-不区分,033-不可吸收钉,172111,皮肤吻合器,常州科峰医疗科技有限公司,,
C1102121721003302275,11-吻（缝）合器及附件,02-开放手术用吻（缝）合器 及附件,12-皮肤吻合器,172-吻合器类,10-不区分,033-不可吸收钉,172111,皮肤吻合器,江苏特普优微创医疗科技有限公司,,
C1102121721003302326,11-吻（缝）合器及附件,02-开放手术用吻（缝）合器 及附件,12-皮肤吻合器,172-吻合器类,10-不区分,033-不可吸收钉,172111,皮肤吻合器,常州创捷微创医疗器械有限公司,,
C1102121721003302412,11-吻（缝）合器及附件,02-开放手术用吻（缝）合器 及附件,12-皮肤吻合器,172-吻合器类,10-不区分,033-不可吸收钉,172111,皮肤吻合器,常州生物医学工程有限公司,,
C1102121721003302486,11-吻（缝）合器及附件,02-开放手术用吻（缝）合器 及附件,12-皮肤吻合器,172-吻合器类,10-不区分,033-不可吸收钉,172111,皮肤吻合器,河南省驼人医疗科技有限公司,,
C1102121721003302573,11-吻（缝）合器及附件,02-开放手术用吻（缝）合器 及附件,12-皮肤吻合器,172-吻合器类,10-不区分,033-不可吸收钉,172111,皮肤吻合器,普瑞斯星（常州）医疗器械有限公 司,,
C1102121721003302601,11-吻（缝）合器及附件,02-开放手术用吻（缝）合器 及附件,12-皮肤吻合器,172-吻合器类,10-不区分,033-不可吸收钉,172111,皮肤吻合器,常州洛克曼医疗器械有限公司,,
C1102121721003302707,11-吻（缝）合器及附件,02-开放手术用吻（缝）合器 及附件,12-皮肤吻合器,172-吻合器类,10-不区分,033-不可吸收钉,172111,皮肤吻合器,常州安克医疗科技有限公司,,
C1102121721003302762,11-吻（缝）合器及附件,02-开放手术用吻（缝）合器 及附件,12-皮肤吻合器,172-吻合器类,10-不区分,033-不可吸收钉,172111,皮肤吻合器,河北瑞诺医疗器械股份有限公司,,
C1102121721003302776,11-吻（缝）合器及附件,02-开放手术用吻（缝）合器 及附件,12-皮肤吻合器,172-吻合器类,10-不区分,033-不可吸收钉,172111,皮肤吻合器,江苏钱璟医疗器械有限公司,,
C1102121721003302842,11-吻（缝）合器及附件,02-开放手术用吻（缝）合器 及附件,12-皮肤吻合器,172-吻合器类,10-不区分,033-不可吸收钉,172111,皮肤吻合器,江苏瑞安贝医疗器械有限公司,,
C1102121721003303230,11-吻（缝）合器及附件,02-开放手术用吻（缝）合器 及附件,12-皮肤吻合器,172-吻合器类,10-不区分,033-不可吸收钉,172111,皮肤吻合器,鸿图医疗器材（东莞）有限公司,,
C1102121721003303370,11-吻（缝）合器及附件,02-开放手术用吻（缝）合器 及附件,12-皮肤吻合器,172-吻合器类,10-不区分,033-不可吸收钉,172111,皮肤吻合器,泰戈斯医疗器械（江苏）有限公司,,
C1102121721003303405,11-吻（缝）合器及附件,02-开放手术用吻（缝）合器 及附件,12-皮肤吻合器,172-吻合器类,10-不区分,033-不可吸收钉,172111,皮肤吻合器,西安凯棣医疗器械有限责任公司,,
C1102121721003303585,11-吻（缝）合器及附件,02-开放手术用吻（缝）合器 及附件,12-皮肤吻合器,172-吻合器类,10-不区分,033-不可吸收钉,172111,皮肤吻合器,常州市微凯医疗科技有限公司,,
C1102121721003303800,11-吻（缝）合器及附件,02-开放手术用吻（缝）合器 及附件,12-皮肤吻合器,172-吻合器类,10-不区分,033-不可吸收钉,172111,皮肤吻合器,河北诺盛科创生物科技有限公司,,
C1102121721003303915,11-吻（缝）合器及附件,02-开放手术用吻（缝）合器 及附件,12-皮肤吻合器,172-吻合器类,10-不区分,033-不可吸收钉,172111,皮肤吻合器,苏州医疗用品厂有限公司,,
C1102121721003304021,11-吻（缝）合器及附件,02-开放手术用吻（缝）合器 及附件,12-皮肤吻合器,172-吻合器类,10-不区分,033-不可吸收钉,172111,皮肤吻合器,无锡市瑞源普斯医疗器械有限公司,,
C1102121721003304330,11-吻（缝）合器及附件,02-开放手术用吻（缝）合器 及附件,12-皮肤吻合器,172-吻合器类,10-不区分,033-不可吸收钉,172111,皮肤吻合器,常州市迈迪医疗器械有限公司,,
C1102121721003304331,11-吻（缝）合器及附件,02-开放手术用吻（缝）合器 及附件,12-皮肤吻合器,172-吻合器类,10-不区分,033-不可吸收钉,172111,皮肤吻合器,泰州市高港区建平医疗器械厂,,
C1102121721003304429,11-吻（缝）合器及附件,02-开放手术用吻（缝）合器 及附件,12-皮肤吻合器,172-吻合器类,10-不区分,033-不可吸收钉,172111,皮肤吻合器,镇江恒生涓恩医疗器械有限公司,,
C1102121721003304638,11-吻（缝）合器及附件,02-开放手术用吻（缝）合器 及附件,12-皮肤吻合器,172-吻合器类,10-不区分,033-不可吸收钉,172111,皮肤吻合器,常州威克医疗器械有限公司,,
C1102121721003304907,11-吻（缝）合器及附件,02-开放手术用吻（缝）合器 及附件,12-皮肤吻合器,172-吻合器类,10-不区分,033-不可吸收钉,172111,皮肤吻合器,珠海稻田医疗科技有限公司,,
C1102121721003305378,11-吻（缝）合器及附件,02-开放手术用吻（缝）合器 及附件,12-皮肤吻合器,172-吻合器类,10-不区分,033-不可吸收钉,172111,皮肤吻合器,中聚科技股份有限公司,,
C1102121721003305409,11-吻（缝）合器及附件,02-开放手术用吻（缝）合器 及附件,12-皮肤吻合器,172-吻合器类,10-不区分,033-不可吸收钉,172111,皮肤吻合器,广东百生医疗器械股份有限公司,,
C1102121721003305585,11-吻（缝）合器及附件,02-开放手术用吻（缝）合器 及附件,12-皮肤吻合器,172-吻合器类,10-不区分,033-不可吸收钉,172111,皮肤吻合器,扬州富达医疗器械有限公司,,
C1102121721003305842,11-吻（缝）合器及附件,02-开放手术用吻（缝）合器 及附件,12-皮肤吻合器,172-吻合器类,10-不区分,033-不可吸收钉,172111,皮肤吻合器,苏州郎和医疗器械科技有限公司,,
C1102121721003306352,11-吻（缝）合器及附件,02-开放手术用吻（缝）合器 及附件,12-皮肤吻合器,172-吻合器类,10-不区分,033-不可吸收钉,172111,皮肤吻合器,江苏通达医疗器械有限公司,,
C1102121721003306410,11-吻（缝）合器及附件,02-开放手术用吻（缝）合器 及附件,12-皮肤吻合器,172-吻合器类,10-不区分,033-不可吸收钉,172111,皮肤吻合器,常州华森医疗器械股份有限公司,,
C1102121721003306452,11-吻（缝）合器及附件,02-开放手术用吻（缝）合器 及附件,12-皮肤吻合器,172-吻合器类,10-不区分,033-不可吸收钉,172111,皮肤吻合器,无锡市神康医疗器械设备有限公司,,
C1102121721003306586,11-吻（缝）合器及附件,02-开放手术用吻（缝）合器 及附件,12-皮肤吻合器,172-吻合器类,10-不区分,033-不可吸收钉,172111,皮肤吻合器,兰州海结瑞医疗科技有限公司,,
C1102121721003306618,11-吻（缝）合器及附件,02-开放手术用吻（缝）合器 及附件,12-皮肤吻合器,172-吻合器类,10-不区分,033-不可吸收钉,172111,皮肤吻合器,江苏健瑞宝医疗科技股份有限公司,,
C1102121721003306823,11-吻（缝）合器及附件,02-开放手术用吻（缝）合器 及附件,12-皮肤吻合器,172-吻合器类,10-不区分,033-不可吸收钉,172111,皮肤吻合器,柯惠医疗器材国际贸易（上海）有 限公司,,
C1102121721003306855,11-吻（缝）合器及附件,02-开放手术用吻（缝）合器 及附件,12-皮肤吻合器,172-吻合器类,10-不区分,033-不可吸收钉,172111,皮肤吻合器,山东威瑞外科医用制品有限公司,,
C1102121721003306894,11-吻（缝）合器及附件,02-开放手术用吻（缝）合器 及附件,12-皮肤吻合器,172-吻合器类,10-不区分,033-不可吸收钉,172111,皮肤吻合器,南京迈迪欣医疗器械有限公司,,
C1102121721003307013,11-吻（缝）合器及附件,02-开放手术用吻（缝）合器 及附件,12-皮肤吻合器,172-吻合器类,10-不区分,033-不可吸收钉,172111,皮肤吻合器,无锡市舒康医疗器械有限公司,,
C1102121721003307030,11-吻（缝）合器及附件,02-开放手术用吻（缝）合器 及附件,12-皮肤吻合器,172-吻合器类,10-不区分,033-不可吸收钉,172111,皮肤吻合器,江苏凯尔特医疗科技有限公司,,
C1102121721003307079,11-吻（缝）合器及附件,02-开放手术用吻（缝）合器 及附件,12-皮肤吻合器,172-吻合器类,10-不区分,033-不可吸收钉,172111,皮肤吻合器,常州同创医疗器械科技有限公司,,
C1102121721003307185,11-吻（缝）合器及附件,02-开放手术用吻（缝）合器 及附件,12-皮肤吻合器,172-吻合器类,10-不区分,033-不可吸收钉,172111,皮肤吻合器,常州伊沃特医疗器械有限公司,,
C1102121721003307197,11-吻（缝）合器及附件,02-开放手术用吻（缝）合器 及附件,12-皮肤吻合器,172-吻合器类,10-不区分,033-不可吸收钉,172111,皮肤吻合器,常州海尔斯医疗器械科技有限公司,,
C1102121721003307284,11-吻（缝）合器及附件,02-开放手术用吻（缝）合器 及附件,12-皮肤吻合器,172-吻合器类,10-不区分,033-不可吸收钉,172111,皮肤吻合器,微至（苏州）医疗科技有限公司,,
C1102121721003307341,11-吻（缝）合器及附件,02-开放手术用吻（缝）合器 及附件,12-皮肤吻合器,172-吻合器类,10-不区分,033-不可吸收钉,172111,皮肤吻合器,无锡博康医疗器械有限公司,,
C1102121721003307722,11-吻（缝）合器及附件,02-开放手术用吻（缝）合器 及附件,12-皮肤吻合器,172-吻合器类,10-不区分,033-不可吸收钉,172111,皮肤吻合器,常州瑞索斯医疗设备有限公司,,
C1102121721003308019,11-吻（缝）合器及附件,02-开放手术用吻（缝）合器 及附件,12-皮肤吻合器,172-吻合器类,10-不区分,033-不可吸收钉,172111,皮肤吻合器,江苏瑞普医疗器械科技有限公司,,
C1102121721003308284,11-吻（缝）合器及附件,02-开放手术用吻（缝）合器 及附件,12-皮肤吻合器,172-吻合器类,10-不区分,033-不可吸收钉,172111,皮肤吻合器,泰州市恩良医疗器械设备厂,,
C1102121721003308414,11-吻（缝）合器及附件,02-开放手术用吻（缝）合器 及附件,12-皮肤吻合器,172-吻合器类,10-不区分,033-不可吸收钉,172111,皮肤吻合器,北京派尔特医疗科技股份有限公司,,
C1102121721003308455,11-吻（缝）合器及附件,02-开放手术用吻（缝）合器 及附件,12-皮肤吻合器,172-吻合器类,10-不区分,033-不可吸收钉,172111,皮肤吻合器,泰利福医疗器械商贸（上海）有限 公司,,
C1102121721003308471,11-吻（缝）合器及附件,02-开放手术用吻（缝）合器 及附件,12-皮肤吻合器,172-吻合器类,10-不区分,033-不可吸收钉,172111,皮肤吻合器,江苏明朗医疗器械科技有限公司,,
C1102121721003308861,11-吻（缝）合器及附件,02-开放手术用吻（缝）合器 及附件,12-皮肤吻合器,172-吻合器类,10-不区分,033-不可吸收钉,172111,皮肤吻合器,马尼（北京）贸易有限公司,,
C1102121721003308889,11-吻（缝）合器及附件,02-开放手术用吻（缝）合器 及附件,12-皮肤吻合器,172-吻合器类,10-不区分,033-不可吸收钉,172111,皮肤吻合器,湖南康呈医疗科技有限公司,,
C1102121721003309051,11-吻（缝）合器及附件,02-开放手术用吻（缝）合器 及附件,12-皮肤吻合器,172-吻合器类,10-不区分,033-不可吸收钉,172111,皮肤吻合器,江苏冠创医疗科技有限公司,,
C1102121721003309071,11-吻（缝）合器及附件,02-开放手术用吻（缝）合器 及附件,12-皮肤吻合器,172-吻合器类,10-不区分,033-不可吸收钉,172111,皮肤吻合器,江苏泓正医疗科技有限公司,,
C1102121721003309098,11-吻（缝）合器及附件,02-开放手术用吻（缝）合器 及附件,12-皮肤吻合器,172-吻合器类,10-不区分,033-不可吸收钉,172111,皮肤吻合器,强生（上海）医疗器材有限公司,,
C1102121721003309704,11-吻（缝）合器及附件,02-开放手术用吻（缝）合器 及附件,12-皮肤吻合器,172-吻合器类,10-不区分,033-不可吸收钉,172111,皮肤吻合器,宁波市爱达维电器有限公司,,
C1102121721003309709,11-吻（缝）合器及附件,02-开放手术用吻（缝）合器 及附件,12-皮肤吻合器,172-吻合器类,10-不区分,033-不可吸收钉,172111,皮肤吻合器,常州市海达医疗器械有限公司,,
C1102121721003309820,11-吻（缝）合器及附件,02-开放手术用吻（缝）合器 及附件,12-皮肤吻合器,172-吻合器类,10-不区分,033-不可吸收钉,172111,皮肤吻合器,常州市智业医疗仪器研究所有限公 司,,
C1102121721003309869,11-吻（缝）合器及附件,02-开放手术用吻（缝）合器 及附件,12-皮肤吻合器,172-吻合器类,10-不区分,033-不可吸收钉,172111,皮肤吻合器,江苏芸众医疗科技有限公司,,
C1102121721003310084,11-吻（缝）合器及附件,02-开放手术用吻（缝）合器 及附件,12-皮肤吻合器,172-吻合器类,10-不区分,033-不可吸收钉,172111,皮肤吻合器,宁波海泰科迈医疗器械有限公司,,
C1102121721003310088,11-吻（缝）合器及附件,02-开放手术用吻（缝）合器 及附件,12-皮肤吻合器,172-吻合器类,10-不区分,033-不可吸收钉,172111,皮肤吻合器,青岛中惠圣熙生物工程有限公司,,
C1102121721003310203,11-吻（缝）合器及附件,02-开放手术用吻（缝）合器 及附件,12-皮肤吻合器,172-吻合器类,10-不区分,033-不可吸收钉,172111,皮肤吻合器,普瑞德医疗器械科技江苏有限公司,,
C1102121721003310420,11-吻（缝）合器及附件,02-开放手术用吻（缝）合器 及附件,12-皮肤吻合器,172-吻合器类,10-不区分,033-不可吸收钉,172111,皮肤吻合器,常州市康迪医用吻合器有限公司,,
C1102121721003310498,11-吻（缝）合器及附件,02-开放手术用吻（缝）合器 及附件,12-皮肤吻合器,172-吻合器类,10-不区分,033-不可吸收钉,172111,皮肤吻合器,康美林弗泰克（北京）医疗器械有 限公司,,
C1102121721003310700,11-吻（缝）合器及附件,02-开放手术用吻（缝）合器 及附件,12-皮肤吻合器,172-吻合器类,10-不区分,033-不可吸收钉,172111,皮肤吻合器,常州奥尔医疗器械有限公司,,
C1102121721003310705,11-吻（缝）合器及附件,02-开放手术用吻（缝）合器 及附件,12-皮肤吻合器,172-吻合器类,10-不区分,033-不可吸收钉,172111,皮肤吻合器,河南盛华医疗器械有限公司,,
C1102121721003311155,11-吻（缝）合器及附件,02-开放手术用吻（缝）合器 及附件,12-皮肤吻合器,172-吻合器类,10-不区分,033-不可吸收钉,172111,皮肤吻合器,欣瑞德（江苏）医疗科技有限公司,,
C1102121721003311178,11-吻（缝）合器及附件,02-开放手术用吻（缝）合器 及附件,12-皮肤吻合器,172-吻合器类,10-不区分,033-不可吸收钉,172111,皮肤吻合器,北京普润医疗器械有限公司,,
C1102121721003311432,11-吻（缝）合器及附件,02-开放手术用吻（缝）合器 及附件,12-皮肤吻合器,172-吻合器类,10-不区分,033-不可吸收钉,172111,皮肤吻合器,江苏康赛医疗器械科技有限公司,,
C1102121721003311490,11-吻（缝）合器及附件,02-开放手术用吻（缝）合器 及附件,12-皮肤吻合器,172-吻合器类,10-不区分,033-不可吸收钉,172111,皮肤吻合器,山东海迪科医用制品有限公司,,
C1102121721003311492,11-吻（缝）合器及附件,02-开放手术用吻（缝）合器 及附件,12-皮肤吻合器,172-吻合器类,10-不区分,033-不可吸收钉,172111,皮肤吻合器,江苏柯汇医疗科技有限公司,,
C1102121721003311552,11-吻（缝）合器及附件,02-开放手术用吻（缝）合器 及附件,12-皮肤吻合器,172-吻合器类,10-不区分,033-不可吸收钉,172111,皮肤吻合器,重庆德川医疗器械有限公司,,
C1102121721003311673,11-吻（缝）合器及附件,02-开放手术用吻（缝）合器 及附件,12-皮肤吻合器,172-吻合器类,10-不区分,033-不可吸收钉,172111,皮肤吻合器,扬州中桓医疗科技有限公司,,
C1102121721003311713,11-吻（缝）合器及附件,02-开放手术用吻（缝）合器 及附件,12-皮肤吻合器,172-吻合器类,10-不区分,033-不可吸收钉,172111,皮肤吻合器,南京竹海生物科技有限公司,,
C1102121721003311860,11-吻（缝）合器及附件,02-开放手术用吻（缝）合器 及附件,12-皮肤吻合器,172-吻合器类,10-不区分,033-不可吸收钉,172111,皮肤吻合器,邦尼医疗科技（常州）有限公司,,
C1102121721003312130,11-吻（缝）合器及附件,02-开放手术用吻（缝）合器 及附件,12-皮肤吻合器,172-吻合器类,10-不区分,033-不可吸收钉,172111,皮肤吻合器,江苏万事兴生物科技有限公司,,
C1102121721003312239,11-吻（缝）合器及附件,02-开放手术用吻（缝）合器 及附件,12-皮肤吻合器,172-吻合器类,10-不区分,033-不可吸收钉,172111,皮肤吻合器,泰州优合医疗科技有限公司,,
C1102121721003312276,11-吻（缝）合器及附件,02-开放手术用吻（缝）合器 及附件,12-皮肤吻合器,172-吻合器类,10-不区分,033-不可吸收钉,172111,皮肤吻合器,镁格生物科技（江苏）有限公司,,
C1102121721003312524,11-吻（缝）合器及附件,02-开放手术用吻（缝）合器 及附件,12-皮肤吻合器,172-吻合器类,10-不区分,033-不可吸收钉,172111,皮肤吻合器,陕西华鹏医疗器械有限公司,,
C1102121721003312643,11-吻（缝）合器及附件,02-开放手术用吻（缝）合器 及附件,12-皮肤吻合器,172-吻合器类,10-不区分,033-不可吸收钉,172111,皮肤吻合器,江苏瑞晟医疗器械有限公司,,
C1102121721003312680,11-吻（缝）合器及附件,02-开放手术用吻（缝）合器 及附件,12-皮肤吻合器,172-吻合器类,10-不区分,033-不可吸收钉,172111,皮肤吻合器,江苏宝多利亚医疗科技有限公司,,
C1102121721003313655,11-吻（缝）合器及附件,02-开放手术用吻（缝）合器 及附件,12-皮肤吻合器,172-吻合器类,10-不区分,033-不可吸收钉,172111,皮肤吻合器,山西康迈德医疗器械有限公司,,
C1102121721003313748,11-吻（缝）合器及附件,02-开放手术用吻（缝）合器 及附件,12-皮肤吻合器,172-吻合器类,10-不区分,033-不可吸收钉,172111,皮肤吻合器,江苏乾康医疗器械有限公司,,
C1102121721003313781,11-吻（缝）合器及附件,02-开放手术用吻（缝）合器 及附件,12-皮肤吻合器,172-吻合器类,10-不区分,033-不可吸收钉,172111,皮肤吻合器,常州市三润医疗器械科技有限公司,,
C1102121721003315965,11-吻（缝）合器及附件,02-开放手术用吻（缝）合器 及附件,12-皮肤吻合器,172-吻合器类,10-不区分,033-不可吸收钉,172111,皮肤吻合器,江苏柏联医疗科技有限公司,,
C1102121721003316022,11-吻（缝）合器及附件,02-开放手术用吻（缝）合器 及附件,12-皮肤吻合器,172-吻合器类,10-不区分,033-不可吸收钉,172111,皮肤吻合器,江苏京品医疗科技有限公司,,
C1102121721003316882,11-吻（缝）合器及附件,02-开放手术用吻（缝）合器 及附件,12-皮肤吻合器,172-吻合器类,10-不区分,033-不可吸收钉,172111,皮肤吻合器,长沙乐普外科医疗器械有限公司,,
C1102121721003319595,11-吻（缝）合器及附件,02-开放手术用吻（缝）合器 及附件,12-皮肤吻合器,172-吻合器类,10-不区分,033-不可吸收钉,172111,皮肤吻合器,厦门星火微光医疗器械制造有限公 司,,
C1102121721003319620,11-吻（缝）合器及附件,02-开放手术用吻（缝）合器 及附件,12-皮肤吻合器,172-吻合器类,10-不区分,033-不可吸收钉,172111,皮肤吻合器,江苏岑康医疗科技有限公司,,
C1102121721003319946,11-吻（缝）合器及附件,02-开放手术用吻（缝）合器 及附件,12-皮肤吻合器,172-吻合器类,10-不区分,033-不可吸收钉,172111,皮肤吻合器,苏州科曼医疗器械有限公司,,
C1102121721003323434,11-吻（缝）合器及附件,02-开放手术用吻（缝）合器 及附件,12-皮肤吻合器,172-吻合器类,10-不区分,033-不可吸收钉,172111,皮肤吻合器,江苏芙肽生物科技有限公司,,
C1102121721003324126,11-吻（缝）合器及附件,02-开放手术用吻（缝）合器 及附件,12-皮肤吻合器,172-吻合器类,10-不区分,033-不可吸收钉,172111,皮肤吻合器,厦门万木春医疗器械有限公司,,
C1102121721003325147,11-吻（缝）合器及附件,02-开放手术用吻（缝）合器 及附件,12-皮肤吻合器,172-吻合器类,10-不区分,033-不可吸收钉,172111,皮肤吻合器,格利纳（青岛）医疗器械有限公司,,
C1102131731000005107,11-吻（缝）合器及附件,02-开放手术用吻（缝）合器 及附件,13-肛肠吻合器钉仓（钉匣）,173-吻合器适配钉 仓类,10-不区分,000--,173104,肛肠吻合器钉仓（钉匣）,常州市新能源吻合器总厂有限公司,,
C1102131731000007722,11-吻（缝）合器及附件,02-开放手术用吻（缝）合器 及附件,13-肛肠吻合器钉仓（钉匣）,173-吻合器适配钉 仓类,10-不区分,000--,173104,肛肠吻合器钉仓（钉匣）,常州瑞索斯医疗设备有限公司,,
C1102131731000009820,11-吻（缝）合器及附件,02-开放手术用吻（缝）合器 及附件,13-肛肠吻合器钉仓（钉匣）,173-吻合器适配钉 仓类,10-不区分,000--,173104,肛肠吻合器钉仓（钉匣）,常州市智业医疗仪器研究所有限公 司,,
C1102151721000000013,11-吻（缝）合器及附件,02-开放手术用吻（缝）合器 及附件,15-包皮切割吻合器,172-吻合器类,10-不区分,000--,172112,包皮切割吻合器,常州安康医疗器械有限公司,,
C1102151721000000411,11-吻（缝）合器及附件,02-开放手术用吻（缝）合器 及附件,15-包皮切割吻合器,172-吻合器类,10-不区分,000--,172112,包皮切割吻合器,江苏博瑞斯医疗器械有限公司,,
C1102151721000000653,11-吻（缝）合器及附件,02-开放手术用吻（缝）合器 及附件,15-包皮切割吻合器,172-吻合器类,10-不区分,000--,172112,包皮切割吻合器,武汉蓝普医品有限公司,,
C1102151721000000977,11-吻（缝）合器及附件,02-开放手术用吻（缝）合器 及附件,15-包皮切割吻合器,172-吻合器类,10-不区分,000--,172112,包皮切割吻合器,施爱德（厦门）医疗器材有限公司,,
C1102151721000001209,11-吻（缝）合器及附件,02-开放手术用吻（缝）合器 及附件,15-包皮切割吻合器,172-吻合器类,10-不区分,000--,172112,包皮切割吻合器,重庆爱众医疗器械有限公司,,
C1102151721000001321,11-吻（缝）合器及附件,02-开放手术用吻（缝）合器 及附件,15-包皮切割吻合器,172-吻合器类,10-不区分,000--,172112,包皮切割吻合器,江苏华夏医疗器械有限公司,,
C1102151721000001561,11-吻（缝）合器及附件,02-开放手术用吻（缝）合器 及附件,15-包皮切割吻合器,172-吻合器类,10-不区分,000--,172112,包皮切割吻合器,常州海豚医疗科技有限公司,,
C1102151721000001564,11-吻（缝）合器及附件,02-开放手术用吻（缝）合器 及附件,15-包皮切割吻合器,172-吻合器类,10-不区分,000--,172112,包皮切割吻合器,江苏三联星海医疗器械有限公司,,
C1102151721000001610,11-吻（缝）合器及附件,02-开放手术用吻（缝）合器 及附件,15-包皮切割吻合器,172-吻合器类,10-不区分,000--,172112,包皮切割吻合器,常州知博医疗器械有限公司,,
C1102151721000001933,11-吻（缝）合器及附件,02-开放手术用吻（缝）合器 及附件,15-包皮切割吻合器,172-吻合器类,10-不区分,000--,172112,包皮切割吻合器,安徽国泰国瑞医疗科技有限公司,,
C1102151721000001959,11-吻（缝）合器及附件,02-开放手术用吻（缝）合器 及附件,15-包皮切割吻合器,172-吻合器类,10-不区分,000--,172112,包皮切割吻合器,江苏博朗森思医疗器械有限公司,,
C1102151721000002176,11-吻（缝）合器及附件,02-开放手术用吻（缝）合器 及附件,15-包皮切割吻合器,172-吻合器类,10-不区分,000--,172112,包皮切割吻合器,无锡东峰怡和科技发展有限公司,,
C1102151721000002228,11-吻（缝）合器及附件,02-开放手术用吻（缝）合器 及附件,15-包皮切割吻合器,172-吻合器类,10-不区分,000--,172112,包皮切割吻合器,常州科峰医疗科技有限公司,,
C1102151721000002275,11-吻（缝）合器及附件,02-开放手术用吻（缝）合器 及附件,15-包皮切割吻合器,172-吻合器类,10-不区分,000--,172112,包皮切割吻合器,江苏特普优微创医疗科技有限公司,,
C1102151721000002326,11-吻（缝）合器及附件,02-开放手术用吻（缝）合器 及附件,15-包皮切割吻合器,172-吻合器类,10-不区分,000--,172112,包皮切割吻合器,常州创捷微创医疗器械有限公司,,
C1102151721000002412,11-吻（缝）合器及附件,02-开放手术用吻（缝）合器 及附件,15-包皮切割吻合器,172-吻合器类,10-不区分,000--,172112,包皮切割吻合器,常州生物医学工程有限公司,,
C1102151721000002486,11-吻（缝）合器及附件,02-开放手术用吻（缝）合器 及附件,15-包皮切割吻合器,172-吻合器类,10-不区分,000--,172112,包皮切割吻合器,河南省驼人医疗科技有限公司,,
C1102151721000002494,11-吻（缝）合器及附件,02-开放手术用吻（缝）合器 及附件,15-包皮切割吻合器,172-吻合器类,10-不区分,000--,172112,包皮切割吻合器,北京天助畅运医疗技术股份有限公 司,,
C1102151721000002573,11-吻（缝）合器及附件,02-开放手术用吻（缝）合器 及附件,15-包皮切割吻合器,172-吻合器类,10-不区分,000--,172112,包皮切割吻合器,普瑞斯星（常州）医疗器械有限公 司,,
C1102151721000002600,11-吻（缝）合器及附件,02-开放手术用吻（缝）合器 及附件,15-包皮切割吻合器,172-吻合器类,10-不区分,000--,172112,包皮切割吻合器,重庆西山科技股份有限公司,,
C1102151721000002601,11-吻（缝）合器及附件,02-开放手术用吻（缝）合器 及附件,15-包皮切割吻合器,172-吻合器类,10-不区分,000--,172112,包皮切割吻合器,常州洛克曼医疗器械有限公司,,
C1102151721000002707,11-吻（缝）合器及附件,02-开放手术用吻（缝）合器 及附件,15-包皮切割吻合器,172-吻合器类,10-不区分,000--,172112,包皮切割吻合器,常州安克医疗科技有限公司,,
C1102151721000002776,11-吻（缝）合器及附件,02-开放手术用吻（缝）合器 及附件,15-包皮切割吻合器,172-吻合器类,10-不区分,000--,172112,包皮切割吻合器,江苏钱璟医疗器械有限公司,,
C1102151721000002842,11-吻（缝）合器及附件,02-开放手术用吻（缝）合器 及附件,15-包皮切割吻合器,172-吻合器类,10-不区分,000--,172112,包皮切割吻合器,江苏瑞安贝医疗器械有限公司,,
C1102151721000003052,11-吻（缝）合器及附件,02-开放手术用吻（缝）合器 及附件,15-包皮切割吻合器,172-吻合器类,10-不区分,000--,172112,包皮切割吻合器,杭州申科医疗器械有限公司,,
C1102151721000003068,11-吻（缝）合器及附件,02-开放手术用吻（缝）合器 及附件,15-包皮切割吻合器,172-吻合器类,10-不区分,000--,172112,包皮切割吻合器,常熟市亨利医疗器械有限公司,,
C1102151721000003405,11-吻（缝）合器及附件,02-开放手术用吻（缝）合器 及附件,15-包皮切割吻合器,172-吻合器类,10-不区分,000--,172112,包皮切割吻合器,西安凯棣医疗器械有限责任公司,,
C1102151721000003444,11-吻（缝）合器及附件,02-开放手术用吻（缝）合器 及附件,15-包皮切割吻合器,172-吻合器类,10-不区分,000--,172112,包皮切割吻合器,苏州华美医疗器械有限公司,,
C1102151721000003549,11-吻（缝）合器及附件,02-开放手术用吻（缝）合器 及附件,15-包皮切割吻合器,172-吻合器类,10-不区分,000--,172112,包皮切割吻合器,芜湖圣大医疗器械技术股份有限公 司,,
C1102151721000003585,11-吻（缝）合器及附件,02-开放手术用吻（缝）合器 及附件,15-包皮切割吻合器,172-吻合器类,10-不区分,000--,172112,包皮切割吻合器,常州市微凯医疗科技有限公司,,
C1102151721000003800,11-吻（缝）合器及附件,02-开放手术用吻（缝）合器 及附件,15-包皮切割吻合器,172-吻合器类,10-不区分,000--,172112,包皮切割吻合器,河北诺盛科创生物科技有限公司,,
C1102151721000004021,11-吻（缝）合器及附件,02-开放手术用吻（缝）合器 及附件,15-包皮切割吻合器,172-吻合器类,10-不区分,000--,172112,包皮切割吻合器,无锡市瑞源普斯医疗器械有限公司,,
C1102151721000004172,11-吻（缝）合器及附件,02-开放手术用吻（缝）合器 及附件,15-包皮切割吻合器,172-吻合器类,10-不区分,000--,172112,包皮切割吻合器,兰州西脉记忆合金股份有限公司,,
C1102151721000004220,11-吻（缝）合器及附件,02-开放手术用吻（缝）合器 及附件,15-包皮切割吻合器,172-吻合器类,10-不区分,000--,172112,包皮切割吻合器,东莞市正生瑞生物医学科技有限公 司,,
C1102151721000004500,11-吻（缝）合器及附件,02-开放手术用吻（缝）合器 及附件,15-包皮切割吻合器,172-吻合器类,10-不区分,000--,172112,包皮切割吻合器,湖北博康医药科技有限公司,,
C1102151721000004638,11-吻（缝）合器及附件,02-开放手术用吻（缝）合器 及附件,15-包皮切割吻合器,172-吻合器类,10-不区分,000--,172112,包皮切割吻合器,常州威克医疗器械有限公司,,
C1102151721000004653,11-吻（缝）合器及附件,02-开放手术用吻（缝）合器 及附件,15-包皮切割吻合器,172-吻合器类,10-不区分,000--,172112,包皮切割吻合器,江西罡龙医疗器械有限公司,,
C1102151721000004690,11-吻（缝）合器及附件,02-开放手术用吻（缝）合器 及附件,15-包皮切割吻合器,172-吻合器类,10-不区分,000--,172112,包皮切割吻合器,常州纳森医疗器械有限公司,,
C1102151721000005033,11-吻（缝）合器及附件,02-开放手术用吻（缝）合器 及附件,15-包皮切割吻合器,172-吻合器类,10-不区分,000--,172112,包皮切割吻合器,广州熙福医疗器材有限公司,,
C1102151721000005107,11-吻（缝）合器及附件,02-开放手术用吻（缝）合器 及附件,15-包皮切割吻合器,172-吻合器类,10-不区分,000--,172112,包皮切割吻合器,常州市新能源吻合器总厂有限公司,,
C1102151721000005342,11-吻（缝）合器及附件,02-开放手术用吻（缝）合器 及附件,15-包皮切割吻合器,172-吻合器类,10-不区分,000--,172112,包皮切割吻合器,河南省昊德康医疗器械有限责任公 司,,
C1102151721000005587,11-吻（缝）合器及附件,02-开放手术用吻（缝）合器 及附件,15-包皮切割吻合器,172-吻合器类,10-不区分,000--,172112,包皮切割吻合器,武汉君安友联医疗科技有限责任公 司,,
C1102151721000005792,11-吻（缝）合器及附件,02-开放手术用吻（缝）合器 及附件,15-包皮切割吻合器,172-吻合器类,10-不区分,000--,172112,包皮切割吻合器,威海美迪森医疗器械股份有限公司,,
C1102151721000005842,11-吻（缝）合器及附件,02-开放手术用吻（缝）合器 及附件,15-包皮切割吻合器,172-吻合器类,10-不区分,000--,172112,包皮切割吻合器,苏州郎和医疗器械科技有限公司,,
C1102151721000006345,11-吻（缝）合器及附件,02-开放手术用吻（缝）合器 及附件,15-包皮切割吻合器,172-吻合器类,10-不区分,000--,172112,包皮切割吻合器,河南立科达医疗用品科技有限公司,,
C1102151721000006352,11-吻（缝）合器及附件,02-开放手术用吻（缝）合器 及附件,15-包皮切割吻合器,172-吻合器类,10-不区分,000--,172112,包皮切割吻合器,江苏通达医疗器械有限公司,,
C1102151721000006410,11-吻（缝）合器及附件,02-开放手术用吻（缝）合器 及附件,15-包皮切割吻合器,172-吻合器类,10-不区分,000--,172112,包皮切割吻合器,常州华森医疗器械股份有限公司,,
C1102151721000006415,11-吻（缝）合器及附件,02-开放手术用吻（缝）合器 及附件,15-包皮切割吻合器,172-吻合器类,10-不区分,000--,172112,包皮切割吻合器,江苏美佳康生物科技有限公司,,
C1102151721000006452,11-吻（缝）合器及附件,02-开放手术用吻（缝）合器 及附件,15-包皮切割吻合器,172-吻合器类,10-不区分,000--,172112,包皮切割吻合器,无锡市神康医疗器械设备有限公司,,
C1102151721000006694,11-吻（缝）合器及附件,02-开放手术用吻（缝）合器 及附件,15-包皮切割吻合器,172-吻合器类,10-不区分,000--,172112,包皮切割吻合器,上海宏图医疗器械有限公司,,
C1102151721000006759,11-吻（缝）合器及附件,02-开放手术用吻（缝）合器 及附件,15-包皮切割吻合器,172-吻合器类,10-不区分,000--,172112,包皮切割吻合器,宁波维尔凯迪医疗器械有限公司,,
C1102151721000006842,11-吻（缝）合器及附件,02-开放手术用吻（缝）合器 及附件,15-包皮切割吻合器,172-吻合器类,10-不区分,000--,172112,包皮切割吻合器,微尔创（武汉）医疗科技有限公司,,
C1102151721000006913,11-吻（缝）合器及附件,02-开放手术用吻（缝）合器 及附件,15-包皮切割吻合器,172-吻合器类,10-不区分,000--,172112,包皮切割吻合器,常州市康蒂娜医疗科技有限公司,,
C1102151721000007013,11-吻（缝）合器及附件,02-开放手术用吻（缝）合器 及附件,15-包皮切割吻合器,172-吻合器类,10-不区分,000--,172112,包皮切割吻合器,无锡市舒康医疗器械有限公司,,
C1102151721000007030,11-吻（缝）合器及附件,02-开放手术用吻（缝）合器 及附件,15-包皮切割吻合器,172-吻合器类,10-不区分,000--,172112,包皮切割吻合器,江苏凯尔特医疗科技有限公司,,
C1102151721000007079,11-吻（缝）合器及附件,02-开放手术用吻（缝）合器 及附件,15-包皮切割吻合器,172-吻合器类,10-不区分,000--,172112,包皮切割吻合器,常州同创医疗器械科技有限公司,,
C1102151721000007158,11-吻（缝）合器及附件,02-开放手术用吻（缝）合器 及附件,15-包皮切割吻合器,172-吻合器类,10-不区分,000--,172112,包皮切割吻合器,武汉市迅舒科技有限公司,,
C1102151721000007197,11-吻（缝）合器及附件,02-开放手术用吻（缝）合器 及附件,15-包皮切割吻合器,172-吻合器类,10-不区分,000--,172112,包皮切割吻合器,常州海尔斯医疗器械科技有限公司,,
C1102151721000007279,11-吻（缝）合器及附件,02-开放手术用吻（缝）合器 及附件,15-包皮切割吻合器,172-吻合器类,10-不区分,000--,172112,包皮切割吻合器,成都爱力泰医疗器械有限公司,,
C1102151721000007366,11-吻（缝）合器及附件,02-开放手术用吻（缝）合器 及附件,15-包皮切割吻合器,172-吻合器类,10-不区分,000--,172112,包皮切割吻合器,南昌爱博医疗器械有限公司,,
C1102151721000007404,11-吻（缝）合器及附件,02-开放手术用吻（缝）合器 及附件,15-包皮切割吻合器,172-吻合器类,10-不区分,000--,172112,包皮切割吻合器,爱而康医疗（浙江）有限公司,,
C1102151721000007429,11-吻（缝）合器及附件,02-开放手术用吻（缝）合器 及附件,15-包皮切割吻合器,172-吻合器类,10-不区分,000--,172112,包皮切割吻合器,天臣国际医疗科技股份有限公司,,
C1102151721000007470,11-吻（缝）合器及附件,02-开放手术用吻（缝）合器 及附件,15-包皮切割吻合器,172-吻合器类,10-不区分,000--,172112,包皮切割吻合器,江西狼和医疗器械有限公司,,
C1102151721000007507,11-吻（缝）合器及附件,02-开放手术用吻（缝）合器 及附件,15-包皮切割吻合器,172-吻合器类,10-不区分,000--,172112,包皮切割吻合器,北京博辉瑞进生物科技有限公司,,
C1102151721000007655,11-吻（缝）合器及附件,02-开放手术用吻（缝）合器 及附件,15-包皮切割吻合器,172-吻合器类,10-不区分,000--,172112,包皮切割吻合器,湖南瑞邦医疗科技发展有限公司,,
C1102151721000007805,11-吻（缝）合器及附件,02-开放手术用吻（缝）合器 及附件,15-包皮切割吻合器,172-吻合器类,10-不区分,000--,172112,包皮切割吻合器,湖南豌豆医疗用品有限公司,,
C1102151721000008019,11-吻（缝）合器及附件,02-开放手术用吻（缝）合器 及附件,15-包皮切割吻合器,172-吻合器类,10-不区分,000--,172112,包皮切割吻合器,江苏瑞普医疗器械科技有限公司,,
C1102151721000008101,11-吻（缝）合器及附件,02-开放手术用吻（缝）合器 及附件,15-包皮切割吻合器,172-吻合器类,10-不区分,000--,172112,包皮切割吻合器,江苏弘爱医疗科技有限公司,,
C1102151721000008284,11-吻（缝）合器及附件,02-开放手术用吻（缝）合器 及附件,15-包皮切割吻合器,172-吻合器类,10-不区分,000--,172112,包皮切割吻合器,泰州市恩良医疗器械设备厂,,
C1102151721000008340,11-吻（缝）合器及附件,02-开放手术用吻（缝）合器 及附件,15-包皮切割吻合器,172-吻合器类,10-不区分,000--,172112,包皮切割吻合器,振德医疗用品股份有限公司,,
C1102151721000008367,11-吻（缝）合器及附件,02-开放手术用吻（缝）合器 及附件,15-包皮切割吻合器,172-吻合器类,10-不区分,000--,172112,包皮切割吻合器,宜春善德科技有限公司,,
C1102151721000008414,11-吻（缝）合器及附件,02-开放手术用吻（缝）合器 及附件,15-包皮切割吻合器,172-吻合器类,10-不区分,000--,172112,包皮切割吻合器,北京派尔特医疗科技股份有限公司,,
C1102151721000008471,11-吻（缝）合器及附件,02-开放手术用吻（缝）合器 及附件,15-包皮切割吻合器,172-吻合器类,10-不区分,000--,172112,包皮切割吻合器,江苏明朗医疗器械科技有限公司,,
C1102151721000008486,11-吻（缝）合器及附件,02-开放手术用吻（缝）合器 及附件,15-包皮切割吻合器,172-吻合器类,10-不区分,000--,172112,包皮切割吻合器,浙江格宜医疗器械有限公司,,
C1102151721000008552,11-吻（缝）合器及附件,02-开放手术用吻（缝）合器 及附件,15-包皮切割吻合器,172-吻合器类,10-不区分,000--,172112,包皮切割吻合器,稳健平安医疗科技（湖南）有限公 司,,
C1102151721000008840,11-吻（缝）合器及附件,02-开放手术用吻（缝）合器 及附件,15-包皮切割吻合器,172-吻合器类,10-不区分,000--,172112,包皮切割吻合器,广州耀远实业有限公司,,
C1102151721000008889,11-吻（缝）合器及附件,02-开放手术用吻（缝）合器 及附件,15-包皮切割吻合器,172-吻合器类,10-不区分,000--,172112,包皮切割吻合器,湖南康呈医疗科技有限公司,,
C1102151721000009051,11-吻（缝）合器及附件,02-开放手术用吻（缝）合器 及附件,15-包皮切割吻合器,172-吻合器类,10-不区分,000--,172112,包皮切割吻合器,江苏冠创医疗科技有限公司,,
C1102151721000009071,11-吻（缝）合器及附件,02-开放手术用吻（缝）合器 及附件,15-包皮切割吻合器,172-吻合器类,10-不区分,000--,172112,包皮切割吻合器,江苏泓正医疗科技有限公司,,
C1102151721000009408,11-吻（缝）合器及附件,02-开放手术用吻（缝）合器 及附件,15-包皮切割吻合器,172-吻合器类,10-不区分,000--,172112,包皮切割吻合器,武汉正午阳光医药生物科技有限公 司,,
C1102151721000009628,11-吻（缝）合器及附件,02-开放手术用吻（缝）合器 及附件,15-包皮切割吻合器,172-吻合器类,10-不区分,000--,172112,包皮切割吻合器,西安汇智医疗集团有限公司,,
C1102151721000009709,11-吻（缝）合器及附件,02-开放手术用吻（缝）合器 及附件,15-包皮切割吻合器,172-吻合器类,10-不区分,000--,172112,包皮切割吻合器,常州市海达医疗器械有限公司,,
C1102151721000009869,11-吻（缝）合器及附件,02-开放手术用吻（缝）合器 及附件,15-包皮切割吻合器,172-吻合器类,10-不区分,000--,172112,包皮切割吻合器,江苏芸众医疗科技有限公司,,
C1102151721000009949,11-吻（缝）合器及附件,02-开放手术用吻（缝）合器 及附件,15-包皮切割吻合器,172-吻合器类,10-不区分,000--,172112,包皮切割吻合器,广州德脉医疗器械有限公司,,
C1102151721000010026,11-吻（缝）合器及附件,02-开放手术用吻（缝）合器 及附件,15-包皮切割吻合器,172-吻合器类,10-不区分,000--,172112,包皮切割吻合器,苏州维尔蒙医疗器械有限公司,,
C1102151721000010088,11-吻（缝）合器及附件,02-开放手术用吻（缝）合器 及附件,15-包皮切割吻合器,172-吻合器类,10-不区分,000--,172112,包皮切割吻合器,青岛中惠圣熙生物工程有限公司,,
C1102151721000010158,11-吻（缝）合器及附件,02-开放手术用吻（缝）合器 及附件,15-包皮切割吻合器,172-吻合器类,10-不区分,000--,172112,包皮切割吻合器,山东朱氏药业集团有限公司,,
C1102151721000010203,11-吻（缝）合器及附件,02-开放手术用吻（缝）合器 及附件,15-包皮切割吻合器,172-吻合器类,10-不区分,000--,172112,包皮切割吻合器,普瑞德医疗器械科技江苏有限公司,,
C1102151721000010236,11-吻（缝）合器及附件,02-开放手术用吻（缝）合器 及附件,15-包皮切割吻合器,172-吻合器类,10-不区分,000--,172112,包皮切割吻合器,湖南三瑞生物科技有限责任公司,,
C1102151721000010334,11-吻（缝）合器及附件,02-开放手术用吻（缝）合器 及附件,15-包皮切割吻合器,172-吻合器类,10-不区分,000--,172112,包皮切割吻合器,珠海拓爱医疗科技有限公司,,
C1102151721000010583,11-吻（缝）合器及附件,02-开放手术用吻（缝）合器 及附件,15-包皮切割吻合器,172-吻合器类,10-不区分,000--,172112,包皮切割吻合器,湖北保泰生物科技有限公司,,
C1102151721000010705,11-吻（缝）合器及附件,02-开放手术用吻（缝）合器 及附件,15-包皮切割吻合器,172-吻合器类,10-不区分,000--,172112,包皮切割吻合器,河南盛华医疗器械有限公司,,
C1102151721000011070,11-吻（缝）合器及附件,02-开放手术用吻（缝）合器 及附件,15-包皮切割吻合器,172-吻合器类,10-不区分,000--,172112,包皮切割吻合器,桐庐洲济医疗器械有限公司,,
C1102151721000011079,11-吻（缝）合器及附件,02-开放手术用吻（缝）合器 及附件,15-包皮切割吻合器,172-吻合器类,10-不区分,000--,172112,包皮切割吻合器,常州杰瑞尔医疗器械有限公司,,
C1102151721000011155,11-吻（缝）合器及附件,02-开放手术用吻（缝）合器 及附件,15-包皮切割吻合器,172-吻合器类,10-不区分,000--,172112,包皮切割吻合器,欣瑞德（江苏）医疗科技有限公司,,
C1102151721000011432,11-吻（缝）合器及附件,02-开放手术用吻（缝）合器 及附件,15-包皮切割吻合器,172-吻合器类,10-不区分,000--,172112,包皮切割吻合器,江苏康赛医疗器械科技有限公司,,
C1102151721000011490,11-吻（缝）合器及附件,02-开放手术用吻（缝）合器 及附件,15-包皮切割吻合器,172-吻合器类,10-不区分,000--,172112,包皮切割吻合器,山东海迪科医用制品有限公司,,
C1102151721000011492,11-吻（缝）合器及附件,02-开放手术用吻（缝）合器 及附件,15-包皮切割吻合器,172-吻合器类,10-不区分,000--,172112,包皮切割吻合器,江苏柯汇医疗科技有限公司,,
C1102151721000011552,11-吻（缝）合器及附件,02-开放手术用吻（缝）合器 及附件,15-包皮切割吻合器,172-吻合器类,10-不区分,000--,172112,包皮切割吻合器,重庆德川医疗器械有限公司,,
C1102151721000011594,11-吻（缝）合器及附件,02-开放手术用吻（缝）合器 及附件,15-包皮切割吻合器,172-吻合器类,10-不区分,000--,172112,包皮切割吻合器,河北卫崭医疗科技有限公司,,
C1102151721000011673,11-吻（缝）合器及附件,02-开放手术用吻（缝）合器 及附件,15-包皮切割吻合器,172-吻合器类,10-不区分,000--,172112,包皮切割吻合器,扬州中桓医疗科技有限公司,,
C1102151721000011713,11-吻（缝）合器及附件,02-开放手术用吻（缝）合器 及附件,15-包皮切割吻合器,172-吻合器类,10-不区分,000--,172112,包皮切割吻合器,南京竹海生物科技有限公司,,
C1102151721000011721,11-吻（缝）合器及附件,02-开放手术用吻（缝）合器 及附件,15-包皮切割吻合器,172-吻合器类,10-不区分,000--,172112,包皮切割吻合器,四川双陆医疗器械有限公司,,
C1102151721000011797,11-吻（缝）合器及附件,02-开放手术用吻（缝）合器 及附件,15-包皮切割吻合器,172-吻合器类,10-不区分,000--,172112,包皮切割吻合器,江西国康实业有限公司,,
C1102151721000011809,11-吻（缝）合器及附件,02-开放手术用吻（缝）合器 及附件,15-包皮切割吻合器,172-吻合器类,10-不区分,000--,172112,包皮切割吻合器,湖南思捷泰克医疗科技有限公司,,
C1102151721000011859,11-吻（缝）合器及附件,02-开放手术用吻（缝）合器 及附件,15-包皮切割吻合器,172-吻合器类,10-不区分,000--,172112,包皮切割吻合器,常州伟普医疗器械有限公司,,
C1102151721000011860,11-吻（缝）合器及附件,02-开放手术用吻（缝）合器 及附件,15-包皮切割吻合器,172-吻合器类,10-不区分,000--,172112,包皮切割吻合器,邦尼医疗科技（常州）有限公司,,
C1102151721000011953,11-吻（缝）合器及附件,02-开放手术用吻（缝）合器 及附件,15-包皮切割吻合器,172-吻合器类,10-不区分,000--,172112,包皮切割吻合器,康晴（江苏）医疗科技有限公司,,
C1102151721000012037,11-吻（缝）合器及附件,02-开放手术用吻（缝）合器 及附件,15-包皮切割吻合器,172-吻合器类,10-不区分,000--,172112,包皮切割吻合器,浙江医高医疗科技有限公司,,
C1102151721000012276,11-吻（缝）合器及附件,02-开放手术用吻（缝）合器 及附件,15-包皮切割吻合器,172-吻合器类,10-不区分,000--,172112,包皮切割吻合器,镁格生物科技（江苏）有限公司,,
C1102151721000012320,11-吻（缝）合器及附件,02-开放手术用吻（缝）合器 及附件,15-包皮切割吻合器,172-吻合器类,10-不区分,000--,172112,包皮切割吻合器,常州哈福医疗器械有限公司,,
C1102151721000012643,11-吻（缝）合器及附件,02-开放手术用吻（缝）合器 及附件,15-包皮切割吻合器,172-吻合器类,10-不区分,000--,172112,包皮切割吻合器,江苏瑞晟医疗器械有限公司,,
C1102151721000012680,11-吻（缝）合器及附件,02-开放手术用吻（缝）合器 及附件,15-包皮切割吻合器,172-吻合器类,10-不区分,000--,172112,包皮切割吻合器,江苏宝多利亚医疗科技有限公司,,
C1102151721000013369,11-吻（缝）合器及附件,02-开放手术用吻（缝）合器 及附件,15-包皮切割吻合器,172-吻合器类,10-不区分,000--,172112,包皮切割吻合器,佑成（杭州）医疗器械有限公司,,
C1102151721000013748,11-吻（缝）合器及附件,02-开放手术用吻（缝）合器 及附件,15-包皮切割吻合器,172-吻合器类,10-不区分,000--,172112,包皮切割吻合器,江苏乾康医疗器械有限公司,,
C1102151721000013781,11-吻（缝）合器及附件,02-开放手术用吻（缝）合器 及附件,15-包皮切割吻合器,172-吻合器类,10-不区分,000--,172112,包皮切割吻合器,常州市三润医疗器械科技有限公司,,
C1102151721000013792,11-吻（缝）合器及附件,02-开放手术用吻（缝）合器 及附件,15-包皮切割吻合器,172-吻合器类,10-不区分,000--,172112,包皮切割吻合器,海南维力医疗科技开发有限公司,,
C1102151721000013822,11-吻（缝）合器及附件,02-开放手术用吻（缝）合器 及附件,15-包皮切割吻合器,172-吻合器类,10-不区分,000--,172112,包皮切割吻合器,江西聚彪医疗器械有限责任公司,,
C1102151721000013869,11-吻（缝）合器及附件,02-开放手术用吻（缝）合器 及附件,15-包皮切割吻合器,172-吻合器类,10-不区分,000--,172112,包皮切割吻合器,温州冠美医疗科技有限公司,,
C1102151721000013944,11-吻（缝）合器及附件,02-开放手术用吻（缝）合器 及附件,15-包皮切割吻合器,172-吻合器类,10-不区分,000--,172112,包皮切割吻合器,泰州艾贝医疗科技有限公司,,
C1102151721000014250,11-吻（缝）合器及附件,02-开放手术用吻（缝）合器 及附件,15-包皮切割吻合器,172-吻合器类,10-不区分,000--,172112,包皮切割吻合器,江苏诚普医疗器械有限公司,,
C1102151721000014419,11-吻（缝）合器及附件,02-开放手术用吻（缝）合器 及附件,15-包皮切割吻合器,172-吻合器类,10-不区分,000--,172112,包皮切割吻合器,江西汉普医疗科技有限公司,,
C1102151721000015743,11-吻（缝）合器及附件,02-开放手术用吻（缝）合器 及附件,15-包皮切割吻合器,172-吻合器类,10-不区分,000--,172112,包皮切割吻合器,施爱德（长沙）医疗器材有限公司,,
C1102151721000015909,11-吻（缝）合器及附件,02-开放手术用吻（缝）合器 及附件,15-包皮切割吻合器,172-吻合器类,10-不区分,000--,172112,包皮切割吻合器,威海华迈医疗器械科技有限公司,,
C1102151721000015920,11-吻（缝）合器及附件,02-开放手术用吻（缝）合器 及附件,15-包皮切割吻合器,172-吻合器类,10-不区分,000--,172112,包皮切割吻合器,深圳福能医疗科技有限公司,,
C1102151721000015965,11-吻（缝）合器及附件,02-开放手术用吻（缝）合器 及附件,15-包皮切割吻合器,172-吻合器类,10-不区分,000--,172112,包皮切割吻合器,江苏柏联医疗科技有限公司,,
C1102151721000016022,11-吻（缝）合器及附件,02-开放手术用吻（缝）合器 及附件,15-包皮切割吻合器,172-吻合器类,10-不区分,000--,172112,包皮切割吻合器,江苏京品医疗科技有限公司,,
C1102151721000016026,11-吻（缝）合器及附件,02-开放手术用吻（缝）合器 及附件,15-包皮切割吻合器,172-吻合器类,10-不区分,000--,172112,包皮切割吻合器,小迈医学科技（山东）有限公司,,
C1102151721000017133,11-吻（缝）合器及附件,02-开放手术用吻（缝）合器 及附件,15-包皮切割吻合器,172-吻合器类,10-不区分,000--,172112,包皮切割吻合器,力可束（浙江）医疗科技有限公司,,
C1102151721000017173,11-吻（缝）合器及附件,02-开放手术用吻（缝）合器 及附件,15-包皮切割吻合器,172-吻合器类,10-不区分,000--,172112,包皮切割吻合器,长沙汇顶医疗科技有限责任公司,,
C1102151721000017344,11-吻（缝）合器及附件,02-开放手术用吻（缝）合器 及附件,15-包皮切割吻合器,172-吻合器类,10-不区分,000--,172112,包皮切割吻合器,福建善慈乐生物科技有限公司,,
C1102151721000017533,11-吻（缝）合器及附件,02-开放手术用吻（缝）合器 及附件,15-包皮切割吻合器,172-吻合器类,10-不区分,000--,172112,包皮切割吻合器,金灵医疗科技（常州）有限公司,,
C1102151721000017657,11-吻（缝）合器及附件,02-开放手术用吻（缝）合器 及附件,15-包皮切割吻合器,172-吻合器类,10-不区分,000--,172112,包皮切割吻合器,苏州越众生物科技有限公司,,
C1102151721000017734,11-吻（缝）合器及附件,02-开放手术用吻（缝）合器 及附件,15-包皮切割吻合器,172-吻合器类,10-不区分,000--,172112,包皮切割吻合器,江苏安欣医疗科技有限公司,,
C1102151721000018062,11-吻（缝）合器及附件,02-开放手术用吻（缝）合器 及附件,15-包皮切割吻合器,172-吻合器类,10-不区分,000--,172112,包皮切割吻合器,常州瑞迈医疗科技有限公司,,
C1102151721000018336,11-吻（缝）合器及附件,02-开放手术用吻（缝）合器 及附件,15-包皮切割吻合器,172-吻合器类,10-不区分,000--,172112,包皮切割吻合器,江西平海医疗器械有限公司,,
C1102151721000019507,11-吻（缝）合器及附件,02-开放手术用吻（缝）合器 及附件,15-包皮切割吻合器,172-吻合器类,10-不区分,000--,172112,包皮切割吻合器,安徽徕康医疗器械有限公司,,
C1102151721000020250,11-吻（缝）合器及附件,02-开放手术用吻（缝）合器 及附件,15-包皮切割吻合器,172-吻合器类,10-不区分,000--,172112,包皮切割吻合器,河南威尔森医疗器械有限公司,,
C1102151721000020643,11-吻（缝）合器及附件,02-开放手术用吻（缝）合器 及附件,15-包皮切割吻合器,172-吻合器类,10-不区分,000--,172112,包皮切割吻合器,河南久益科技有限公司,,
C1102151721000023056,11-吻（缝）合器及附件,02-开放手术用吻（缝）合器 及附件,15-包皮切割吻合器,172-吻合器类,10-不区分,000--,172112,包皮切割吻合器,重庆翊为生物科技有限公司,,
C1102151721000024944,11-吻（缝）合器及附件,02-开放手术用吻（缝）合器 及附件,15-包皮切割吻合器,172-吻合器类,10-不区分,000--,172112,包皮切割吻合器,重庆普深医疗器械有限公司,,
C1103011771003401564,11-吻（缝）合器及附件,03-其他吻合器及附件,01-其他吻合器及附件,177-吻合器附件类,10-不区分,034-拆钉器,177001,拆钉器,江苏三联星海医疗器械有限公司,,
C1103011771003402326,11-吻（缝）合器及附件,03-其他吻合器及附件,01-其他吻合器及附件,177-吻合器附件类,10-不区分,034-拆钉器,177001,拆钉器,常州创捷微创医疗器械有限公司,,
C1103011771003402486,11-吻（缝）合器及附件,03-其他吻合器及附件,01-其他吻合器及附件,177-吻合器附件类,10-不区分,034-拆钉器,177001,拆钉器,河南省驼人医疗科技有限公司,,
C1103011771003402601,11-吻（缝）合器及附件,03-其他吻合器及附件,01-其他吻合器及附件,177-吻合器附件类,10-不区分,034-拆钉器,177001,拆钉器,常州洛克曼医疗器械有限公司,,
C1103011771003402707,11-吻（缝）合器及附件,03-其他吻合器及附件,01-其他吻合器及附件,177-吻合器附件类,10-不区分,034-拆钉器,177001,拆钉器,常州安克医疗科技有限公司,,
C1103011771003403338,11-吻（缝）合器及附件,03-其他吻合器及附件,01-其他吻合器及附件,177-吻合器附件类,10-不区分,034-拆钉器,177001,拆钉器,中山瑞福医疗器械科技有限公司,,
C1103011771003403370,11-吻（缝）合器及附件,03-其他吻合器及附件,01-其他吻合器及附件,177-吻合器附件类,10-不区分,034-拆钉器,177001,拆钉器,泰戈斯医疗器械（江苏）有限公司,,
C1103011771003403405,11-吻（缝）合器及附件,03-其他吻合器及附件,01-其他吻合器及附件,177-吻合器附件类,10-不区分,034-拆钉器,177001,拆钉器,西安凯棣医疗器械有限责任公司,,
C1103011771003404021,11-吻（缝）合器及附件,03-其他吻合器及附件,01-其他吻合器及附件,177-吻合器附件类,10-不区分,034-拆钉器,177001,拆钉器,无锡市瑞源普斯医疗器械有限公司,,
C1103011771003404638,11-吻（缝）合器及附件,03-其他吻合器及附件,01-其他吻合器及附件,177-吻合器附件类,10-不区分,034-拆钉器,177001,拆钉器,常州威克医疗器械有限公司,,
C1103011771003405585,11-吻（缝）合器及附件,03-其他吻合器及附件,01-其他吻合器及附件,177-吻合器附件类,10-不区分,034-拆钉器,177001,拆钉器,扬州富达医疗器械有限公司,,
C1103011771003406224,11-吻（缝）合器及附件,03-其他吻合器及附件,01-其他吻合器及附件,177-吻合器附件类,10-不区分,034-拆钉器,177001,拆钉器,江苏风和医疗器材股份有限公司,,
C1103011771003406352,11-吻（缝）合器及附件,03-其他吻合器及附件,01-其他吻合器及附件,177-吻合器附件类,10-不区分,034-拆钉器,177001,拆钉器,江苏通达医疗器械有限公司,,
C1103011771003406618,11-吻（缝）合器及附件,03-其他吻合器及附件,01-其他吻合器及附件,177-吻合器附件类,10-不区分,034-拆钉器,177001,拆钉器,江苏健瑞宝医疗科技股份有限公司,,
C1103011771003406823,11-吻（缝）合器及附件,03-其他吻合器及附件,01-其他吻合器及附件,177-吻合器附件类,10-不区分,034-拆钉器,177001,拆钉器,柯惠医疗器材国际贸易（上海）有 限公司,,
C1103011771003406855,11-吻（缝）合器及附件,03-其他吻合器及附件,01-其他吻合器及附件,177-吻合器附件类,10-不区分,034-拆钉器,177001,拆钉器,山东威瑞外科医用制品有限公司,,
C1103011771003407079,11-吻（缝）合器及附件,03-其他吻合器及附件,01-其他吻合器及附件,177-吻合器附件类,10-不区分,034-拆钉器,177001,拆钉器,常州同创医疗器械科技有限公司,,
C1103011771003407341,11-吻（缝）合器及附件,03-其他吻合器及附件,01-其他吻合器及附件,177-吻合器附件类,10-不区分,034-拆钉器,177001,拆钉器,无锡博康医疗器械有限公司,,
C1103011771003408019,11-吻（缝）合器及附件,03-其他吻合器及附件,01-其他吻合器及附件,177-吻合器附件类,10-不区分,034-拆钉器,177001,拆钉器,江苏瑞普医疗器械科技有限公司,,
C1103011771003408284,11-吻（缝）合器及附件,03-其他吻合器及附件,01-其他吻合器及附件,177-吻合器附件类,10-不区分,034-拆钉器,177001,拆钉器,泰州市恩良医疗器械设备厂,,
C1103011771003408455,11-吻（缝）合器及附件,03-其他吻合器及附件,01-其他吻合器及附件,177-吻合器附件类,10-不区分,034-拆钉器,177001,拆钉器,泰利福医疗器械商贸（上海）有限 公司,,
C1103011771003409071,11-吻（缝）合器及附件,03-其他吻合器及附件,01-其他吻合器及附件,177-吻合器附件类,10-不区分,034-拆钉器,177001,拆钉器,江苏泓正医疗科技有限公司,,
C1103011771003409098,11-吻（缝）合器及附件,03-其他吻合器及附件,01-其他吻合器及附件,177-吻合器附件类,10-不区分,034-拆钉器,177001,拆钉器,强生（上海）医疗器材有限公司,,
C1103011771003410498,11-吻（缝）合器及附件,03-其他吻合器及附件,01-其他吻合器及附件,177-吻合器附件类,10-不区分,034-拆钉器,177001,拆钉器,康美林弗泰克（北京）医疗器械有 限公司,,
C1103011771003411492,11-吻（缝）合器及附件,03-其他吻合器及附件,01-其他吻合器及附件,177-吻合器附件类,10-不区分,034-拆钉器,177001,拆钉器,江苏柯汇医疗科技有限公司,,
C1103011771003412276,11-吻（缝）合器及附件,03-其他吻合器及附件,01-其他吻合器及附件,177-吻合器附件类,10-不区分,034-拆钉器,177001,拆钉器,镁格生物科技（江苏）有限公司,,
C1103011771003412643,11-吻（缝）合器及附件,03-其他吻合器及附件,01-其他吻合器及附件,177-吻合器附件类,10-不区分,034-拆钉器,177001,拆钉器,江苏瑞晟医疗器械有限公司,,
C1103011771003413944,11-吻（缝）合器及附件,03-其他吻合器及附件,01-其他吻合器及附件,177-吻合器附件类,10-不区分,034-拆钉器,177001,拆钉器,泰州艾贝医疗科技有限公司,,
C1103011771003423605,11-吻（缝）合器及附件,03-其他吻合器及附件,01-其他吻合器及附件,177-吻合器附件类,10-不区分,034-拆钉器,177001,拆钉器,海南栗栗生医疗科技有限公司,,
C1103011771003425147,11-吻（缝）合器及附件,03-其他吻合器及附件,01-其他吻合器及附件,177-吻合器附件类,10-不区分,034-拆钉器,177001,拆钉器,格利纳（青岛）医疗器械有限公司,,
